Copyright 1986-2022 Xilinx, Inc. All Rights Reserved. Copyright 2022-2023 Advanced Micro Devices, Inc. All Rights Reserved.
---------------------------------------------------------------------------------------------------------------------------------------------------------------------------------------------------------------------------------------------
| Tool Version : Vivado v.2023.2 (win64) Build 4029153 Fri Oct 13 20:14:34 MDT 2023
| Date         : Wed May 13 11:13:02 2026
| Host         : DESKTOP-O1S0IG8 running 64-bit major release  (build 9200)
| Command      : report_timing_summary -max_paths 10 -report_unconstrained -file lcd_colorbar_top_timing_summary_routed.rpt -pb lcd_colorbar_top_timing_summary_routed.pb -rpx lcd_colorbar_top_timing_summary_routed.rpx -warn_on_violation
| Design       : lcd_colorbar_top
| Device       : 7z020-clg484
| Speed File   : -1  PRODUCTION 1.12 2019-11-22
| Design State : Routed
---------------------------------------------------------------------------------------------------------------------------------------------------------------------------------------------------------------------------------------------

Timing Summary Report

------------------------------------------------------------------------------------------------
| Timer Settings
| --------------
------------------------------------------------------------------------------------------------

  Enable Multi Corner Analysis               :  Yes
  Enable Pessimism Removal                   :  Yes
  Pessimism Removal Resolution               :  Nearest Common Node
  Enable Input Delay Default Clock           :  No
  Enable Preset / Clear Arcs                 :  No
  Disable Flight Delays                      :  No
  Ignore I/O Paths                           :  No
  Timing Early Launch at Borrowing Latches   :  No
  Borrow Time for Max Delay Exceptions       :  Yes
  Merge Timing Exceptions                    :  Yes
  Inter-SLR Compensation                     :  Conservative

  Corner  Analyze    Analyze    
  Name    Max Paths  Min Paths  
  ------  ---------  ---------  
  Slow    Yes        Yes        
  Fast    Yes        Yes        


------------------------------------------------------------------------------------------------
| Report Methodology
| ------------------
------------------------------------------------------------------------------------------------

Rule     Severity  Description                   Violations  
-------  --------  ----------------------------  ----------  
LUTAR-1  Warning   LUT drives async reset alert  1           

Note: This report is based on the most recent report_methodology run and may not be up-to-date. Run report_methodology on the current design for the latest report.



check_timing report

Table of Contents
-----------------
1. checking no_clock (0)
2. checking constant_clock (0)
3. checking pulse_width_clock (0)
4. checking unconstrained_internal_endpoints (0)
5. checking no_input_delay (3)
6. checking no_output_delay (27)
7. checking multiple_clock (0)
8. checking generated_clocks (0)
9. checking loops (0)
10. checking partial_input_delay (0)
11. checking partial_output_delay (0)
12. checking latch_loops (0)

1. checking no_clock (0)
------------------------
 There are 0 register/latch pins with no clock.


2. checking constant_clock (0)
------------------------------
 There are 0 register/latch pins with constant_clock.


3. checking pulse_width_clock (0)
---------------------------------
 There are 0 register/latch pins which need pulse_width check


4. checking unconstrained_internal_endpoints (0)
------------------------------------------------
 There are 0 pins that are not constrained for maximum delay.

 There are 0 pins that are not constrained for maximum delay due to constant clock.


5. checking no_input_delay (3)
------------------------------
 There are 3 input ports with no input delay specified. (HIGH)

 There are 0 input ports with no input delay but user has a false path constraint.


6. checking no_output_delay (27)
--------------------------------
 There are 27 ports with no output delay specified. (HIGH)

 There are 0 ports with no output delay but user has a false path constraint

 There are 0 ports with no output delay but with a timing clock defined on it or propagating through it


7. checking multiple_clock (0)
------------------------------
 There are 0 register/latch pins with multiple clocks.


8. checking generated_clocks (0)
--------------------------------
 There are 0 generated clocks that are not connected to a clock source.


9. checking loops (0)
---------------------
 There are 0 combinational loops in the design.


10. checking partial_input_delay (0)
------------------------------------
 There are 0 input ports with partial input delay specified.


11. checking partial_output_delay (0)
-------------------------------------
 There are 0 ports with partial output delay specified.


12. checking latch_loops (0)
----------------------------
 There are 0 combinational latch loops in the design through latch input



------------------------------------------------------------------------------------------------
| Design Timing Summary
| ---------------------
------------------------------------------------------------------------------------------------

    WNS(ns)      TNS(ns)  TNS Failing Endpoints  TNS Total Endpoints      WHS(ns)      THS(ns)  THS Failing Endpoints  THS Total Endpoints     WPWS(ns)     TPWS(ns)  TPWS Failing Endpoints  TPWS Total Endpoints  
    -------      -------  ---------------------  -------------------      -------      -------  ---------------------  -------------------     --------     --------  ----------------------  --------------------  
      5.139        0.000                      0                   84        0.143        0.000                      0                   84        3.000        0.000                       0                    70  


All user specified timing constraints are met.


------------------------------------------------------------------------------------------------
| Clock Summary
| -------------
------------------------------------------------------------------------------------------------

Clock                 Waveform(ns)       Period(ns)      Frequency(MHz)
-----                 ------------       ----------      --------------
sys_clk               {0.000 5.000}      10.000          100.000         
  clk_out1_clk_wiz_0  {0.000 15.152}     30.303          33.000          
  clkfbout_clk_wiz_0  {0.000 20.000}     40.000          25.000          


------------------------------------------------------------------------------------------------
| Intra Clock Table
| -----------------
------------------------------------------------------------------------------------------------

Clock                     WNS(ns)      TNS(ns)  TNS Failing Endpoints  TNS Total Endpoints      WHS(ns)      THS(ns)  THS Failing Endpoints  THS Total Endpoints     WPWS(ns)     TPWS(ns)  TPWS Failing Endpoints  TPWS Total Endpoints  
-----                     -------      -------  ---------------------  -------------------      -------      -------  ---------------------  -------------------     --------     --------  ----------------------  --------------------  
sys_clk                                                                                                                                                                 3.000        0.000                       0                     1  
  clk_out1_clk_wiz_0        5.139        0.000                      0                   84        0.143        0.000                      0                   84       14.652        0.000                       0                    66  
  clkfbout_clk_wiz_0                                                                                                                                                   12.633        0.000                       0                     3  


------------------------------------------------------------------------------------------------
| Inter Clock Table
| -----------------
------------------------------------------------------------------------------------------------

From Clock    To Clock          WNS(ns)      TNS(ns)  TNS Failing Endpoints  TNS Total Endpoints      WHS(ns)      THS(ns)  THS Failing Endpoints  THS Total Endpoints  
----------    --------          -------      -------  ---------------------  -------------------      -------      -------  ---------------------  -------------------  


------------------------------------------------------------------------------------------------
| Other Path Groups Table
| -----------------------
------------------------------------------------------------------------------------------------

Path Group    From Clock    To Clock          WNS(ns)      TNS(ns)  TNS Failing Endpoints  TNS Total Endpoints      WHS(ns)      THS(ns)  THS Failing Endpoints  THS Total Endpoints  
----------    ----------    --------          -------      -------  ---------------------  -------------------      -------      -------  ---------------------  -------------------  


------------------------------------------------------------------------------------------------
| User Ignored Path Table
| -----------------------
------------------------------------------------------------------------------------------------

Path Group    From Clock    To Clock    
----------    ----------    --------    


------------------------------------------------------------------------------------------------
| Unconstrained Path Table
| ------------------------
------------------------------------------------------------------------------------------------

Path Group          From Clock          To Clock          
----------          ----------          --------          
(none)              clk_out1_clk_wiz_0                      
(none)              clkfbout_clk_wiz_0                      
(none)                                  clk_out1_clk_wiz_0  


------------------------------------------------------------------------------------------------
| Timing Details
| --------------
------------------------------------------------------------------------------------------------


---------------------------------------------------------------------------------------------------
From Clock:  sys_clk
  To Clock:  sys_clk

Setup :           NA  Failing Endpoints,  Worst Slack           NA  ,  Total Violation           NA
Hold  :           NA  Failing Endpoints,  Worst Slack           NA  ,  Total Violation           NA
PW    :            0  Failing Endpoints,  Worst Slack        3.000ns,  Total Violation        0.000ns
---------------------------------------------------------------------------------------------------


Pulse Width Checks
--------------------------------------------------------------------------------------
Clock Name:         sys_clk
Waveform(ns):       { 0.000 5.000 }
Period(ns):         10.000
Sources:            { sys_clk }

Check Type        Corner  Lib Pin           Reference Pin  Required(ns)  Actual(ns)  Slack(ns)  Location        Pin
Min Period        n/a     PLLE2_ADV/CLKIN1  n/a            1.249         10.000      8.751      PLLE2_ADV_X0Y0  clk_wiz_inst/inst/plle2_adv_inst/CLKIN1
Max Period        n/a     PLLE2_ADV/CLKIN1  n/a            52.633        10.000      42.633     PLLE2_ADV_X0Y0  clk_wiz_inst/inst/plle2_adv_inst/CLKIN1
Low Pulse Width   Slow    PLLE2_ADV/CLKIN1  n/a            2.000         5.000       3.000      PLLE2_ADV_X0Y0  clk_wiz_inst/inst/plle2_adv_inst/CLKIN1
Low Pulse Width   Fast    PLLE2_ADV/CLKIN1  n/a            2.000         5.000       3.000      PLLE2_ADV_X0Y0  clk_wiz_inst/inst/plle2_adv_inst/CLKIN1
High Pulse Width  Slow    PLLE2_ADV/CLKIN1  n/a            2.000         5.000       3.000      PLLE2_ADV_X0Y0  clk_wiz_inst/inst/plle2_adv_inst/CLKIN1
High Pulse Width  Fast    PLLE2_ADV/CLKIN1  n/a            2.000         5.000       3.000      PLLE2_ADV_X0Y0  clk_wiz_inst/inst/plle2_adv_inst/CLKIN1



---------------------------------------------------------------------------------------------------
From Clock:  clk_out1_clk_wiz_0
  To Clock:  clk_out1_clk_wiz_0

Setup :            0  Failing Endpoints,  Worst Slack        5.139ns,  Total Violation        0.000ns
Hold  :            0  Failing Endpoints,  Worst Slack        0.143ns,  Total Violation        0.000ns
PW    :            0  Failing Endpoints,  Worst Slack       14.652ns,  Total Violation        0.000ns
---------------------------------------------------------------------------------------------------


Max Delay Paths
--------------------------------------------------------------------------------------
Slack (MET) :             5.139ns  (required time - arrival time)
  Source:                 cnt_h_reg[7]/C
                            (rising edge-triggered cell FDCE clocked by clk_out1_clk_wiz_0  {rise@0.000ns fall@15.152ns period=30.303ns})
  Destination:            pix_data_reg[6]/D
                            (rising edge-triggered cell FDRE clocked by clk_out1_clk_wiz_0  {rise@0.000ns fall@15.152ns period=30.303ns})
  Path Group:             clk_out1_clk_wiz_0
  Path Type:              Setup (Max at Slow Process Corner)
  Requirement:            30.303ns  (clk_out1_clk_wiz_0 rise@30.303ns - clk_out1_clk_wiz_0 rise@0.000ns)
  Data Path Delay:        25.026ns  (logic 10.050ns (40.157%)  route 14.976ns (59.843%))
  Logic Levels:           32  (CARRY4=17 LUT2=2 LUT3=3 LUT4=2 LUT6=8)
  Clock Path Skew:        -0.048ns (DCD - SCD + CPR)
    Destination Clock Delay (DCD):    -1.986ns = ( 28.317 - 30.303 ) 
    Source Clock Delay      (SCD):    -2.352ns
    Clock Pessimism Removal (CPR):    -0.414ns
  Clock Uncertainty:      0.170ns  ((TSJ^2 + DJ^2)^1/2) / 2 + PE
    Total System Jitter     (TSJ):    0.071ns
    Discrete Jitter          (DJ):    0.333ns
    Phase Error              (PE):    0.000ns

    Location             Delay type                Incr(ns)  Path(ns)    Netlist Resource(s)
  -------------------------------------------------------------------    -------------------
                         (clock clk_out1_clk_wiz_0 rise edge)
                                                      0.000     0.000 r  
    Y9                                                0.000     0.000 r  sys_clk (IN)
                         net (fo=0)                   0.000     0.000    clk_wiz_inst/inst/clk_in1
    Y9                   IBUF (Prop_ibuf_I_O)         1.490     1.490 r  clk_wiz_inst/inst/clkin1_ibufg/O
                         net (fo=1, routed)           1.306     2.796    clk_wiz_inst/inst/clk_in1_clk_wiz_0
    PLLE2_ADV_X0Y0       PLLE2_ADV (Prop_plle2_adv_CLKIN1_CLKOUT0)
                                                     -8.866    -6.070 r  clk_wiz_inst/inst/plle2_adv_inst/CLKOUT0
                         net (fo=1, routed)           1.849    -4.221    clk_wiz_inst/inst/clk_out1_clk_wiz_0
    BUFGCTRL_X0Y0        BUFG (Prop_bufg_I_O)         0.101    -4.120 r  clk_wiz_inst/inst/clkout1_buf/O
                         net (fo=65, routed)          1.768    -2.352    lcd_clk_OBUF
    SLICE_X100Y74        FDCE                                         r  cnt_h_reg[7]/C
  -------------------------------------------------------------------    -------------------
    SLICE_X100Y74        FDCE (Prop_fdce_C_Q)         0.518    -1.834 r  cnt_h_reg[7]/Q
                         net (fo=16, routed)          1.068    -0.766    cnt_h_reg_n_0_[7]
    SLICE_X102Y76        LUT4 (Prop_lut4_I1_O)        0.146    -0.620 r  pix_data[22]_i_14/O
                         net (fo=1, routed)           0.901     0.281    pix_data[22]_i_14_n_0
    SLICE_X102Y76        LUT6 (Prop_lut6_I1_O)        0.328     0.609 r  pix_data[22]_i_10/O
                         net (fo=17, routed)          0.805     1.414    pix_data[22]_i_10_n_0
    SLICE_X98Y78         LUT4 (Prop_lut4_I1_O)        0.124     1.538 r  pix_data[23]_i_42/O
                         net (fo=1, routed)           0.979     2.517    pix_data[23]_i_42_n_0
    SLICE_X98Y78         LUT6 (Prop_lut6_I2_O)        0.124     2.641 f  pix_data[23]_i_12/O
                         net (fo=109, routed)         0.933     3.574    h_mod0[20]
    SLICE_X94Y74         LUT2 (Prop_lut2_I1_O)        0.124     3.698 f  pix_data[6]_i_60/O
                         net (fo=61, routed)          0.855     4.553    pix_data[23]_i_184_n_0
    SLICE_X94Y74         LUT3 (Prop_lut3_I1_O)        0.124     4.677 r  pix_data[6]_i_65/O
                         net (fo=4, routed)           0.496     5.173    pix_data[6]_i_65_n_0
    SLICE_X94Y71         CARRY4 (Prop_carry4_DI[2]_CO[3])
                                                      0.404     5.577 r  pix_data_reg[6]_i_81/CO[3]
                         net (fo=1, routed)           0.000     5.577    pix_data_reg[6]_i_81_n_0
    SLICE_X94Y72         CARRY4 (Prop_carry4_CI_CO[3])
                                                      0.117     5.694 r  pix_data_reg[6]_i_62/CO[3]
                         net (fo=44, routed)          0.950     6.644    pix_data_reg[6]_i_62_n_0
    SLICE_X90Y73         CARRY4 (Prop_carry4_CYINIT_CO[3])
                                                      0.595     7.239 r  pix_data_reg[6]_i_58/CO[3]
                         net (fo=6, routed)           1.041     8.280    pix_data_reg[6]_i_58_n_0
    SLICE_X95Y76         CARRY4 (Prop_carry4_CYINIT_O[1])
                                                      0.598     8.878 r  pix_data_reg[6]_i_52/O[1]
                         net (fo=3, routed)           0.828     9.706    pix_data_reg[6]_i_52_n_6
    SLICE_X93Y78         LUT2 (Prop_lut2_I0_O)        0.303    10.009 r  pix_data[6]_i_54/O
                         net (fo=1, routed)           0.000    10.009    pix_data[6]_i_54_n_0
    SLICE_X93Y78         CARRY4 (Prop_carry4_S[1]_CO[3])
                                                      0.550    10.559 r  pix_data_reg[6]_i_25/CO[3]
                         net (fo=1, routed)           0.000    10.559    pix_data_reg[6]_i_25_n_0
    SLICE_X93Y79         CARRY4 (Prop_carry4_CI_CO[3])
                                                      0.114    10.673 r  pix_data_reg[7]_i_626/CO[3]
                         net (fo=1, routed)           0.000    10.673    pix_data_reg[7]_i_626_n_0
    SLICE_X93Y80         CARRY4 (Prop_carry4_CI_O[1])
                                                      0.334    11.007 r  pix_data_reg[7]_i_506/O[1]
                         net (fo=4, routed)           1.219    12.227    pix_data_reg[7]_i_506_n_6
    SLICE_X88Y80         LUT3 (Prop_lut3_I0_O)        0.329    12.556 r  pix_data[7]_i_627/O
                         net (fo=1, routed)           0.689    13.245    pix_data[7]_i_627_n_0
    SLICE_X92Y79         LUT6 (Prop_lut6_I5_O)        0.326    13.571 r  pix_data[7]_i_502/O
                         net (fo=1, routed)           0.000    13.571    pix_data[7]_i_502_n_0
    SLICE_X92Y79         CARRY4 (Prop_carry4_S[3]_CO[3])
                                                      0.376    13.947 r  pix_data_reg[7]_i_341/CO[3]
                         net (fo=1, routed)           0.000    13.947    pix_data_reg[7]_i_341_n_0
    SLICE_X92Y80         CARRY4 (Prop_carry4_CI_O[1])
                                                      0.323    14.270 r  pix_data_reg[7]_i_194/O[1]
                         net (fo=3, routed)           0.637    14.907    pix_data_reg[7]_i_194_n_6
    SLICE_X91Y80         CARRY4 (Prop_carry4_DI[0]_CO[3])
                                                      0.708    15.615 r  pix_data_reg[7]_i_189/CO[3]
                         net (fo=1, routed)           0.000    15.615    pix_data_reg[7]_i_189_n_0
    SLICE_X91Y81         CARRY4 (Prop_carry4_CI_O[1])
                                                      0.334    15.949 r  pix_data_reg[7]_i_91/O[1]
                         net (fo=3, routed)           0.635    16.583    pix_data_reg[7]_i_91_n_6
    SLICE_X90Y81         LUT3 (Prop_lut3_I2_O)        0.303    16.886 r  pix_data[7]_i_218/O
                         net (fo=1, routed)           0.000    16.886    pix_data[7]_i_218_n_0
    SLICE_X90Y81         CARRY4 (Prop_carry4_S[1]_CO[3])
                                                      0.533    17.419 r  pix_data_reg[7]_i_103/CO[3]
                         net (fo=1, routed)           0.000    17.419    pix_data_reg[7]_i_103_n_0
    SLICE_X90Y82         CARRY4 (Prop_carry4_CI_CO[3])
                                                      0.117    17.536 r  pix_data_reg[7]_i_54/CO[3]
                         net (fo=1, routed)           0.000    17.536    pix_data_reg[7]_i_54_n_0
    SLICE_X90Y83         CARRY4 (Prop_carry4_CI_CO[0])
                                                      0.254    17.790 f  pix_data_reg[7]_i_30/CO[0]
                         net (fo=8, routed)           0.694    18.484    pix_data_reg[7]_i_30_n_3
    SLICE_X98Y83         LUT6 (Prop_lut6_I0_O)        0.367    18.851 r  pix_data[6]_i_7/O
                         net (fo=9, routed)           0.592    19.443    pix_data[6]_i_7_n_0
    SLICE_X97Y84         LUT6 (Prop_lut6_I4_O)        0.124    19.567 r  pix_data[6]_i_9/O
                         net (fo=3, routed)           0.607    20.174    pix_data[6]_i_9_n_0
    SLICE_X98Y86         LUT6 (Prop_lut6_I4_O)        0.124    20.298 r  pix_data[7]_i_112/O
                         net (fo=1, routed)           0.414    20.712    pix_data[7]_i_112_n_0
    SLICE_X97Y86         LUT6 (Prop_lut6_I0_O)        0.124    20.836 r  pix_data[7]_i_59/O
                         net (fo=1, routed)           0.000    20.836    pix_data[7]_i_59_n_0
    SLICE_X97Y86         CARRY4 (Prop_carry4_S[1]_CO[3])
                                                      0.550    21.386 r  pix_data_reg[7]_i_31/CO[3]
                         net (fo=1, routed)           0.000    21.386    pix_data_reg[7]_i_31_n_0
    SLICE_X97Y87         CARRY4 (Prop_carry4_CI_CO[3])
                                                      0.114    21.500 r  pix_data_reg[7]_i_12/CO[3]
                         net (fo=1, routed)           0.000    21.500    pix_data_reg[7]_i_12_n_0
    SLICE_X97Y88         CARRY4 (Prop_carry4_CI_CO[2])
                                                      0.228    21.728 f  pix_data_reg[7]_i_3/CO[2]
                         net (fo=2, routed)           0.634    22.362    inside_block1
    SLICE_X100Y85        LUT6 (Prop_lut6_I3_O)        0.313    22.675 r  pix_data[6]_i_1/O
                         net (fo=1, routed)           0.000    22.675    pix_data[6]
    SLICE_X100Y85        FDRE                                         r  pix_data_reg[6]/D
  -------------------------------------------------------------------    -------------------

                         (clock clk_out1_clk_wiz_0 rise edge)
                                                     30.303    30.303 r  
    Y9                                                0.000    30.303 r  sys_clk (IN)
                         net (fo=0)                   0.000    30.303    clk_wiz_inst/inst/clk_in1
    Y9                   IBUF (Prop_ibuf_I_O)         1.420    31.723 r  clk_wiz_inst/inst/clkin1_ibufg/O
                         net (fo=1, routed)           1.181    32.904    clk_wiz_inst/inst/clk_in1_clk_wiz_0
    PLLE2_ADV_X0Y0       PLLE2_ADV (Prop_plle2_adv_CLKIN1_CLKOUT0)
                                                     -7.970    24.934 r  clk_wiz_inst/inst/plle2_adv_inst/CLKOUT0
                         net (fo=1, routed)           1.686    26.620    clk_wiz_inst/inst/clk_out1_clk_wiz_0
    BUFGCTRL_X0Y0        BUFG (Prop_bufg_I_O)         0.091    26.711 r  clk_wiz_inst/inst/clkout1_buf/O
                         net (fo=65, routed)          1.606    28.317    lcd_clk_OBUF
    SLICE_X100Y85        FDRE                                         r  pix_data_reg[6]/C
                         clock pessimism             -0.414    27.903    
                         clock uncertainty           -0.170    27.733    
    SLICE_X100Y85        FDRE (Setup_fdre_C_D)        0.081    27.814    pix_data_reg[6]
  -------------------------------------------------------------------
                         required time                         27.814    
                         arrival time                         -22.675    
  -------------------------------------------------------------------
                         slack                                  5.139    

Slack (MET) :             5.146ns  (required time - arrival time)
  Source:                 cnt_h_reg[7]/C
                            (rising edge-triggered cell FDCE clocked by clk_out1_clk_wiz_0  {rise@0.000ns fall@15.152ns period=30.303ns})
  Destination:            pix_data_reg[7]/D
                            (rising edge-triggered cell FDRE clocked by clk_out1_clk_wiz_0  {rise@0.000ns fall@15.152ns period=30.303ns})
  Path Group:             clk_out1_clk_wiz_0
  Path Type:              Setup (Max at Slow Process Corner)
  Requirement:            30.303ns  (clk_out1_clk_wiz_0 rise@30.303ns - clk_out1_clk_wiz_0 rise@0.000ns)
  Data Path Delay:        25.015ns  (logic 10.050ns (40.175%)  route 14.965ns (59.825%))
  Logic Levels:           32  (CARRY4=17 LUT2=2 LUT3=3 LUT4=2 LUT6=8)
  Clock Path Skew:        -0.048ns (DCD - SCD + CPR)
    Destination Clock Delay (DCD):    -1.986ns = ( 28.317 - 30.303 ) 
    Source Clock Delay      (SCD):    -2.352ns
    Clock Pessimism Removal (CPR):    -0.414ns
  Clock Uncertainty:      0.170ns  ((TSJ^2 + DJ^2)^1/2) / 2 + PE
    Total System Jitter     (TSJ):    0.071ns
    Discrete Jitter          (DJ):    0.333ns
    Phase Error              (PE):    0.000ns

    Location             Delay type                Incr(ns)  Path(ns)    Netlist Resource(s)
  -------------------------------------------------------------------    -------------------
                         (clock clk_out1_clk_wiz_0 rise edge)
                                                      0.000     0.000 r  
    Y9                                                0.000     0.000 r  sys_clk (IN)
                         net (fo=0)                   0.000     0.000    clk_wiz_inst/inst/clk_in1
    Y9                   IBUF (Prop_ibuf_I_O)         1.490     1.490 r  clk_wiz_inst/inst/clkin1_ibufg/O
                         net (fo=1, routed)           1.306     2.796    clk_wiz_inst/inst/clk_in1_clk_wiz_0
    PLLE2_ADV_X0Y0       PLLE2_ADV (Prop_plle2_adv_CLKIN1_CLKOUT0)
                                                     -8.866    -6.070 r  clk_wiz_inst/inst/plle2_adv_inst/CLKOUT0
                         net (fo=1, routed)           1.849    -4.221    clk_wiz_inst/inst/clk_out1_clk_wiz_0
    BUFGCTRL_X0Y0        BUFG (Prop_bufg_I_O)         0.101    -4.120 r  clk_wiz_inst/inst/clkout1_buf/O
                         net (fo=65, routed)          1.768    -2.352    lcd_clk_OBUF
    SLICE_X100Y74        FDCE                                         r  cnt_h_reg[7]/C
  -------------------------------------------------------------------    -------------------
    SLICE_X100Y74        FDCE (Prop_fdce_C_Q)         0.518    -1.834 r  cnt_h_reg[7]/Q
                         net (fo=16, routed)          1.068    -0.766    cnt_h_reg_n_0_[7]
    SLICE_X102Y76        LUT4 (Prop_lut4_I1_O)        0.146    -0.620 r  pix_data[22]_i_14/O
                         net (fo=1, routed)           0.901     0.281    pix_data[22]_i_14_n_0
    SLICE_X102Y76        LUT6 (Prop_lut6_I1_O)        0.328     0.609 r  pix_data[22]_i_10/O
                         net (fo=17, routed)          0.805     1.414    pix_data[22]_i_10_n_0
    SLICE_X98Y78         LUT4 (Prop_lut4_I1_O)        0.124     1.538 r  pix_data[23]_i_42/O
                         net (fo=1, routed)           0.979     2.517    pix_data[23]_i_42_n_0
    SLICE_X98Y78         LUT6 (Prop_lut6_I2_O)        0.124     2.641 f  pix_data[23]_i_12/O
                         net (fo=109, routed)         0.933     3.574    h_mod0[20]
    SLICE_X94Y74         LUT2 (Prop_lut2_I1_O)        0.124     3.698 f  pix_data[6]_i_60/O
                         net (fo=61, routed)          0.855     4.553    pix_data[23]_i_184_n_0
    SLICE_X94Y74         LUT3 (Prop_lut3_I1_O)        0.124     4.677 r  pix_data[6]_i_65/O
                         net (fo=4, routed)           0.496     5.173    pix_data[6]_i_65_n_0
    SLICE_X94Y71         CARRY4 (Prop_carry4_DI[2]_CO[3])
                                                      0.404     5.577 r  pix_data_reg[6]_i_81/CO[3]
                         net (fo=1, routed)           0.000     5.577    pix_data_reg[6]_i_81_n_0
    SLICE_X94Y72         CARRY4 (Prop_carry4_CI_CO[3])
                                                      0.117     5.694 r  pix_data_reg[6]_i_62/CO[3]
                         net (fo=44, routed)          0.950     6.644    pix_data_reg[6]_i_62_n_0
    SLICE_X90Y73         CARRY4 (Prop_carry4_CYINIT_CO[3])
                                                      0.595     7.239 r  pix_data_reg[6]_i_58/CO[3]
                         net (fo=6, routed)           1.041     8.280    pix_data_reg[6]_i_58_n_0
    SLICE_X95Y76         CARRY4 (Prop_carry4_CYINIT_O[1])
                                                      0.598     8.878 r  pix_data_reg[6]_i_52/O[1]
                         net (fo=3, routed)           0.828     9.706    pix_data_reg[6]_i_52_n_6
    SLICE_X93Y78         LUT2 (Prop_lut2_I0_O)        0.303    10.009 r  pix_data[6]_i_54/O
                         net (fo=1, routed)           0.000    10.009    pix_data[6]_i_54_n_0
    SLICE_X93Y78         CARRY4 (Prop_carry4_S[1]_CO[3])
                                                      0.550    10.559 r  pix_data_reg[6]_i_25/CO[3]
                         net (fo=1, routed)           0.000    10.559    pix_data_reg[6]_i_25_n_0
    SLICE_X93Y79         CARRY4 (Prop_carry4_CI_CO[3])
                                                      0.114    10.673 r  pix_data_reg[7]_i_626/CO[3]
                         net (fo=1, routed)           0.000    10.673    pix_data_reg[7]_i_626_n_0
    SLICE_X93Y80         CARRY4 (Prop_carry4_CI_O[1])
                                                      0.334    11.007 r  pix_data_reg[7]_i_506/O[1]
                         net (fo=4, routed)           1.219    12.227    pix_data_reg[7]_i_506_n_6
    SLICE_X88Y80         LUT3 (Prop_lut3_I0_O)        0.329    12.556 r  pix_data[7]_i_627/O
                         net (fo=1, routed)           0.689    13.245    pix_data[7]_i_627_n_0
    SLICE_X92Y79         LUT6 (Prop_lut6_I5_O)        0.326    13.571 r  pix_data[7]_i_502/O
                         net (fo=1, routed)           0.000    13.571    pix_data[7]_i_502_n_0
    SLICE_X92Y79         CARRY4 (Prop_carry4_S[3]_CO[3])
                                                      0.376    13.947 r  pix_data_reg[7]_i_341/CO[3]
                         net (fo=1, routed)           0.000    13.947    pix_data_reg[7]_i_341_n_0
    SLICE_X92Y80         CARRY4 (Prop_carry4_CI_O[1])
                                                      0.323    14.270 r  pix_data_reg[7]_i_194/O[1]
                         net (fo=3, routed)           0.637    14.907    pix_data_reg[7]_i_194_n_6
    SLICE_X91Y80         CARRY4 (Prop_carry4_DI[0]_CO[3])
                                                      0.708    15.615 r  pix_data_reg[7]_i_189/CO[3]
                         net (fo=1, routed)           0.000    15.615    pix_data_reg[7]_i_189_n_0
    SLICE_X91Y81         CARRY4 (Prop_carry4_CI_O[1])
                                                      0.334    15.949 r  pix_data_reg[7]_i_91/O[1]
                         net (fo=3, routed)           0.635    16.583    pix_data_reg[7]_i_91_n_6
    SLICE_X90Y81         LUT3 (Prop_lut3_I2_O)        0.303    16.886 r  pix_data[7]_i_218/O
                         net (fo=1, routed)           0.000    16.886    pix_data[7]_i_218_n_0
    SLICE_X90Y81         CARRY4 (Prop_carry4_S[1]_CO[3])
                                                      0.533    17.419 r  pix_data_reg[7]_i_103/CO[3]
                         net (fo=1, routed)           0.000    17.419    pix_data_reg[7]_i_103_n_0
    SLICE_X90Y82         CARRY4 (Prop_carry4_CI_CO[3])
                                                      0.117    17.536 r  pix_data_reg[7]_i_54/CO[3]
                         net (fo=1, routed)           0.000    17.536    pix_data_reg[7]_i_54_n_0
    SLICE_X90Y83         CARRY4 (Prop_carry4_CI_CO[0])
                                                      0.254    17.790 f  pix_data_reg[7]_i_30/CO[0]
                         net (fo=8, routed)           0.694    18.484    pix_data_reg[7]_i_30_n_3
    SLICE_X98Y83         LUT6 (Prop_lut6_I0_O)        0.367    18.851 r  pix_data[6]_i_7/O
                         net (fo=9, routed)           0.592    19.443    pix_data[6]_i_7_n_0
    SLICE_X97Y84         LUT6 (Prop_lut6_I4_O)        0.124    19.567 r  pix_data[6]_i_9/O
                         net (fo=3, routed)           0.607    20.174    pix_data[6]_i_9_n_0
    SLICE_X98Y86         LUT6 (Prop_lut6_I4_O)        0.124    20.298 r  pix_data[7]_i_112/O
                         net (fo=1, routed)           0.414    20.712    pix_data[7]_i_112_n_0
    SLICE_X97Y86         LUT6 (Prop_lut6_I0_O)        0.124    20.836 r  pix_data[7]_i_59/O
                         net (fo=1, routed)           0.000    20.836    pix_data[7]_i_59_n_0
    SLICE_X97Y86         CARRY4 (Prop_carry4_S[1]_CO[3])
                                                      0.550    21.386 r  pix_data_reg[7]_i_31/CO[3]
                         net (fo=1, routed)           0.000    21.386    pix_data_reg[7]_i_31_n_0
    SLICE_X97Y87         CARRY4 (Prop_carry4_CI_CO[3])
                                                      0.114    21.500 r  pix_data_reg[7]_i_12/CO[3]
                         net (fo=1, routed)           0.000    21.500    pix_data_reg[7]_i_12_n_0
    SLICE_X97Y88         CARRY4 (Prop_carry4_CI_CO[2])
                                                      0.228    21.728 f  pix_data_reg[7]_i_3/CO[2]
                         net (fo=2, routed)           0.623    22.351    inside_block1
    SLICE_X100Y85        LUT6 (Prop_lut6_I2_O)        0.313    22.664 r  pix_data[7]_i_1/O
                         net (fo=1, routed)           0.000    22.664    pix_data[7]
    SLICE_X100Y85        FDRE                                         r  pix_data_reg[7]/D
  -------------------------------------------------------------------    -------------------

                         (clock clk_out1_clk_wiz_0 rise edge)
                                                     30.303    30.303 r  
    Y9                                                0.000    30.303 r  sys_clk (IN)
                         net (fo=0)                   0.000    30.303    clk_wiz_inst/inst/clk_in1
    Y9                   IBUF (Prop_ibuf_I_O)         1.420    31.723 r  clk_wiz_inst/inst/clkin1_ibufg/O
                         net (fo=1, routed)           1.181    32.904    clk_wiz_inst/inst/clk_in1_clk_wiz_0
    PLLE2_ADV_X0Y0       PLLE2_ADV (Prop_plle2_adv_CLKIN1_CLKOUT0)
                                                     -7.970    24.934 r  clk_wiz_inst/inst/plle2_adv_inst/CLKOUT0
                         net (fo=1, routed)           1.686    26.620    clk_wiz_inst/inst/clk_out1_clk_wiz_0
    BUFGCTRL_X0Y0        BUFG (Prop_bufg_I_O)         0.091    26.711 r  clk_wiz_inst/inst/clkout1_buf/O
                         net (fo=65, routed)          1.606    28.317    lcd_clk_OBUF
    SLICE_X100Y85        FDRE                                         r  pix_data_reg[7]/C
                         clock pessimism             -0.414    27.903    
                         clock uncertainty           -0.170    27.733    
    SLICE_X100Y85        FDRE (Setup_fdre_C_D)        0.077    27.810    pix_data_reg[7]
  -------------------------------------------------------------------
                         required time                         27.810    
                         arrival time                         -22.664    
  -------------------------------------------------------------------
                         slack                                  5.146    

Slack (MET) :             10.297ns  (required time - arrival time)
  Source:                 cnt_h_reg[7]/C
                            (rising edge-triggered cell FDCE clocked by clk_out1_clk_wiz_0  {rise@0.000ns fall@15.152ns period=30.303ns})
  Destination:            pix_data_reg[23]/D
                            (rising edge-triggered cell FDRE clocked by clk_out1_clk_wiz_0  {rise@0.000ns fall@15.152ns period=30.303ns})
  Path Group:             clk_out1_clk_wiz_0
  Path Type:              Setup (Max at Slow Process Corner)
  Requirement:            30.303ns  (clk_out1_clk_wiz_0 rise@30.303ns - clk_out1_clk_wiz_0 rise@0.000ns)
  Data Path Delay:        19.527ns  (logic 6.278ns (32.150%)  route 13.249ns (67.850%))
  Logic Levels:           22  (CARRY4=8 LUT2=2 LUT3=2 LUT4=4 LUT5=2 LUT6=4)
  Clock Path Skew:        -0.054ns (DCD - SCD + CPR)
    Destination Clock Delay (DCD):    -1.992ns = ( 28.311 - 30.303 ) 
    Source Clock Delay      (SCD):    -2.352ns
    Clock Pessimism Removal (CPR):    -0.414ns
  Clock Uncertainty:      0.170ns  ((TSJ^2 + DJ^2)^1/2) / 2 + PE
    Total System Jitter     (TSJ):    0.071ns
    Discrete Jitter          (DJ):    0.333ns
    Phase Error              (PE):    0.000ns

    Location             Delay type                Incr(ns)  Path(ns)    Netlist Resource(s)
  -------------------------------------------------------------------    -------------------
                         (clock clk_out1_clk_wiz_0 rise edge)
                                                      0.000     0.000 r  
    Y9                                                0.000     0.000 r  sys_clk (IN)
                         net (fo=0)                   0.000     0.000    clk_wiz_inst/inst/clk_in1
    Y9                   IBUF (Prop_ibuf_I_O)         1.490     1.490 r  clk_wiz_inst/inst/clkin1_ibufg/O
                         net (fo=1, routed)           1.306     2.796    clk_wiz_inst/inst/clk_in1_clk_wiz_0
    PLLE2_ADV_X0Y0       PLLE2_ADV (Prop_plle2_adv_CLKIN1_CLKOUT0)
                                                     -8.866    -6.070 r  clk_wiz_inst/inst/plle2_adv_inst/CLKOUT0
                         net (fo=1, routed)           1.849    -4.221    clk_wiz_inst/inst/clk_out1_clk_wiz_0
    BUFGCTRL_X0Y0        BUFG (Prop_bufg_I_O)         0.101    -4.120 r  clk_wiz_inst/inst/clkout1_buf/O
                         net (fo=65, routed)          1.768    -2.352    lcd_clk_OBUF
    SLICE_X100Y74        FDCE                                         r  cnt_h_reg[7]/C
  -------------------------------------------------------------------    -------------------
    SLICE_X100Y74        FDCE (Prop_fdce_C_Q)         0.518    -1.834 r  cnt_h_reg[7]/Q
                         net (fo=16, routed)          1.068    -0.766    cnt_h_reg_n_0_[7]
    SLICE_X102Y76        LUT4 (Prop_lut4_I1_O)        0.146    -0.620 r  pix_data[22]_i_14/O
                         net (fo=1, routed)           0.901     0.281    pix_data[22]_i_14_n_0
    SLICE_X102Y76        LUT6 (Prop_lut6_I1_O)        0.328     0.609 r  pix_data[22]_i_10/O
                         net (fo=17, routed)          0.805     1.414    pix_data[22]_i_10_n_0
    SLICE_X98Y78         LUT4 (Prop_lut4_I1_O)        0.124     1.538 r  pix_data[23]_i_42/O
                         net (fo=1, routed)           0.979     2.517    pix_data[23]_i_42_n_0
    SLICE_X98Y78         LUT6 (Prop_lut6_I2_O)        0.124     2.641 f  pix_data[23]_i_12/O
                         net (fo=109, routed)         0.933     3.574    h_mod0[20]
    SLICE_X94Y74         LUT2 (Prop_lut2_I1_O)        0.124     3.698 f  pix_data[6]_i_60/O
                         net (fo=61, routed)          0.855     4.553    pix_data[23]_i_184_n_0
    SLICE_X94Y74         LUT3 (Prop_lut3_I1_O)        0.124     4.677 r  pix_data[6]_i_65/O
                         net (fo=4, routed)           0.941     5.618    pix_data[6]_i_65_n_0
    SLICE_X86Y69         CARRY4 (Prop_carry4_DI[2]_CO[3])
                                                      0.404     6.022 r  pix_data_reg[23]_i_333/CO[3]
                         net (fo=1, routed)           0.000     6.022    pix_data_reg[23]_i_333_n_0
    SLICE_X86Y70         CARRY4 (Prop_carry4_CI_CO[3])
                                                      0.117     6.139 f  pix_data_reg[23]_i_255/CO[3]
                         net (fo=44, routed)          1.340     7.479    pix_data_reg[23]_i_255_n_0
    SLICE_X85Y75         LUT5 (Prop_lut5_I4_O)        0.120     7.599 r  pix_data[23]_i_263/O
                         net (fo=2, routed)           0.422     8.021    pix_data[23]_i_263_n_0
    SLICE_X85Y75         LUT4 (Prop_lut4_I3_O)        0.327     8.348 r  pix_data[23]_i_266/O
                         net (fo=1, routed)           0.000     8.348    pix_data[23]_i_266_n_0
    SLICE_X85Y75         CARRY4 (Prop_carry4_S[3]_O[3])
                                                      0.248     8.596 r  pix_data_reg[23]_i_172/O[3]
                         net (fo=3, routed)           0.588     9.184    pix_data_reg[23]_i_172_n_4
    SLICE_X86Y75         LUT3 (Prop_lut3_I0_O)        0.306     9.490 r  pix_data[23]_i_173/O
                         net (fo=2, routed)           0.988    10.477    pix_data[23]_i_173_n_0
    SLICE_X86Y75         LUT5 (Prop_lut5_I0_O)        0.150    10.627 r  pix_data[23]_i_107/O
                         net (fo=2, routed)           0.449    11.077    pix_data[23]_i_107_n_0
    SLICE_X84Y75         LUT6 (Prop_lut6_I0_O)        0.348    11.425 r  pix_data[23]_i_111/O
                         net (fo=1, routed)           0.000    11.425    pix_data[23]_i_111_n_0
    SLICE_X84Y75         CARRY4 (Prop_carry4_S[2]_CO[3])
                                                      0.398    11.823 r  pix_data_reg[23]_i_80/CO[3]
                         net (fo=1, routed)           0.000    11.823    pix_data_reg[23]_i_80_n_0
    SLICE_X84Y76         CARRY4 (Prop_carry4_CI_O[1])
                                                      0.334    12.157 r  pix_data_reg[23]_i_64/O[1]
                         net (fo=2, routed)           0.328    12.485    pix_data_reg[23]_i_64_n_6
    SLICE_X86Y76         CARRY4 (Prop_carry4_S[0]_O[0])
                                                      0.555    13.040 r  pix_data_reg[23]_i_59/O[0]
                         net (fo=1, routed)           1.007    14.047    pix_data_reg[23]_i_59_n_7
    SLICE_X97Y75         LUT2 (Prop_lut2_I1_O)        0.295    14.342 r  pix_data[23]_i_35/O
                         net (fo=1, routed)           0.000    14.342    pix_data[23]_i_35_n_0
    SLICE_X97Y75         CARRY4 (Prop_carry4_S[3]_CO[3])
                                                      0.401    14.743 r  pix_data_reg[23]_i_9/CO[3]
                         net (fo=1, routed)           0.000    14.743    pix_data_reg[23]_i_9_n_0
    SLICE_X97Y76         CARRY4 (Prop_carry4_CI_O[1])
                                                      0.334    15.077 r  pix_data_reg[23]_i_8/O[1]
                         net (fo=1, routed)           0.449    15.526    pix_data_reg[23]_i_8_n_6
    SLICE_X96Y75         LUT6 (Prop_lut6_I0_O)        0.303    15.829 f  pix_data[23]_i_3/O
                         net (fo=3, routed)           0.861    16.689    pix_data[23]_i_3_n_0
    SLICE_X100Y80        LUT4 (Prop_lut4_I1_O)        0.150    16.839 r  pix_data[23]_i_1/O
                         net (fo=1, routed)           0.336    17.175    pix_data[23]_i_1_n_0
    SLICE_X100Y80        FDRE                                         r  pix_data_reg[23]/D
  -------------------------------------------------------------------    -------------------

                         (clock clk_out1_clk_wiz_0 rise edge)
                                                     30.303    30.303 r  
    Y9                                                0.000    30.303 r  sys_clk (IN)
                         net (fo=0)                   0.000    30.303    clk_wiz_inst/inst/clk_in1
    Y9                   IBUF (Prop_ibuf_I_O)         1.420    31.723 r  clk_wiz_inst/inst/clkin1_ibufg/O
                         net (fo=1, routed)           1.181    32.904    clk_wiz_inst/inst/clk_in1_clk_wiz_0
    PLLE2_ADV_X0Y0       PLLE2_ADV (Prop_plle2_adv_CLKIN1_CLKOUT0)
                                                     -7.970    24.934 r  clk_wiz_inst/inst/plle2_adv_inst/CLKOUT0
                         net (fo=1, routed)           1.686    26.620    clk_wiz_inst/inst/clk_out1_clk_wiz_0
    BUFGCTRL_X0Y0        BUFG (Prop_bufg_I_O)         0.091    26.711 r  clk_wiz_inst/inst/clkout1_buf/O
                         net (fo=65, routed)          1.600    28.311    lcd_clk_OBUF
    SLICE_X100Y80        FDRE                                         r  pix_data_reg[23]/C
                         clock pessimism             -0.414    27.897    
                         clock uncertainty           -0.170    27.727    
    SLICE_X100Y80        FDRE (Setup_fdre_C_D)       -0.255    27.472    pix_data_reg[23]
  -------------------------------------------------------------------
                         required time                         27.472    
                         arrival time                         -17.175    
  -------------------------------------------------------------------
                         slack                                 10.297    

Slack (MET) :             10.369ns  (required time - arrival time)
  Source:                 cnt_h_reg[7]/C
                            (rising edge-triggered cell FDCE clocked by clk_out1_clk_wiz_0  {rise@0.000ns fall@15.152ns period=30.303ns})
  Destination:            pix_data_reg[22]/D
                            (rising edge-triggered cell FDRE clocked by clk_out1_clk_wiz_0  {rise@0.000ns fall@15.152ns period=30.303ns})
  Path Group:             clk_out1_clk_wiz_0
  Path Type:              Setup (Max at Slow Process Corner)
  Requirement:            30.303ns  (clk_out1_clk_wiz_0 rise@30.303ns - clk_out1_clk_wiz_0 rise@0.000ns)
  Data Path Delay:        19.647ns  (logic 6.252ns (31.822%)  route 13.395ns (68.178%))
  Logic Levels:           22  (CARRY4=8 LUT2=2 LUT3=2 LUT4=4 LUT5=2 LUT6=4)
  Clock Path Skew:        -0.050ns (DCD - SCD + CPR)
    Destination Clock Delay (DCD):    -1.988ns = ( 28.315 - 30.303 ) 
    Source Clock Delay      (SCD):    -2.352ns
    Clock Pessimism Removal (CPR):    -0.414ns
  Clock Uncertainty:      0.170ns  ((TSJ^2 + DJ^2)^1/2) / 2 + PE
    Total System Jitter     (TSJ):    0.071ns
    Discrete Jitter          (DJ):    0.333ns
    Phase Error              (PE):    0.000ns

    Location             Delay type                Incr(ns)  Path(ns)    Netlist Resource(s)
  -------------------------------------------------------------------    -------------------
                         (clock clk_out1_clk_wiz_0 rise edge)
                                                      0.000     0.000 r  
    Y9                                                0.000     0.000 r  sys_clk (IN)
                         net (fo=0)                   0.000     0.000    clk_wiz_inst/inst/clk_in1
    Y9                   IBUF (Prop_ibuf_I_O)         1.490     1.490 r  clk_wiz_inst/inst/clkin1_ibufg/O
                         net (fo=1, routed)           1.306     2.796    clk_wiz_inst/inst/clk_in1_clk_wiz_0
    PLLE2_ADV_X0Y0       PLLE2_ADV (Prop_plle2_adv_CLKIN1_CLKOUT0)
                                                     -8.866    -6.070 r  clk_wiz_inst/inst/plle2_adv_inst/CLKOUT0
                         net (fo=1, routed)           1.849    -4.221    clk_wiz_inst/inst/clk_out1_clk_wiz_0
    BUFGCTRL_X0Y0        BUFG (Prop_bufg_I_O)         0.101    -4.120 r  clk_wiz_inst/inst/clkout1_buf/O
                         net (fo=65, routed)          1.768    -2.352    lcd_clk_OBUF
    SLICE_X100Y74        FDCE                                         r  cnt_h_reg[7]/C
  -------------------------------------------------------------------    -------------------
    SLICE_X100Y74        FDCE (Prop_fdce_C_Q)         0.518    -1.834 r  cnt_h_reg[7]/Q
                         net (fo=16, routed)          1.068    -0.766    cnt_h_reg_n_0_[7]
    SLICE_X102Y76        LUT4 (Prop_lut4_I1_O)        0.146    -0.620 r  pix_data[22]_i_14/O
                         net (fo=1, routed)           0.901     0.281    pix_data[22]_i_14_n_0
    SLICE_X102Y76        LUT6 (Prop_lut6_I1_O)        0.328     0.609 r  pix_data[22]_i_10/O
                         net (fo=17, routed)          0.805     1.414    pix_data[22]_i_10_n_0
    SLICE_X98Y78         LUT4 (Prop_lut4_I1_O)        0.124     1.538 r  pix_data[23]_i_42/O
                         net (fo=1, routed)           0.979     2.517    pix_data[23]_i_42_n_0
    SLICE_X98Y78         LUT6 (Prop_lut6_I2_O)        0.124     2.641 f  pix_data[23]_i_12/O
                         net (fo=109, routed)         0.933     3.574    h_mod0[20]
    SLICE_X94Y74         LUT2 (Prop_lut2_I1_O)        0.124     3.698 f  pix_data[6]_i_60/O
                         net (fo=61, routed)          0.855     4.553    pix_data[23]_i_184_n_0
    SLICE_X94Y74         LUT3 (Prop_lut3_I1_O)        0.124     4.677 r  pix_data[6]_i_65/O
                         net (fo=4, routed)           0.941     5.618    pix_data[6]_i_65_n_0
    SLICE_X86Y69         CARRY4 (Prop_carry4_DI[2]_CO[3])
                                                      0.404     6.022 r  pix_data_reg[23]_i_333/CO[3]
                         net (fo=1, routed)           0.000     6.022    pix_data_reg[23]_i_333_n_0
    SLICE_X86Y70         CARRY4 (Prop_carry4_CI_CO[3])
                                                      0.117     6.139 f  pix_data_reg[23]_i_255/CO[3]
                         net (fo=44, routed)          1.340     7.479    pix_data_reg[23]_i_255_n_0
    SLICE_X85Y75         LUT5 (Prop_lut5_I4_O)        0.120     7.599 r  pix_data[23]_i_263/O
                         net (fo=2, routed)           0.422     8.021    pix_data[23]_i_263_n_0
    SLICE_X85Y75         LUT4 (Prop_lut4_I3_O)        0.327     8.348 r  pix_data[23]_i_266/O
                         net (fo=1, routed)           0.000     8.348    pix_data[23]_i_266_n_0
    SLICE_X85Y75         CARRY4 (Prop_carry4_S[3]_O[3])
                                                      0.248     8.596 r  pix_data_reg[23]_i_172/O[3]
                         net (fo=3, routed)           0.588     9.184    pix_data_reg[23]_i_172_n_4
    SLICE_X86Y75         LUT3 (Prop_lut3_I0_O)        0.306     9.490 r  pix_data[23]_i_173/O
                         net (fo=2, routed)           0.988    10.477    pix_data[23]_i_173_n_0
    SLICE_X86Y75         LUT5 (Prop_lut5_I0_O)        0.150    10.627 r  pix_data[23]_i_107/O
                         net (fo=2, routed)           0.449    11.077    pix_data[23]_i_107_n_0
    SLICE_X84Y75         LUT6 (Prop_lut6_I0_O)        0.348    11.425 r  pix_data[23]_i_111/O
                         net (fo=1, routed)           0.000    11.425    pix_data[23]_i_111_n_0
    SLICE_X84Y75         CARRY4 (Prop_carry4_S[2]_CO[3])
                                                      0.398    11.823 r  pix_data_reg[23]_i_80/CO[3]
                         net (fo=1, routed)           0.000    11.823    pix_data_reg[23]_i_80_n_0
    SLICE_X84Y76         CARRY4 (Prop_carry4_CI_O[1])
                                                      0.334    12.157 r  pix_data_reg[23]_i_64/O[1]
                         net (fo=2, routed)           0.328    12.485    pix_data_reg[23]_i_64_n_6
    SLICE_X86Y76         CARRY4 (Prop_carry4_S[0]_O[0])
                                                      0.555    13.040 r  pix_data_reg[23]_i_59/O[0]
                         net (fo=1, routed)           1.007    14.047    pix_data_reg[23]_i_59_n_7
    SLICE_X97Y75         LUT2 (Prop_lut2_I1_O)        0.295    14.342 r  pix_data[23]_i_35/O
                         net (fo=1, routed)           0.000    14.342    pix_data[23]_i_35_n_0
    SLICE_X97Y75         CARRY4 (Prop_carry4_S[3]_CO[3])
                                                      0.401    14.743 r  pix_data_reg[23]_i_9/CO[3]
                         net (fo=1, routed)           0.000    14.743    pix_data_reg[23]_i_9_n_0
    SLICE_X97Y76         CARRY4 (Prop_carry4_CI_O[1])
                                                      0.334    15.077 r  pix_data_reg[23]_i_8/O[1]
                         net (fo=1, routed)           0.449    15.526    pix_data_reg[23]_i_8_n_6
    SLICE_X96Y75         LUT6 (Prop_lut6_I0_O)        0.303    15.829 f  pix_data[23]_i_3/O
                         net (fo=3, routed)           0.861    16.689    pix_data[23]_i_3_n_0
    SLICE_X100Y80        LUT4 (Prop_lut4_I1_O)        0.124    16.813 r  pix_data[22]_i_1/O
                         net (fo=2, routed)           0.482    17.295    pix_data[22]
    SLICE_X101Y83        FDRE                                         r  pix_data_reg[22]/D
  -------------------------------------------------------------------    -------------------

                         (clock clk_out1_clk_wiz_0 rise edge)
                                                     30.303    30.303 r  
    Y9                                                0.000    30.303 r  sys_clk (IN)
                         net (fo=0)                   0.000    30.303    clk_wiz_inst/inst/clk_in1
    Y9                   IBUF (Prop_ibuf_I_O)         1.420    31.723 r  clk_wiz_inst/inst/clkin1_ibufg/O
                         net (fo=1, routed)           1.181    32.904    clk_wiz_inst/inst/clk_in1_clk_wiz_0
    PLLE2_ADV_X0Y0       PLLE2_ADV (Prop_plle2_adv_CLKIN1_CLKOUT0)
                                                     -7.970    24.934 r  clk_wiz_inst/inst/plle2_adv_inst/CLKOUT0
                         net (fo=1, routed)           1.686    26.620    clk_wiz_inst/inst/clk_out1_clk_wiz_0
    BUFGCTRL_X0Y0        BUFG (Prop_bufg_I_O)         0.091    26.711 r  clk_wiz_inst/inst/clkout1_buf/O
                         net (fo=65, routed)          1.604    28.315    lcd_clk_OBUF
    SLICE_X101Y83        FDRE                                         r  pix_data_reg[22]/C
                         clock pessimism             -0.414    27.901    
                         clock uncertainty           -0.170    27.731    
    SLICE_X101Y83        FDRE (Setup_fdre_C_D)       -0.067    27.664    pix_data_reg[22]
  -------------------------------------------------------------------
                         required time                         27.664    
                         arrival time                         -17.295    
  -------------------------------------------------------------------
                         slack                                 10.369    

Slack (MET) :             22.084ns  (required time - arrival time)
  Source:                 cnt_h_reg[7]/C
                            (rising edge-triggered cell FDCE clocked by clk_out1_clk_wiz_0  {rise@0.000ns fall@15.152ns period=30.303ns})
  Destination:            pix_data_reg[15]/D
                            (rising edge-triggered cell FDRE clocked by clk_out1_clk_wiz_0  {rise@0.000ns fall@15.152ns period=30.303ns})
  Path Group:             clk_out1_clk_wiz_0
  Path Type:              Setup (Max at Slow Process Corner)
  Requirement:            30.303ns  (clk_out1_clk_wiz_0 rise@30.303ns - clk_out1_clk_wiz_0 rise@0.000ns)
  Data Path Delay:        7.968ns  (logic 1.488ns (18.676%)  route 6.480ns (81.324%))
  Logic Levels:           6  (LUT3=1 LUT4=2 LUT6=3)
  Clock Path Skew:        -0.050ns (DCD - SCD + CPR)
    Destination Clock Delay (DCD):    -1.988ns = ( 28.315 - 30.303 ) 
    Source Clock Delay      (SCD):    -2.352ns
    Clock Pessimism Removal (CPR):    -0.414ns
  Clock Uncertainty:      0.170ns  ((TSJ^2 + DJ^2)^1/2) / 2 + PE
    Total System Jitter     (TSJ):    0.071ns
    Discrete Jitter          (DJ):    0.333ns
    Phase Error              (PE):    0.000ns

    Location             Delay type                Incr(ns)  Path(ns)    Netlist Resource(s)
  -------------------------------------------------------------------    -------------------
                         (clock clk_out1_clk_wiz_0 rise edge)
                                                      0.000     0.000 r  
    Y9                                                0.000     0.000 r  sys_clk (IN)
                         net (fo=0)                   0.000     0.000    clk_wiz_inst/inst/clk_in1
    Y9                   IBUF (Prop_ibuf_I_O)         1.490     1.490 r  clk_wiz_inst/inst/clkin1_ibufg/O
                         net (fo=1, routed)           1.306     2.796    clk_wiz_inst/inst/clk_in1_clk_wiz_0
    PLLE2_ADV_X0Y0       PLLE2_ADV (Prop_plle2_adv_CLKIN1_CLKOUT0)
                                                     -8.866    -6.070 r  clk_wiz_inst/inst/plle2_adv_inst/CLKOUT0
                         net (fo=1, routed)           1.849    -4.221    clk_wiz_inst/inst/clk_out1_clk_wiz_0
    BUFGCTRL_X0Y0        BUFG (Prop_bufg_I_O)         0.101    -4.120 r  clk_wiz_inst/inst/clkout1_buf/O
                         net (fo=65, routed)          1.768    -2.352    lcd_clk_OBUF
    SLICE_X100Y74        FDCE                                         r  cnt_h_reg[7]/C
  -------------------------------------------------------------------    -------------------
    SLICE_X100Y74        FDCE (Prop_fdce_C_Q)         0.518    -1.834 r  cnt_h_reg[7]/Q
                         net (fo=16, routed)          1.068    -0.766    cnt_h_reg_n_0_[7]
    SLICE_X102Y76        LUT4 (Prop_lut4_I1_O)        0.146    -0.620 r  pix_data[22]_i_14/O
                         net (fo=1, routed)           0.901     0.281    pix_data[22]_i_14_n_0
    SLICE_X102Y76        LUT6 (Prop_lut6_I1_O)        0.328     0.609 r  pix_data[22]_i_10/O
                         net (fo=17, routed)          0.805     1.414    pix_data[22]_i_10_n_0
    SLICE_X98Y78         LUT4 (Prop_lut4_I1_O)        0.124     1.538 r  pix_data[23]_i_42/O
                         net (fo=1, routed)           0.979     2.517    pix_data[23]_i_42_n_0
    SLICE_X98Y78         LUT6 (Prop_lut6_I2_O)        0.124     2.641 f  pix_data[23]_i_12/O
                         net (fo=109, routed)         0.857     3.498    h_mod0[20]
    SLICE_X99Y77         LUT6 (Prop_lut6_I0_O)        0.124     3.622 r  pix_data[23]_i_5/O
                         net (fo=3, routed)           1.386     5.008    pix_data[23]_i_5_n_0
    SLICE_X100Y80        LUT3 (Prop_lut3_I0_O)        0.124     5.132 r  pix_data[15]_i_1/O
                         net (fo=2, routed)           0.484     5.616    pix_data[15]
    SLICE_X100Y83        FDRE                                         r  pix_data_reg[15]/D
  -------------------------------------------------------------------    -------------------

                         (clock clk_out1_clk_wiz_0 rise edge)
                                                     30.303    30.303 r  
    Y9                                                0.000    30.303 r  sys_clk (IN)
                         net (fo=0)                   0.000    30.303    clk_wiz_inst/inst/clk_in1
    Y9                   IBUF (Prop_ibuf_I_O)         1.420    31.723 r  clk_wiz_inst/inst/clkin1_ibufg/O
                         net (fo=1, routed)           1.181    32.904    clk_wiz_inst/inst/clk_in1_clk_wiz_0
    PLLE2_ADV_X0Y0       PLLE2_ADV (Prop_plle2_adv_CLKIN1_CLKOUT0)
                                                     -7.970    24.934 r  clk_wiz_inst/inst/plle2_adv_inst/CLKOUT0
                         net (fo=1, routed)           1.686    26.620    clk_wiz_inst/inst/clk_out1_clk_wiz_0
    BUFGCTRL_X0Y0        BUFG (Prop_bufg_I_O)         0.091    26.711 r  clk_wiz_inst/inst/clkout1_buf/O
                         net (fo=65, routed)          1.604    28.315    lcd_clk_OBUF
    SLICE_X100Y83        FDRE                                         r  pix_data_reg[15]/C
                         clock pessimism             -0.414    27.901    
                         clock uncertainty           -0.170    27.731    
    SLICE_X100Y83        FDRE (Setup_fdre_C_D)       -0.031    27.700    pix_data_reg[15]
  -------------------------------------------------------------------
                         required time                         27.700    
                         arrival time                          -5.616    
  -------------------------------------------------------------------
                         slack                                 22.084    

Slack (MET) :             24.506ns  (required time - arrival time)
  Source:                 drop_counter_reg[23]/C
                            (rising edge-triggered cell FDCE clocked by clk_out1_clk_wiz_0  {rise@0.000ns fall@15.152ns period=30.303ns})
  Destination:            drop_counter_reg[22]/D
                            (rising edge-triggered cell FDCE clocked by clk_out1_clk_wiz_0  {rise@0.000ns fall@15.152ns period=30.303ns})
  Path Group:             clk_out1_clk_wiz_0
  Path Type:              Setup (Max at Slow Process Corner)
  Requirement:            30.303ns  (clk_out1_clk_wiz_0 rise@30.303ns - clk_out1_clk_wiz_0 rise@0.000ns)
  Data Path Delay:        5.636ns  (logic 1.076ns (19.093%)  route 4.560ns (80.907%))
  Logic Levels:           5  (LUT3=1 LUT4=1 LUT5=1 LUT6=2)
  Clock Path Skew:        -0.022ns (DCD - SCD + CPR)
    Destination Clock Delay (DCD):    -2.054ns = ( 28.249 - 30.303 ) 
    Source Clock Delay      (SCD):    -2.409ns
    Clock Pessimism Removal (CPR):    -0.377ns
  Clock Uncertainty:      0.170ns  ((TSJ^2 + DJ^2)^1/2) / 2 + PE
    Total System Jitter     (TSJ):    0.071ns
    Discrete Jitter          (DJ):    0.333ns
    Phase Error              (PE):    0.000ns

    Location             Delay type                Incr(ns)  Path(ns)    Netlist Resource(s)
  -------------------------------------------------------------------    -------------------
                         (clock clk_out1_clk_wiz_0 rise edge)
                                                      0.000     0.000 r  
    Y9                                                0.000     0.000 r  sys_clk (IN)
                         net (fo=0)                   0.000     0.000    clk_wiz_inst/inst/clk_in1
    Y9                   IBUF (Prop_ibuf_I_O)         1.490     1.490 r  clk_wiz_inst/inst/clkin1_ibufg/O
                         net (fo=1, routed)           1.306     2.796    clk_wiz_inst/inst/clk_in1_clk_wiz_0
    PLLE2_ADV_X0Y0       PLLE2_ADV (Prop_plle2_adv_CLKIN1_CLKOUT0)
                                                     -8.866    -6.070 r  clk_wiz_inst/inst/plle2_adv_inst/CLKOUT0
                         net (fo=1, routed)           1.849    -4.221    clk_wiz_inst/inst/clk_out1_clk_wiz_0
    BUFGCTRL_X0Y0        BUFG (Prop_bufg_I_O)         0.101    -4.120 r  clk_wiz_inst/inst/clkout1_buf/O
                         net (fo=65, routed)          1.711    -2.409    lcd_clk_OBUF
    SLICE_X87Y71         FDCE                                         r  drop_counter_reg[23]/C
  -------------------------------------------------------------------    -------------------
    SLICE_X87Y71         FDCE (Prop_fdce_C_Q)         0.456    -1.953 f  drop_counter_reg[23]/Q
                         net (fo=2, routed)           0.829    -1.123    drop_counter_reg_n_0_[23]
    SLICE_X87Y70         LUT4 (Prop_lut4_I2_O)        0.124    -0.999 r  drop_counter[25]_i_8/O
                         net (fo=1, routed)           0.790    -0.209    drop_counter[25]_i_8_n_0
    SLICE_X89Y70         LUT5 (Prop_lut5_I4_O)        0.124    -0.085 r  drop_counter[25]_i_7/O
                         net (fo=1, routed)           0.636     0.551    drop_counter[25]_i_7_n_0
    SLICE_X89Y68         LUT6 (Prop_lut6_I5_O)        0.124     0.675 r  drop_counter[25]_i_4/O
                         net (fo=1, routed)           0.641     1.316    drop_counter[25]_i_4_n_0
    SLICE_X89Y67         LUT6 (Prop_lut6_I0_O)        0.124     1.440 r  drop_counter[25]_i_2/O
                         net (fo=27, routed)          1.663     3.103    drop_counter[25]_i_2_n_0
    SLICE_X89Y70         LUT3 (Prop_lut3_I0_O)        0.124     3.227 r  drop_counter[22]_i_1/O
                         net (fo=1, routed)           0.000     3.227    drop_counter[22]
    SLICE_X89Y70         FDCE                                         r  drop_counter_reg[22]/D
  -------------------------------------------------------------------    -------------------

                         (clock clk_out1_clk_wiz_0 rise edge)
                                                     30.303    30.303 r  
    Y9                                                0.000    30.303 r  sys_clk (IN)
                         net (fo=0)                   0.000    30.303    clk_wiz_inst/inst/clk_in1
    Y9                   IBUF (Prop_ibuf_I_O)         1.420    31.723 r  clk_wiz_inst/inst/clkin1_ibufg/O
                         net (fo=1, routed)           1.181    32.904    clk_wiz_inst/inst/clk_in1_clk_wiz_0
    PLLE2_ADV_X0Y0       PLLE2_ADV (Prop_plle2_adv_CLKIN1_CLKOUT0)
                                                     -7.970    24.934 r  clk_wiz_inst/inst/plle2_adv_inst/CLKOUT0
                         net (fo=1, routed)           1.686    26.620    clk_wiz_inst/inst/clk_out1_clk_wiz_0
    BUFGCTRL_X0Y0        BUFG (Prop_bufg_I_O)         0.091    26.711 r  clk_wiz_inst/inst/clkout1_buf/O
                         net (fo=65, routed)          1.538    28.249    lcd_clk_OBUF
    SLICE_X89Y70         FDCE                                         r  drop_counter_reg[22]/C
                         clock pessimism             -0.377    27.872    
                         clock uncertainty           -0.170    27.702    
    SLICE_X89Y70         FDCE (Setup_fdce_C_D)        0.031    27.733    drop_counter_reg[22]
  -------------------------------------------------------------------
                         required time                         27.733    
                         arrival time                          -3.227    
  -------------------------------------------------------------------
                         slack                                 24.506    

Slack (MET) :             24.521ns  (required time - arrival time)
  Source:                 drop_counter_reg[23]/C
                            (rising edge-triggered cell FDCE clocked by clk_out1_clk_wiz_0  {rise@0.000ns fall@15.152ns period=30.303ns})
  Destination:            drop_counter_reg[25]/D
                            (rising edge-triggered cell FDCE clocked by clk_out1_clk_wiz_0  {rise@0.000ns fall@15.152ns period=30.303ns})
  Path Group:             clk_out1_clk_wiz_0
  Path Type:              Setup (Max at Slow Process Corner)
  Requirement:            30.303ns  (clk_out1_clk_wiz_0 rise@30.303ns - clk_out1_clk_wiz_0 rise@0.000ns)
  Data Path Delay:        5.665ns  (logic 1.105ns (19.507%)  route 4.560ns (80.493%))
  Logic Levels:           5  (LUT3=1 LUT4=1 LUT5=1 LUT6=2)
  Clock Path Skew:        -0.022ns (DCD - SCD + CPR)
    Destination Clock Delay (DCD):    -2.054ns = ( 28.249 - 30.303 ) 
    Source Clock Delay      (SCD):    -2.409ns
    Clock Pessimism Removal (CPR):    -0.377ns
  Clock Uncertainty:      0.170ns  ((TSJ^2 + DJ^2)^1/2) / 2 + PE
    Total System Jitter     (TSJ):    0.071ns
    Discrete Jitter          (DJ):    0.333ns
    Phase Error              (PE):    0.000ns

    Location             Delay type                Incr(ns)  Path(ns)    Netlist Resource(s)
  -------------------------------------------------------------------    -------------------
                         (clock clk_out1_clk_wiz_0 rise edge)
                                                      0.000     0.000 r  
    Y9                                                0.000     0.000 r  sys_clk (IN)
                         net (fo=0)                   0.000     0.000    clk_wiz_inst/inst/clk_in1
    Y9                   IBUF (Prop_ibuf_I_O)         1.490     1.490 r  clk_wiz_inst/inst/clkin1_ibufg/O
                         net (fo=1, routed)           1.306     2.796    clk_wiz_inst/inst/clk_in1_clk_wiz_0
    PLLE2_ADV_X0Y0       PLLE2_ADV (Prop_plle2_adv_CLKIN1_CLKOUT0)
                                                     -8.866    -6.070 r  clk_wiz_inst/inst/plle2_adv_inst/CLKOUT0
                         net (fo=1, routed)           1.849    -4.221    clk_wiz_inst/inst/clk_out1_clk_wiz_0
    BUFGCTRL_X0Y0        BUFG (Prop_bufg_I_O)         0.101    -4.120 r  clk_wiz_inst/inst/clkout1_buf/O
                         net (fo=65, routed)          1.711    -2.409    lcd_clk_OBUF
    SLICE_X87Y71         FDCE                                         r  drop_counter_reg[23]/C
  -------------------------------------------------------------------    -------------------
    SLICE_X87Y71         FDCE (Prop_fdce_C_Q)         0.456    -1.953 f  drop_counter_reg[23]/Q
                         net (fo=2, routed)           0.829    -1.123    drop_counter_reg_n_0_[23]
    SLICE_X87Y70         LUT4 (Prop_lut4_I2_O)        0.124    -0.999 r  drop_counter[25]_i_8/O
                         net (fo=1, routed)           0.790    -0.209    drop_counter[25]_i_8_n_0
    SLICE_X89Y70         LUT5 (Prop_lut5_I4_O)        0.124    -0.085 r  drop_counter[25]_i_7/O
                         net (fo=1, routed)           0.636     0.551    drop_counter[25]_i_7_n_0
    SLICE_X89Y68         LUT6 (Prop_lut6_I5_O)        0.124     0.675 r  drop_counter[25]_i_4/O
                         net (fo=1, routed)           0.641     1.316    drop_counter[25]_i_4_n_0
    SLICE_X89Y67         LUT6 (Prop_lut6_I0_O)        0.124     1.440 r  drop_counter[25]_i_2/O
                         net (fo=27, routed)          1.663     3.103    drop_counter[25]_i_2_n_0
    SLICE_X89Y70         LUT3 (Prop_lut3_I0_O)        0.153     3.256 r  drop_counter[25]_i_1/O
                         net (fo=1, routed)           0.000     3.256    drop_counter[25]
    SLICE_X89Y70         FDCE                                         r  drop_counter_reg[25]/D
  -------------------------------------------------------------------    -------------------

                         (clock clk_out1_clk_wiz_0 rise edge)
                                                     30.303    30.303 r  
    Y9                                                0.000    30.303 r  sys_clk (IN)
                         net (fo=0)                   0.000    30.303    clk_wiz_inst/inst/clk_in1
    Y9                   IBUF (Prop_ibuf_I_O)         1.420    31.723 r  clk_wiz_inst/inst/clkin1_ibufg/O
                         net (fo=1, routed)           1.181    32.904    clk_wiz_inst/inst/clk_in1_clk_wiz_0
    PLLE2_ADV_X0Y0       PLLE2_ADV (Prop_plle2_adv_CLKIN1_CLKOUT0)
                                                     -7.970    24.934 r  clk_wiz_inst/inst/plle2_adv_inst/CLKOUT0
                         net (fo=1, routed)           1.686    26.620    clk_wiz_inst/inst/clk_out1_clk_wiz_0
    BUFGCTRL_X0Y0        BUFG (Prop_bufg_I_O)         0.091    26.711 r  clk_wiz_inst/inst/clkout1_buf/O
                         net (fo=65, routed)          1.538    28.249    lcd_clk_OBUF
    SLICE_X89Y70         FDCE                                         r  drop_counter_reg[25]/C
                         clock pessimism             -0.377    27.872    
                         clock uncertainty           -0.170    27.702    
    SLICE_X89Y70         FDCE (Setup_fdce_C_D)        0.075    27.777    drop_counter_reg[25]
  -------------------------------------------------------------------
                         required time                         27.777    
                         arrival time                          -3.256    
  -------------------------------------------------------------------
                         slack                                 24.521    

Slack (MET) :             24.638ns  (required time - arrival time)
  Source:                 drop_counter_reg[23]/C
                            (rising edge-triggered cell FDCE clocked by clk_out1_clk_wiz_0  {rise@0.000ns fall@15.152ns period=30.303ns})
  Destination:            drop_counter_reg[19]/D
                            (rising edge-triggered cell FDCE clocked by clk_out1_clk_wiz_0  {rise@0.000ns fall@15.152ns period=30.303ns})
  Path Group:             clk_out1_clk_wiz_0
  Path Type:              Setup (Max at Slow Process Corner)
  Requirement:            30.303ns  (clk_out1_clk_wiz_0 rise@30.303ns - clk_out1_clk_wiz_0 rise@0.000ns)
  Data Path Delay:        5.502ns  (logic 1.076ns (19.558%)  route 4.426ns (80.442%))
  Logic Levels:           5  (LUT3=1 LUT4=1 LUT5=1 LUT6=2)
  Clock Path Skew:        -0.022ns (DCD - SCD + CPR)
    Destination Clock Delay (DCD):    -2.054ns = ( 28.249 - 30.303 ) 
    Source Clock Delay      (SCD):    -2.409ns
    Clock Pessimism Removal (CPR):    -0.377ns
  Clock Uncertainty:      0.170ns  ((TSJ^2 + DJ^2)^1/2) / 2 + PE
    Total System Jitter     (TSJ):    0.071ns
    Discrete Jitter          (DJ):    0.333ns
    Phase Error              (PE):    0.000ns

    Location             Delay type                Incr(ns)  Path(ns)    Netlist Resource(s)
  -------------------------------------------------------------------    -------------------
                         (clock clk_out1_clk_wiz_0 rise edge)
                                                      0.000     0.000 r  
    Y9                                                0.000     0.000 r  sys_clk (IN)
                         net (fo=0)                   0.000     0.000    clk_wiz_inst/inst/clk_in1
    Y9                   IBUF (Prop_ibuf_I_O)         1.490     1.490 r  clk_wiz_inst/inst/clkin1_ibufg/O
                         net (fo=1, routed)           1.306     2.796    clk_wiz_inst/inst/clk_in1_clk_wiz_0
    PLLE2_ADV_X0Y0       PLLE2_ADV (Prop_plle2_adv_CLKIN1_CLKOUT0)
                                                     -8.866    -6.070 r  clk_wiz_inst/inst/plle2_adv_inst/CLKOUT0
                         net (fo=1, routed)           1.849    -4.221    clk_wiz_inst/inst/clk_out1_clk_wiz_0
    BUFGCTRL_X0Y0        BUFG (Prop_bufg_I_O)         0.101    -4.120 r  clk_wiz_inst/inst/clkout1_buf/O
                         net (fo=65, routed)          1.711    -2.409    lcd_clk_OBUF
    SLICE_X87Y71         FDCE                                         r  drop_counter_reg[23]/C
  -------------------------------------------------------------------    -------------------
    SLICE_X87Y71         FDCE (Prop_fdce_C_Q)         0.456    -1.953 f  drop_counter_reg[23]/Q
                         net (fo=2, routed)           0.829    -1.123    drop_counter_reg_n_0_[23]
    SLICE_X87Y70         LUT4 (Prop_lut4_I2_O)        0.124    -0.999 r  drop_counter[25]_i_8/O
                         net (fo=1, routed)           0.790    -0.209    drop_counter[25]_i_8_n_0
    SLICE_X89Y70         LUT5 (Prop_lut5_I4_O)        0.124    -0.085 r  drop_counter[25]_i_7/O
                         net (fo=1, routed)           0.636     0.551    drop_counter[25]_i_7_n_0
    SLICE_X89Y68         LUT6 (Prop_lut6_I5_O)        0.124     0.675 r  drop_counter[25]_i_4/O
                         net (fo=1, routed)           0.641     1.316    drop_counter[25]_i_4_n_0
    SLICE_X89Y67         LUT6 (Prop_lut6_I0_O)        0.124     1.440 r  drop_counter[25]_i_2/O
                         net (fo=27, routed)          1.529     2.969    drop_counter[25]_i_2_n_0
    SLICE_X87Y70         LUT3 (Prop_lut3_I0_O)        0.124     3.093 r  drop_counter[19]_i_1/O
                         net (fo=1, routed)           0.000     3.093    drop_counter[19]
    SLICE_X87Y70         FDCE                                         r  drop_counter_reg[19]/D
  -------------------------------------------------------------------    -------------------

                         (clock clk_out1_clk_wiz_0 rise edge)
                                                     30.303    30.303 r  
    Y9                                                0.000    30.303 r  sys_clk (IN)
                         net (fo=0)                   0.000    30.303    clk_wiz_inst/inst/clk_in1
    Y9                   IBUF (Prop_ibuf_I_O)         1.420    31.723 r  clk_wiz_inst/inst/clkin1_ibufg/O
                         net (fo=1, routed)           1.181    32.904    clk_wiz_inst/inst/clk_in1_clk_wiz_0
    PLLE2_ADV_X0Y0       PLLE2_ADV (Prop_plle2_adv_CLKIN1_CLKOUT0)
                                                     -7.970    24.934 r  clk_wiz_inst/inst/plle2_adv_inst/CLKOUT0
                         net (fo=1, routed)           1.686    26.620    clk_wiz_inst/inst/clk_out1_clk_wiz_0
    BUFGCTRL_X0Y0        BUFG (Prop_bufg_I_O)         0.091    26.711 r  clk_wiz_inst/inst/clkout1_buf/O
                         net (fo=65, routed)          1.538    28.249    lcd_clk_OBUF
    SLICE_X87Y70         FDCE                                         r  drop_counter_reg[19]/C
                         clock pessimism             -0.377    27.872    
                         clock uncertainty           -0.170    27.702    
    SLICE_X87Y70         FDCE (Setup_fdce_C_D)        0.029    27.731    drop_counter_reg[19]
  -------------------------------------------------------------------
                         required time                         27.731    
                         arrival time                          -3.093    
  -------------------------------------------------------------------
                         slack                                 24.638    

Slack (MET) :             24.656ns  (required time - arrival time)
  Source:                 drop_counter_reg[23]/C
                            (rising edge-triggered cell FDCE clocked by clk_out1_clk_wiz_0  {rise@0.000ns fall@15.152ns period=30.303ns})
  Destination:            drop_counter_reg[20]/D
                            (rising edge-triggered cell FDCE clocked by clk_out1_clk_wiz_0  {rise@0.000ns fall@15.152ns period=30.303ns})
  Path Group:             clk_out1_clk_wiz_0
  Path Type:              Setup (Max at Slow Process Corner)
  Requirement:            30.303ns  (clk_out1_clk_wiz_0 rise@30.303ns - clk_out1_clk_wiz_0 rise@0.000ns)
  Data Path Delay:        5.530ns  (logic 1.104ns (19.965%)  route 4.426ns (80.035%))
  Logic Levels:           5  (LUT3=1 LUT4=1 LUT5=1 LUT6=2)
  Clock Path Skew:        -0.022ns (DCD - SCD + CPR)
    Destination Clock Delay (DCD):    -2.054ns = ( 28.249 - 30.303 ) 
    Source Clock Delay      (SCD):    -2.409ns
    Clock Pessimism Removal (CPR):    -0.377ns
  Clock Uncertainty:      0.170ns  ((TSJ^2 + DJ^2)^1/2) / 2 + PE
    Total System Jitter     (TSJ):    0.071ns
    Discrete Jitter          (DJ):    0.333ns
    Phase Error              (PE):    0.000ns

    Location             Delay type                Incr(ns)  Path(ns)    Netlist Resource(s)
  -------------------------------------------------------------------    -------------------
                         (clock clk_out1_clk_wiz_0 rise edge)
                                                      0.000     0.000 r  
    Y9                                                0.000     0.000 r  sys_clk (IN)
                         net (fo=0)                   0.000     0.000    clk_wiz_inst/inst/clk_in1
    Y9                   IBUF (Prop_ibuf_I_O)         1.490     1.490 r  clk_wiz_inst/inst/clkin1_ibufg/O
                         net (fo=1, routed)           1.306     2.796    clk_wiz_inst/inst/clk_in1_clk_wiz_0
    PLLE2_ADV_X0Y0       PLLE2_ADV (Prop_plle2_adv_CLKIN1_CLKOUT0)
                                                     -8.866    -6.070 r  clk_wiz_inst/inst/plle2_adv_inst/CLKOUT0
                         net (fo=1, routed)           1.849    -4.221    clk_wiz_inst/inst/clk_out1_clk_wiz_0
    BUFGCTRL_X0Y0        BUFG (Prop_bufg_I_O)         0.101    -4.120 r  clk_wiz_inst/inst/clkout1_buf/O
                         net (fo=65, routed)          1.711    -2.409    lcd_clk_OBUF
    SLICE_X87Y71         FDCE                                         r  drop_counter_reg[23]/C
  -------------------------------------------------------------------    -------------------
    SLICE_X87Y71         FDCE (Prop_fdce_C_Q)         0.456    -1.953 f  drop_counter_reg[23]/Q
                         net (fo=2, routed)           0.829    -1.123    drop_counter_reg_n_0_[23]
    SLICE_X87Y70         LUT4 (Prop_lut4_I2_O)        0.124    -0.999 r  drop_counter[25]_i_8/O
                         net (fo=1, routed)           0.790    -0.209    drop_counter[25]_i_8_n_0
    SLICE_X89Y70         LUT5 (Prop_lut5_I4_O)        0.124    -0.085 r  drop_counter[25]_i_7/O
                         net (fo=1, routed)           0.636     0.551    drop_counter[25]_i_7_n_0
    SLICE_X89Y68         LUT6 (Prop_lut6_I5_O)        0.124     0.675 r  drop_counter[25]_i_4/O
                         net (fo=1, routed)           0.641     1.316    drop_counter[25]_i_4_n_0
    SLICE_X89Y67         LUT6 (Prop_lut6_I0_O)        0.124     1.440 r  drop_counter[25]_i_2/O
                         net (fo=27, routed)          1.529     2.969    drop_counter[25]_i_2_n_0
    SLICE_X87Y70         LUT3 (Prop_lut3_I0_O)        0.152     3.121 r  drop_counter[20]_i_1/O
                         net (fo=1, routed)           0.000     3.121    drop_counter[20]
    SLICE_X87Y70         FDCE                                         r  drop_counter_reg[20]/D
  -------------------------------------------------------------------    -------------------

                         (clock clk_out1_clk_wiz_0 rise edge)
                                                     30.303    30.303 r  
    Y9                                                0.000    30.303 r  sys_clk (IN)
                         net (fo=0)                   0.000    30.303    clk_wiz_inst/inst/clk_in1
    Y9                   IBUF (Prop_ibuf_I_O)         1.420    31.723 r  clk_wiz_inst/inst/clkin1_ibufg/O
                         net (fo=1, routed)           1.181    32.904    clk_wiz_inst/inst/clk_in1_clk_wiz_0
    PLLE2_ADV_X0Y0       PLLE2_ADV (Prop_plle2_adv_CLKIN1_CLKOUT0)
                                                     -7.970    24.934 r  clk_wiz_inst/inst/plle2_adv_inst/CLKOUT0
                         net (fo=1, routed)           1.686    26.620    clk_wiz_inst/inst/clk_out1_clk_wiz_0
    BUFGCTRL_X0Y0        BUFG (Prop_bufg_I_O)         0.091    26.711 r  clk_wiz_inst/inst/clkout1_buf/O
                         net (fo=65, routed)          1.538    28.249    lcd_clk_OBUF
    SLICE_X87Y70         FDCE                                         r  drop_counter_reg[20]/C
                         clock pessimism             -0.377    27.872    
                         clock uncertainty           -0.170    27.702    
    SLICE_X87Y70         FDCE (Setup_fdce_C_D)        0.075    27.777    drop_counter_reg[20]
  -------------------------------------------------------------------
                         required time                         27.777    
                         arrival time                          -3.121    
  -------------------------------------------------------------------
                         slack                                 24.656    

Slack (MET) :             24.662ns  (required time - arrival time)
  Source:                 drop_counter_reg[23]/C
                            (rising edge-triggered cell FDCE clocked by clk_out1_clk_wiz_0  {rise@0.000ns fall@15.152ns period=30.303ns})
  Destination:            drop_counter_reg[23]/D
                            (rising edge-triggered cell FDCE clocked by clk_out1_clk_wiz_0  {rise@0.000ns fall@15.152ns period=30.303ns})
  Path Group:             clk_out1_clk_wiz_0
  Path Type:              Setup (Max at Slow Process Corner)
  Requirement:            30.303ns  (clk_out1_clk_wiz_0 rise@30.303ns - clk_out1_clk_wiz_0 rise@0.000ns)
  Data Path Delay:        5.502ns  (logic 1.076ns (19.558%)  route 4.426ns (80.442%))
  Logic Levels:           5  (LUT3=1 LUT4=1 LUT5=1 LUT6=2)
  Clock Path Skew:        0.000ns (DCD - SCD + CPR)
    Destination Clock Delay (DCD):    -2.055ns = ( 28.248 - 30.303 ) 
    Source Clock Delay      (SCD):    -2.409ns
    Clock Pessimism Removal (CPR):    -0.354ns
  Clock Uncertainty:      0.170ns  ((TSJ^2 + DJ^2)^1/2) / 2 + PE
    Total System Jitter     (TSJ):    0.071ns
    Discrete Jitter          (DJ):    0.333ns
    Phase Error              (PE):    0.000ns

    Location             Delay type                Incr(ns)  Path(ns)    Netlist Resource(s)
  -------------------------------------------------------------------    -------------------
                         (clock clk_out1_clk_wiz_0 rise edge)
                                                      0.000     0.000 r  
    Y9                                                0.000     0.000 r  sys_clk (IN)
                         net (fo=0)                   0.000     0.000    clk_wiz_inst/inst/clk_in1
    Y9                   IBUF (Prop_ibuf_I_O)         1.490     1.490 r  clk_wiz_inst/inst/clkin1_ibufg/O
                         net (fo=1, routed)           1.306     2.796    clk_wiz_inst/inst/clk_in1_clk_wiz_0
    PLLE2_ADV_X0Y0       PLLE2_ADV (Prop_plle2_adv_CLKIN1_CLKOUT0)
                                                     -8.866    -6.070 r  clk_wiz_inst/inst/plle2_adv_inst/CLKOUT0
                         net (fo=1, routed)           1.849    -4.221    clk_wiz_inst/inst/clk_out1_clk_wiz_0
    BUFGCTRL_X0Y0        BUFG (Prop_bufg_I_O)         0.101    -4.120 r  clk_wiz_inst/inst/clkout1_buf/O
                         net (fo=65, routed)          1.711    -2.409    lcd_clk_OBUF
    SLICE_X87Y71         FDCE                                         r  drop_counter_reg[23]/C
  -------------------------------------------------------------------    -------------------
    SLICE_X87Y71         FDCE (Prop_fdce_C_Q)         0.456    -1.953 f  drop_counter_reg[23]/Q
                         net (fo=2, routed)           0.829    -1.123    drop_counter_reg_n_0_[23]
    SLICE_X87Y70         LUT4 (Prop_lut4_I2_O)        0.124    -0.999 r  drop_counter[25]_i_8/O
                         net (fo=1, routed)           0.790    -0.209    drop_counter[25]_i_8_n_0
    SLICE_X89Y70         LUT5 (Prop_lut5_I4_O)        0.124    -0.085 r  drop_counter[25]_i_7/O
                         net (fo=1, routed)           0.636     0.551    drop_counter[25]_i_7_n_0
    SLICE_X89Y68         LUT6 (Prop_lut6_I5_O)        0.124     0.675 r  drop_counter[25]_i_4/O
                         net (fo=1, routed)           0.641     1.316    drop_counter[25]_i_4_n_0
    SLICE_X89Y67         LUT6 (Prop_lut6_I0_O)        0.124     1.440 r  drop_counter[25]_i_2/O
                         net (fo=27, routed)          1.529     2.969    drop_counter[25]_i_2_n_0
    SLICE_X87Y71         LUT3 (Prop_lut3_I0_O)        0.124     3.093 r  drop_counter[23]_i_1/O
                         net (fo=1, routed)           0.000     3.093    drop_counter[23]
    SLICE_X87Y71         FDCE                                         r  drop_counter_reg[23]/D
  -------------------------------------------------------------------    -------------------

                         (clock clk_out1_clk_wiz_0 rise edge)
                                                     30.303    30.303 r  
    Y9                                                0.000    30.303 r  sys_clk (IN)
                         net (fo=0)                   0.000    30.303    clk_wiz_inst/inst/clk_in1
    Y9                   IBUF (Prop_ibuf_I_O)         1.420    31.723 r  clk_wiz_inst/inst/clkin1_ibufg/O
                         net (fo=1, routed)           1.181    32.904    clk_wiz_inst/inst/clk_in1_clk_wiz_0
    PLLE2_ADV_X0Y0       PLLE2_ADV (Prop_plle2_adv_CLKIN1_CLKOUT0)
                                                     -7.970    24.934 r  clk_wiz_inst/inst/plle2_adv_inst/CLKOUT0
                         net (fo=1, routed)           1.686    26.620    clk_wiz_inst/inst/clk_out1_clk_wiz_0
    BUFGCTRL_X0Y0        BUFG (Prop_bufg_I_O)         0.091    26.711 r  clk_wiz_inst/inst/clkout1_buf/O
                         net (fo=65, routed)          1.537    28.248    lcd_clk_OBUF
    SLICE_X87Y71         FDCE                                         r  drop_counter_reg[23]/C
                         clock pessimism             -0.354    27.894    
                         clock uncertainty           -0.170    27.724    
    SLICE_X87Y71         FDCE (Setup_fdce_C_D)        0.031    27.755    drop_counter_reg[23]
  -------------------------------------------------------------------
                         required time                         27.755    
                         arrival time                          -3.093    
  -------------------------------------------------------------------
                         slack                                 24.662    





Min Delay Paths
--------------------------------------------------------------------------------------
Slack (MET) :             0.143ns  (arrival time - required time)
  Source:                 cnt_v_reg[9]/C
                            (rising edge-triggered cell FDCE clocked by clk_out1_clk_wiz_0  {rise@0.000ns fall@15.152ns period=30.303ns})
  Destination:            cnt_v_reg[0]/D
                            (rising edge-triggered cell FDCE clocked by clk_out1_clk_wiz_0  {rise@0.000ns fall@15.152ns period=30.303ns})
  Path Group:             clk_out1_clk_wiz_0
  Path Type:              Hold (Min at Fast Process Corner)
  Requirement:            0.000ns  (clk_out1_clk_wiz_0 rise@0.000ns - clk_out1_clk_wiz_0 rise@0.000ns)
  Data Path Delay:        0.276ns  (logic 0.186ns (67.333%)  route 0.090ns (32.667%))
  Logic Levels:           1  (LUT6=1)
  Clock Path Skew:        0.013ns (DCD - SCD - CPR)
    Destination Clock Delay (DCD):    -0.298ns
    Source Clock Delay      (SCD):    -0.528ns
    Clock Pessimism Removal (CPR):    0.217ns

    Location             Delay type                Incr(ns)  Path(ns)    Netlist Resource(s)
  -------------------------------------------------------------------    -------------------
                         (clock clk_out1_clk_wiz_0 rise edge)
                                                      0.000     0.000 r  
    Y9                                                0.000     0.000 r  sys_clk (IN)
                         net (fo=0)                   0.000     0.000    clk_wiz_inst/inst/clk_in1
    Y9                   IBUF (Prop_ibuf_I_O)         0.258     0.258 r  clk_wiz_inst/inst/clkin1_ibufg/O
                         net (fo=1, routed)           0.440     0.698    clk_wiz_inst/inst/clk_in1_clk_wiz_0
    PLLE2_ADV_X0Y0       PLLE2_ADV (Prop_plle2_adv_CLKIN1_CLKOUT0)
                                                     -2.384    -1.685 r  clk_wiz_inst/inst/plle2_adv_inst/CLKOUT0
                         net (fo=1, routed)           0.533    -1.152    clk_wiz_inst/inst/clk_out1_clk_wiz_0
    BUFGCTRL_X0Y0        BUFG (Prop_bufg_I_O)         0.026    -1.126 r  clk_wiz_inst/inst/clkout1_buf/O
                         net (fo=65, routed)          0.599    -0.528    lcd_clk_OBUF
    SLICE_X97Y77         FDCE                                         r  cnt_v_reg[9]/C
  -------------------------------------------------------------------    -------------------
    SLICE_X97Y77         FDCE (Prop_fdce_C_Q)         0.141    -0.387 f  cnt_v_reg[9]/Q
                         net (fo=6, routed)           0.090    -0.296    cnt_v_reg_n_0_[9]
    SLICE_X96Y77         LUT6 (Prop_lut6_I1_O)        0.045    -0.251 r  cnt_v[0]_i_1/O
                         net (fo=1, routed)           0.000    -0.251    cnt_v[0]_i_1_n_0
    SLICE_X96Y77         FDCE                                         r  cnt_v_reg[0]/D
  -------------------------------------------------------------------    -------------------

                         (clock clk_out1_clk_wiz_0 rise edge)
                                                      0.000     0.000 r  
    Y9                                                0.000     0.000 r  sys_clk (IN)
                         net (fo=0)                   0.000     0.000    clk_wiz_inst/inst/clk_in1
    Y9                   IBUF (Prop_ibuf_I_O)         0.446     0.446 r  clk_wiz_inst/inst/clkin1_ibufg/O
                         net (fo=1, routed)           0.481     0.927    clk_wiz_inst/inst/clk_in1_clk_wiz_0
    PLLE2_ADV_X0Y0       PLLE2_ADV (Prop_plle2_adv_CLKIN1_CLKOUT0)
                                                     -2.700    -1.773 r  clk_wiz_inst/inst/plle2_adv_inst/CLKOUT0
                         net (fo=1, routed)           0.580    -1.193    clk_wiz_inst/inst/clk_out1_clk_wiz_0
    BUFGCTRL_X0Y0        BUFG (Prop_bufg_I_O)         0.029    -1.164 r  clk_wiz_inst/inst/clkout1_buf/O
                         net (fo=65, routed)          0.866    -0.298    lcd_clk_OBUF
    SLICE_X96Y77         FDCE                                         r  cnt_v_reg[0]/C
                         clock pessimism             -0.217    -0.515    
    SLICE_X96Y77         FDCE (Hold_fdce_C_D)         0.120    -0.395    cnt_v_reg[0]
  -------------------------------------------------------------------
                         required time                          0.395    
                         arrival time                          -0.251    
  -------------------------------------------------------------------
                         slack                                  0.143    

Slack (MET) :             0.234ns  (arrival time - required time)
  Source:                 cnt_h_reg[2]/C
                            (rising edge-triggered cell FDCE clocked by clk_out1_clk_wiz_0  {rise@0.000ns fall@15.152ns period=30.303ns})
  Destination:            cnt_h_reg[10]/D
                            (rising edge-triggered cell FDCE clocked by clk_out1_clk_wiz_0  {rise@0.000ns fall@15.152ns period=30.303ns})
  Path Group:             clk_out1_clk_wiz_0
  Path Type:              Hold (Min at Fast Process Corner)
  Requirement:            0.000ns  (clk_out1_clk_wiz_0 rise@0.000ns - clk_out1_clk_wiz_0 rise@0.000ns)
  Data Path Delay:        0.367ns  (logic 0.186ns (50.737%)  route 0.181ns (49.263%))
  Logic Levels:           1  (LUT6=1)
  Clock Path Skew:        0.012ns (DCD - SCD - CPR)
    Destination Clock Delay (DCD):    -0.300ns
    Source Clock Delay      (SCD):    -0.529ns
    Clock Pessimism Removal (CPR):    0.217ns

    Location             Delay type                Incr(ns)  Path(ns)    Netlist Resource(s)
  -------------------------------------------------------------------    -------------------
                         (clock clk_out1_clk_wiz_0 rise edge)
                                                      0.000     0.000 r  
    Y9                                                0.000     0.000 r  sys_clk (IN)
                         net (fo=0)                   0.000     0.000    clk_wiz_inst/inst/clk_in1
    Y9                   IBUF (Prop_ibuf_I_O)         0.258     0.258 r  clk_wiz_inst/inst/clkin1_ibufg/O
                         net (fo=1, routed)           0.440     0.698    clk_wiz_inst/inst/clk_in1_clk_wiz_0
    PLLE2_ADV_X0Y0       PLLE2_ADV (Prop_plle2_adv_CLKIN1_CLKOUT0)
                                                     -2.384    -1.685 r  clk_wiz_inst/inst/plle2_adv_inst/CLKOUT0
                         net (fo=1, routed)           0.533    -1.152    clk_wiz_inst/inst/clk_out1_clk_wiz_0
    BUFGCTRL_X0Y0        BUFG (Prop_bufg_I_O)         0.026    -1.126 r  clk_wiz_inst/inst/clkout1_buf/O
                         net (fo=65, routed)          0.598    -0.529    lcd_clk_OBUF
    SLICE_X101Y76        FDCE                                         r  cnt_h_reg[2]/C
  -------------------------------------------------------------------    -------------------
    SLICE_X101Y76        FDCE (Prop_fdce_C_Q)         0.141    -0.388 f  cnt_h_reg[2]/Q
                         net (fo=59, routed)          0.181    -0.207    cnt_h_reg_n_0_[2]
    SLICE_X100Y75        LUT6 (Prop_lut6_I2_O)        0.045    -0.162 r  cnt_h[10]_i_1/O
                         net (fo=1, routed)           0.000    -0.162    cnt_h[10]
    SLICE_X100Y75        FDCE                                         r  cnt_h_reg[10]/D
  -------------------------------------------------------------------    -------------------

                         (clock clk_out1_clk_wiz_0 rise edge)
                                                      0.000     0.000 r  
    Y9                                                0.000     0.000 r  sys_clk (IN)
                         net (fo=0)                   0.000     0.000    clk_wiz_inst/inst/clk_in1
    Y9                   IBUF (Prop_ibuf_I_O)         0.446     0.446 r  clk_wiz_inst/inst/clkin1_ibufg/O
                         net (fo=1, routed)           0.481     0.927    clk_wiz_inst/inst/clk_in1_clk_wiz_0
    PLLE2_ADV_X0Y0       PLLE2_ADV (Prop_plle2_adv_CLKIN1_CLKOUT0)
                                                     -2.700    -1.773 r  clk_wiz_inst/inst/plle2_adv_inst/CLKOUT0
                         net (fo=1, routed)           0.580    -1.193    clk_wiz_inst/inst/clk_out1_clk_wiz_0
    BUFGCTRL_X0Y0        BUFG (Prop_bufg_I_O)         0.029    -1.164 r  clk_wiz_inst/inst/clkout1_buf/O
                         net (fo=65, routed)          0.864    -0.300    lcd_clk_OBUF
    SLICE_X100Y75        FDCE                                         r  cnt_h_reg[10]/C
                         clock pessimism             -0.217    -0.517    
    SLICE_X100Y75        FDCE (Hold_fdce_C_D)         0.121    -0.396    cnt_h_reg[10]
  -------------------------------------------------------------------
                         required time                          0.396    
                         arrival time                          -0.162    
  -------------------------------------------------------------------
                         slack                                  0.234    

Slack (MET) :             0.236ns  (arrival time - required time)
  Source:                 cnt_h_reg[2]/C
                            (rising edge-triggered cell FDCE clocked by clk_out1_clk_wiz_0  {rise@0.000ns fall@15.152ns period=30.303ns})
  Destination:            cnt_h_reg[1]/D
                            (rising edge-triggered cell FDCE clocked by clk_out1_clk_wiz_0  {rise@0.000ns fall@15.152ns period=30.303ns})
  Path Group:             clk_out1_clk_wiz_0
  Path Type:              Hold (Min at Fast Process Corner)
  Requirement:            0.000ns  (clk_out1_clk_wiz_0 rise@0.000ns - clk_out1_clk_wiz_0 rise@0.000ns)
  Data Path Delay:        0.369ns  (logic 0.186ns (50.461%)  route 0.183ns (49.539%))
  Logic Levels:           1  (LUT6=1)
  Clock Path Skew:        0.012ns (DCD - SCD - CPR)
    Destination Clock Delay (DCD):    -0.300ns
    Source Clock Delay      (SCD):    -0.529ns
    Clock Pessimism Removal (CPR):    0.217ns

    Location             Delay type                Incr(ns)  Path(ns)    Netlist Resource(s)
  -------------------------------------------------------------------    -------------------
                         (clock clk_out1_clk_wiz_0 rise edge)
                                                      0.000     0.000 r  
    Y9                                                0.000     0.000 r  sys_clk (IN)
                         net (fo=0)                   0.000     0.000    clk_wiz_inst/inst/clk_in1
    Y9                   IBUF (Prop_ibuf_I_O)         0.258     0.258 r  clk_wiz_inst/inst/clkin1_ibufg/O
                         net (fo=1, routed)           0.440     0.698    clk_wiz_inst/inst/clk_in1_clk_wiz_0
    PLLE2_ADV_X0Y0       PLLE2_ADV (Prop_plle2_adv_CLKIN1_CLKOUT0)
                                                     -2.384    -1.685 r  clk_wiz_inst/inst/plle2_adv_inst/CLKOUT0
                         net (fo=1, routed)           0.533    -1.152    clk_wiz_inst/inst/clk_out1_clk_wiz_0
    BUFGCTRL_X0Y0        BUFG (Prop_bufg_I_O)         0.026    -1.126 r  clk_wiz_inst/inst/clkout1_buf/O
                         net (fo=65, routed)          0.598    -0.529    lcd_clk_OBUF
    SLICE_X101Y76        FDCE                                         r  cnt_h_reg[2]/C
  -------------------------------------------------------------------    -------------------
    SLICE_X101Y76        FDCE (Prop_fdce_C_Q)         0.141    -0.388 f  cnt_h_reg[2]/Q
                         net (fo=59, routed)          0.183    -0.205    cnt_h_reg_n_0_[2]
    SLICE_X100Y75        LUT6 (Prop_lut6_I2_O)        0.045    -0.160 r  cnt_h[1]_i_1/O
                         net (fo=1, routed)           0.000    -0.160    cnt_h[1]
    SLICE_X100Y75        FDCE                                         r  cnt_h_reg[1]/D
  -------------------------------------------------------------------    -------------------

                         (clock clk_out1_clk_wiz_0 rise edge)
                                                      0.000     0.000 r  
    Y9                                                0.000     0.000 r  sys_clk (IN)
                         net (fo=0)                   0.000     0.000    clk_wiz_inst/inst/clk_in1
    Y9                   IBUF (Prop_ibuf_I_O)         0.446     0.446 r  clk_wiz_inst/inst/clkin1_ibufg/O
                         net (fo=1, routed)           0.481     0.927    clk_wiz_inst/inst/clk_in1_clk_wiz_0
    PLLE2_ADV_X0Y0       PLLE2_ADV (Prop_plle2_adv_CLKIN1_CLKOUT0)
                                                     -2.700    -1.773 r  clk_wiz_inst/inst/plle2_adv_inst/CLKOUT0
                         net (fo=1, routed)           0.580    -1.193    clk_wiz_inst/inst/clk_out1_clk_wiz_0
    BUFGCTRL_X0Y0        BUFG (Prop_bufg_I_O)         0.029    -1.164 r  clk_wiz_inst/inst/clkout1_buf/O
                         net (fo=65, routed)          0.864    -0.300    lcd_clk_OBUF
    SLICE_X100Y75        FDCE                                         r  cnt_h_reg[1]/C
                         clock pessimism             -0.217    -0.517    
    SLICE_X100Y75        FDCE (Hold_fdce_C_D)         0.121    -0.396    cnt_h_reg[1]
  -------------------------------------------------------------------
                         required time                          0.396    
                         arrival time                          -0.160    
  -------------------------------------------------------------------
                         slack                                  0.236    

Slack (MET) :             0.269ns  (arrival time - required time)
  Source:                 cnt_h_reg[3]/C
                            (rising edge-triggered cell FDCE clocked by clk_out1_clk_wiz_0  {rise@0.000ns fall@15.152ns period=30.303ns})
  Destination:            cnt_h_reg[5]/D
                            (rising edge-triggered cell FDCE clocked by clk_out1_clk_wiz_0  {rise@0.000ns fall@15.152ns period=30.303ns})
  Path Group:             clk_out1_clk_wiz_0
  Path Type:              Hold (Min at Fast Process Corner)
  Requirement:            0.000ns  (clk_out1_clk_wiz_0 rise@0.000ns - clk_out1_clk_wiz_0 rise@0.000ns)
  Data Path Delay:        0.401ns  (logic 0.209ns (52.153%)  route 0.192ns (47.847%))
  Logic Levels:           1  (LUT6=1)
  Clock Path Skew:        0.012ns (DCD - SCD - CPR)
    Destination Clock Delay (DCD):    -0.300ns
    Source Clock Delay      (SCD):    -0.529ns
    Clock Pessimism Removal (CPR):    0.217ns

    Location             Delay type                Incr(ns)  Path(ns)    Netlist Resource(s)
  -------------------------------------------------------------------    -------------------
                         (clock clk_out1_clk_wiz_0 rise edge)
                                                      0.000     0.000 r  
    Y9                                                0.000     0.000 r  sys_clk (IN)
                         net (fo=0)                   0.000     0.000    clk_wiz_inst/inst/clk_in1
    Y9                   IBUF (Prop_ibuf_I_O)         0.258     0.258 r  clk_wiz_inst/inst/clkin1_ibufg/O
                         net (fo=1, routed)           0.440     0.698    clk_wiz_inst/inst/clk_in1_clk_wiz_0
    PLLE2_ADV_X0Y0       PLLE2_ADV (Prop_plle2_adv_CLKIN1_CLKOUT0)
                                                     -2.384    -1.685 r  clk_wiz_inst/inst/plle2_adv_inst/CLKOUT0
                         net (fo=1, routed)           0.533    -1.152    clk_wiz_inst/inst/clk_out1_clk_wiz_0
    BUFGCTRL_X0Y0        BUFG (Prop_bufg_I_O)         0.026    -1.126 r  clk_wiz_inst/inst/clkout1_buf/O
                         net (fo=65, routed)          0.598    -0.529    lcd_clk_OBUF
    SLICE_X100Y73        FDCE                                         r  cnt_h_reg[3]/C
  -------------------------------------------------------------------    -------------------
    SLICE_X100Y73        FDCE (Prop_fdce_C_Q)         0.164    -0.365 f  cnt_h_reg[3]/Q
                         net (fo=27, routed)          0.192    -0.173    cnt_h_reg_n_0_[3]
    SLICE_X100Y74        LUT6 (Prop_lut6_I3_O)        0.045    -0.128 r  cnt_h[5]_i_1/O
                         net (fo=1, routed)           0.000    -0.128    cnt_h[5]
    SLICE_X100Y74        FDCE                                         r  cnt_h_reg[5]/D
  -------------------------------------------------------------------    -------------------

                         (clock clk_out1_clk_wiz_0 rise edge)
                                                      0.000     0.000 r  
    Y9                                                0.000     0.000 r  sys_clk (IN)
                         net (fo=0)                   0.000     0.000    clk_wiz_inst/inst/clk_in1
    Y9                   IBUF (Prop_ibuf_I_O)         0.446     0.446 r  clk_wiz_inst/inst/clkin1_ibufg/O
                         net (fo=1, routed)           0.481     0.927    clk_wiz_inst/inst/clk_in1_clk_wiz_0
    PLLE2_ADV_X0Y0       PLLE2_ADV (Prop_plle2_adv_CLKIN1_CLKOUT0)
                                                     -2.700    -1.773 r  clk_wiz_inst/inst/plle2_adv_inst/CLKOUT0
                         net (fo=1, routed)           0.580    -1.193    clk_wiz_inst/inst/clk_out1_clk_wiz_0
    BUFGCTRL_X0Y0        BUFG (Prop_bufg_I_O)         0.029    -1.164 r  clk_wiz_inst/inst/clkout1_buf/O
                         net (fo=65, routed)          0.864    -0.300    lcd_clk_OBUF
    SLICE_X100Y74        FDCE                                         r  cnt_h_reg[5]/C
                         clock pessimism             -0.217    -0.517    
    SLICE_X100Y74        FDCE (Hold_fdce_C_D)         0.120    -0.397    cnt_h_reg[5]
  -------------------------------------------------------------------
                         required time                          0.397    
                         arrival time                          -0.128    
  -------------------------------------------------------------------
                         slack                                  0.269    

Slack (MET) :             0.280ns  (arrival time - required time)
  Source:                 drop_counter_reg[0]/C
                            (rising edge-triggered cell FDCE clocked by clk_out1_clk_wiz_0  {rise@0.000ns fall@15.152ns period=30.303ns})
  Destination:            drop_counter_reg[5]/D
                            (rising edge-triggered cell FDCE clocked by clk_out1_clk_wiz_0  {rise@0.000ns fall@15.152ns period=30.303ns})
  Path Group:             clk_out1_clk_wiz_0
  Path Type:              Hold (Min at Fast Process Corner)
  Requirement:            0.000ns  (clk_out1_clk_wiz_0 rise@0.000ns - clk_out1_clk_wiz_0 rise@0.000ns)
  Data Path Delay:        0.387ns  (logic 0.183ns (47.319%)  route 0.204ns (52.681%))
  Logic Levels:           1  (LUT3=1)
  Clock Path Skew:        0.000ns (DCD - SCD - CPR)
    Destination Clock Delay (DCD):    -0.317ns
    Source Clock Delay      (SCD):    -0.548ns
    Clock Pessimism Removal (CPR):    0.231ns

    Location             Delay type                Incr(ns)  Path(ns)    Netlist Resource(s)
  -------------------------------------------------------------------    -------------------
                         (clock clk_out1_clk_wiz_0 rise edge)
                                                      0.000     0.000 r  
    Y9                                                0.000     0.000 r  sys_clk (IN)
                         net (fo=0)                   0.000     0.000    clk_wiz_inst/inst/clk_in1
    Y9                   IBUF (Prop_ibuf_I_O)         0.258     0.258 r  clk_wiz_inst/inst/clkin1_ibufg/O
                         net (fo=1, routed)           0.440     0.698    clk_wiz_inst/inst/clk_in1_clk_wiz_0
    PLLE2_ADV_X0Y0       PLLE2_ADV (Prop_plle2_adv_CLKIN1_CLKOUT0)
                                                     -2.384    -1.685 r  clk_wiz_inst/inst/plle2_adv_inst/CLKOUT0
                         net (fo=1, routed)           0.533    -1.152    clk_wiz_inst/inst/clk_out1_clk_wiz_0
    BUFGCTRL_X0Y0        BUFG (Prop_bufg_I_O)         0.026    -1.126 r  clk_wiz_inst/inst/clkout1_buf/O
                         net (fo=65, routed)          0.579    -0.548    lcd_clk_OBUF
    SLICE_X87Y67         FDCE                                         r  drop_counter_reg[0]/C
  -------------------------------------------------------------------    -------------------
    SLICE_X87Y67         FDCE (Prop_fdce_C_Q)         0.141    -0.407 r  drop_counter_reg[0]/Q
                         net (fo=28, routed)          0.204    -0.203    drop_counter_reg_n_0_[0]
    SLICE_X87Y67         LUT3 (Prop_lut3_I1_O)        0.042    -0.161 r  drop_counter[5]_i_1/O
                         net (fo=1, routed)           0.000    -0.161    drop_counter[5]
    SLICE_X87Y67         FDCE                                         r  drop_counter_reg[5]/D
  -------------------------------------------------------------------    -------------------

                         (clock clk_out1_clk_wiz_0 rise edge)
                                                      0.000     0.000 r  
    Y9                                                0.000     0.000 r  sys_clk (IN)
                         net (fo=0)                   0.000     0.000    clk_wiz_inst/inst/clk_in1
    Y9                   IBUF (Prop_ibuf_I_O)         0.446     0.446 r  clk_wiz_inst/inst/clkin1_ibufg/O
                         net (fo=1, routed)           0.481     0.927    clk_wiz_inst/inst/clk_in1_clk_wiz_0
    PLLE2_ADV_X0Y0       PLLE2_ADV (Prop_plle2_adv_CLKIN1_CLKOUT0)
                                                     -2.700    -1.773 r  clk_wiz_inst/inst/plle2_adv_inst/CLKOUT0
                         net (fo=1, routed)           0.580    -1.193    clk_wiz_inst/inst/clk_out1_clk_wiz_0
    BUFGCTRL_X0Y0        BUFG (Prop_bufg_I_O)         0.029    -1.164 r  clk_wiz_inst/inst/clkout1_buf/O
                         net (fo=65, routed)          0.847    -0.317    lcd_clk_OBUF
    SLICE_X87Y67         FDCE                                         r  drop_counter_reg[5]/C
                         clock pessimism             -0.231    -0.548    
    SLICE_X87Y67         FDCE (Hold_fdce_C_D)         0.107    -0.441    drop_counter_reg[5]
  -------------------------------------------------------------------
                         required time                          0.441    
                         arrival time                          -0.161    
  -------------------------------------------------------------------
                         slack                                  0.280    

Slack (MET) :             0.280ns  (arrival time - required time)
  Source:                 block_y_reg[1]/C
                            (rising edge-triggered cell FDCE clocked by clk_out1_clk_wiz_0  {rise@0.000ns fall@15.152ns period=30.303ns})
  Destination:            block_y_reg[5]/D
                            (rising edge-triggered cell FDCE clocked by clk_out1_clk_wiz_0  {rise@0.000ns fall@15.152ns period=30.303ns})
  Path Group:             clk_out1_clk_wiz_0
  Path Type:              Hold (Min at Fast Process Corner)
  Requirement:            0.000ns  (clk_out1_clk_wiz_0 rise@0.000ns - clk_out1_clk_wiz_0 rise@0.000ns)
  Data Path Delay:        0.372ns  (logic 0.227ns (60.990%)  route 0.145ns (39.010%))
  Logic Levels:           1  (LUT6=1)
  Clock Path Skew:        0.000ns (DCD - SCD - CPR)
    Destination Clock Delay (DCD):    -0.290ns
    Source Clock Delay      (SCD):    -0.522ns
    Clock Pessimism Removal (CPR):    0.232ns

    Location             Delay type                Incr(ns)  Path(ns)    Netlist Resource(s)
  -------------------------------------------------------------------    -------------------
                         (clock clk_out1_clk_wiz_0 rise edge)
                                                      0.000     0.000 r  
    Y9                                                0.000     0.000 r  sys_clk (IN)
                         net (fo=0)                   0.000     0.000    clk_wiz_inst/inst/clk_in1
    Y9                   IBUF (Prop_ibuf_I_O)         0.258     0.258 r  clk_wiz_inst/inst/clkin1_ibufg/O
                         net (fo=1, routed)           0.440     0.698    clk_wiz_inst/inst/clk_in1_clk_wiz_0
    PLLE2_ADV_X0Y0       PLLE2_ADV (Prop_plle2_adv_CLKIN1_CLKOUT0)
                                                     -2.384    -1.685 r  clk_wiz_inst/inst/plle2_adv_inst/CLKOUT0
                         net (fo=1, routed)           0.533    -1.152    clk_wiz_inst/inst/clk_out1_clk_wiz_0
    BUFGCTRL_X0Y0        BUFG (Prop_bufg_I_O)         0.026    -1.126 r  clk_wiz_inst/inst/clkout1_buf/O
                         net (fo=65, routed)          0.605    -0.522    lcd_clk_OBUF
    SLICE_X95Y86         FDCE                                         r  block_y_reg[1]/C
  -------------------------------------------------------------------    -------------------
    SLICE_X95Y86         FDCE (Prop_fdce_C_Q)         0.128    -0.394 r  block_y_reg[1]/Q
                         net (fo=21, routed)          0.145    -0.248    block_y_reg[1]
    SLICE_X95Y86         LUT6 (Prop_lut6_I0_O)        0.099    -0.149 r  block_y[5]_i_2/O
                         net (fo=1, routed)           0.000    -0.149    inside_block2[5]
    SLICE_X95Y86         FDCE                                         r  block_y_reg[5]/D
  -------------------------------------------------------------------    -------------------

                         (clock clk_out1_clk_wiz_0 rise edge)
                                                      0.000     0.000 r  
    Y9                                                0.000     0.000 r  sys_clk (IN)
                         net (fo=0)                   0.000     0.000    clk_wiz_inst/inst/clk_in1
    Y9                   IBUF (Prop_ibuf_I_O)         0.446     0.446 r  clk_wiz_inst/inst/clkin1_ibufg/O
                         net (fo=1, routed)           0.481     0.927    clk_wiz_inst/inst/clk_in1_clk_wiz_0
    PLLE2_ADV_X0Y0       PLLE2_ADV (Prop_plle2_adv_CLKIN1_CLKOUT0)
                                                     -2.700    -1.773 r  clk_wiz_inst/inst/plle2_adv_inst/CLKOUT0
                         net (fo=1, routed)           0.580    -1.193    clk_wiz_inst/inst/clk_out1_clk_wiz_0
    BUFGCTRL_X0Y0        BUFG (Prop_bufg_I_O)         0.029    -1.164 r  clk_wiz_inst/inst/clkout1_buf/O
                         net (fo=65, routed)          0.874    -0.290    lcd_clk_OBUF
    SLICE_X95Y86         FDCE                                         r  block_y_reg[5]/C
                         clock pessimism             -0.232    -0.522    
    SLICE_X95Y86         FDCE (Hold_fdce_C_D)         0.092    -0.430    block_y_reg[5]
  -------------------------------------------------------------------
                         required time                          0.430    
                         arrival time                          -0.149    
  -------------------------------------------------------------------
                         slack                                  0.280    

Slack (MET) :             0.283ns  (arrival time - required time)
  Source:                 drop_counter_reg[0]/C
                            (rising edge-triggered cell FDCE clocked by clk_out1_clk_wiz_0  {rise@0.000ns fall@15.152ns period=30.303ns})
  Destination:            drop_counter_reg[8]/D
                            (rising edge-triggered cell FDCE clocked by clk_out1_clk_wiz_0  {rise@0.000ns fall@15.152ns period=30.303ns})
  Path Group:             clk_out1_clk_wiz_0
  Path Type:              Hold (Min at Fast Process Corner)
  Requirement:            0.000ns  (clk_out1_clk_wiz_0 rise@0.000ns - clk_out1_clk_wiz_0 rise@0.000ns)
  Data Path Delay:        0.390ns  (logic 0.184ns (47.211%)  route 0.206ns (52.789%))
  Logic Levels:           1  (LUT3=1)
  Clock Path Skew:        0.000ns (DCD - SCD - CPR)
    Destination Clock Delay (DCD):    -0.317ns
    Source Clock Delay      (SCD):    -0.548ns
    Clock Pessimism Removal (CPR):    0.231ns

    Location             Delay type                Incr(ns)  Path(ns)    Netlist Resource(s)
  -------------------------------------------------------------------    -------------------
                         (clock clk_out1_clk_wiz_0 rise edge)
                                                      0.000     0.000 r  
    Y9                                                0.000     0.000 r  sys_clk (IN)
                         net (fo=0)                   0.000     0.000    clk_wiz_inst/inst/clk_in1
    Y9                   IBUF (Prop_ibuf_I_O)         0.258     0.258 r  clk_wiz_inst/inst/clkin1_ibufg/O
                         net (fo=1, routed)           0.440     0.698    clk_wiz_inst/inst/clk_in1_clk_wiz_0
    PLLE2_ADV_X0Y0       PLLE2_ADV (Prop_plle2_adv_CLKIN1_CLKOUT0)
                                                     -2.384    -1.685 r  clk_wiz_inst/inst/plle2_adv_inst/CLKOUT0
                         net (fo=1, routed)           0.533    -1.152    clk_wiz_inst/inst/clk_out1_clk_wiz_0
    BUFGCTRL_X0Y0        BUFG (Prop_bufg_I_O)         0.026    -1.126 r  clk_wiz_inst/inst/clkout1_buf/O
                         net (fo=65, routed)          0.579    -0.548    lcd_clk_OBUF
    SLICE_X87Y67         FDCE                                         r  drop_counter_reg[0]/C
  -------------------------------------------------------------------    -------------------
    SLICE_X87Y67         FDCE (Prop_fdce_C_Q)         0.141    -0.407 r  drop_counter_reg[0]/Q
                         net (fo=28, routed)          0.206    -0.201    drop_counter_reg_n_0_[0]
    SLICE_X87Y67         LUT3 (Prop_lut3_I1_O)        0.043    -0.158 r  drop_counter[8]_i_1/O
                         net (fo=1, routed)           0.000    -0.158    drop_counter[8]
    SLICE_X87Y67         FDCE                                         r  drop_counter_reg[8]/D
  -------------------------------------------------------------------    -------------------

                         (clock clk_out1_clk_wiz_0 rise edge)
                                                      0.000     0.000 r  
    Y9                                                0.000     0.000 r  sys_clk (IN)
                         net (fo=0)                   0.000     0.000    clk_wiz_inst/inst/clk_in1
    Y9                   IBUF (Prop_ibuf_I_O)         0.446     0.446 r  clk_wiz_inst/inst/clkin1_ibufg/O
                         net (fo=1, routed)           0.481     0.927    clk_wiz_inst/inst/clk_in1_clk_wiz_0
    PLLE2_ADV_X0Y0       PLLE2_ADV (Prop_plle2_adv_CLKIN1_CLKOUT0)
                                                     -2.700    -1.773 r  clk_wiz_inst/inst/plle2_adv_inst/CLKOUT0
                         net (fo=1, routed)           0.580    -1.193    clk_wiz_inst/inst/clk_out1_clk_wiz_0
    BUFGCTRL_X0Y0        BUFG (Prop_bufg_I_O)         0.029    -1.164 r  clk_wiz_inst/inst/clkout1_buf/O
                         net (fo=65, routed)          0.847    -0.317    lcd_clk_OBUF
    SLICE_X87Y67         FDCE                                         r  drop_counter_reg[8]/C
                         clock pessimism             -0.231    -0.548    
    SLICE_X87Y67         FDCE (Hold_fdce_C_D)         0.107    -0.441    drop_counter_reg[8]
  -------------------------------------------------------------------
                         required time                          0.441    
                         arrival time                          -0.158    
  -------------------------------------------------------------------
                         slack                                  0.283    

Slack (MET) :             0.286ns  (arrival time - required time)
  Source:                 cnt_v_reg[3]/C
                            (rising edge-triggered cell FDCE clocked by clk_out1_clk_wiz_0  {rise@0.000ns fall@15.152ns period=30.303ns})
  Destination:            cnt_v_reg[3]/D
                            (rising edge-triggered cell FDCE clocked by clk_out1_clk_wiz_0  {rise@0.000ns fall@15.152ns period=30.303ns})
  Path Group:             clk_out1_clk_wiz_0
  Path Type:              Hold (Min at Fast Process Corner)
  Requirement:            0.000ns  (clk_out1_clk_wiz_0 rise@0.000ns - clk_out1_clk_wiz_0 rise@0.000ns)
  Data Path Delay:        0.419ns  (logic 0.207ns (49.438%)  route 0.212ns (50.562%))
  Logic Levels:           1  (LUT5=1)
  Clock Path Skew:        0.000ns (DCD - SCD - CPR)
    Destination Clock Delay (DCD):    -0.297ns
    Source Clock Delay      (SCD):    -0.527ns
    Clock Pessimism Removal (CPR):    0.230ns

    Location             Delay type                Incr(ns)  Path(ns)    Netlist Resource(s)
  -------------------------------------------------------------------    -------------------
                         (clock clk_out1_clk_wiz_0 rise edge)
                                                      0.000     0.000 r  
    Y9                                                0.000     0.000 r  sys_clk (IN)
                         net (fo=0)                   0.000     0.000    clk_wiz_inst/inst/clk_in1
    Y9                   IBUF (Prop_ibuf_I_O)         0.258     0.258 r  clk_wiz_inst/inst/clkin1_ibufg/O
                         net (fo=1, routed)           0.440     0.698    clk_wiz_inst/inst/clk_in1_clk_wiz_0
    PLLE2_ADV_X0Y0       PLLE2_ADV (Prop_plle2_adv_CLKIN1_CLKOUT0)
                                                     -2.384    -1.685 r  clk_wiz_inst/inst/plle2_adv_inst/CLKOUT0
                         net (fo=1, routed)           0.533    -1.152    clk_wiz_inst/inst/clk_out1_clk_wiz_0
    BUFGCTRL_X0Y0        BUFG (Prop_bufg_I_O)         0.026    -1.126 r  clk_wiz_inst/inst/clkout1_buf/O
                         net (fo=65, routed)          0.600    -0.527    lcd_clk_OBUF
    SLICE_X98Y77         FDCE                                         r  cnt_v_reg[3]/C
  -------------------------------------------------------------------    -------------------
    SLICE_X98Y77         FDCE (Prop_fdce_C_Q)         0.164    -0.363 r  cnt_v_reg[3]/Q
                         net (fo=19, routed)          0.212    -0.151    cnt_v_reg_n_0_[3]
    SLICE_X98Y77         LUT5 (Prop_lut5_I2_O)        0.043    -0.108 r  cnt_v[3]_i_1/O
                         net (fo=1, routed)           0.000    -0.108    cnt_v[3]_i_1_n_0
    SLICE_X98Y77         FDCE                                         r  cnt_v_reg[3]/D
  -------------------------------------------------------------------    -------------------

                         (clock clk_out1_clk_wiz_0 rise edge)
                                                      0.000     0.000 r  
    Y9                                                0.000     0.000 r  sys_clk (IN)
                         net (fo=0)                   0.000     0.000    clk_wiz_inst/inst/clk_in1
    Y9                   IBUF (Prop_ibuf_I_O)         0.446     0.446 r  clk_wiz_inst/inst/clkin1_ibufg/O
                         net (fo=1, routed)           0.481     0.927    clk_wiz_inst/inst/clk_in1_clk_wiz_0
    PLLE2_ADV_X0Y0       PLLE2_ADV (Prop_plle2_adv_CLKIN1_CLKOUT0)
                                                     -2.700    -1.773 r  clk_wiz_inst/inst/plle2_adv_inst/CLKOUT0
                         net (fo=1, routed)           0.580    -1.193    clk_wiz_inst/inst/clk_out1_clk_wiz_0
    BUFGCTRL_X0Y0        BUFG (Prop_bufg_I_O)         0.029    -1.164 r  clk_wiz_inst/inst/clkout1_buf/O
                         net (fo=65, routed)          0.867    -0.297    lcd_clk_OBUF
    SLICE_X98Y77         FDCE                                         r  cnt_v_reg[3]/C
                         clock pessimism             -0.230    -0.527    
    SLICE_X98Y77         FDCE (Hold_fdce_C_D)         0.133    -0.394    cnt_v_reg[3]
  -------------------------------------------------------------------
                         required time                          0.394    
                         arrival time                          -0.108    
  -------------------------------------------------------------------
                         slack                                  0.286    

Slack (MET) :             0.288ns  (arrival time - required time)
  Source:                 cnt_h_reg[2]/C
                            (rising edge-triggered cell FDCE clocked by clk_out1_clk_wiz_0  {rise@0.000ns fall@15.152ns period=30.303ns})
  Destination:            cnt_h_reg[2]/D
                            (rising edge-triggered cell FDCE clocked by clk_out1_clk_wiz_0  {rise@0.000ns fall@15.152ns period=30.303ns})
  Path Group:             clk_out1_clk_wiz_0
  Path Type:              Hold (Min at Fast Process Corner)
  Requirement:            0.000ns  (clk_out1_clk_wiz_0 rise@0.000ns - clk_out1_clk_wiz_0 rise@0.000ns)
  Data Path Delay:        0.379ns  (logic 0.186ns (49.132%)  route 0.193ns (50.868%))
  Logic Levels:           1  (LUT6=1)
  Clock Path Skew:        0.000ns (DCD - SCD - CPR)
    Destination Clock Delay (DCD):    -0.299ns
    Source Clock Delay      (SCD):    -0.529ns
    Clock Pessimism Removal (CPR):    0.230ns

    Location             Delay type                Incr(ns)  Path(ns)    Netlist Resource(s)
  -------------------------------------------------------------------    -------------------
                         (clock clk_out1_clk_wiz_0 rise edge)
                                                      0.000     0.000 r  
    Y9                                                0.000     0.000 r  sys_clk (IN)
                         net (fo=0)                   0.000     0.000    clk_wiz_inst/inst/clk_in1
    Y9                   IBUF (Prop_ibuf_I_O)         0.258     0.258 r  clk_wiz_inst/inst/clkin1_ibufg/O
                         net (fo=1, routed)           0.440     0.698    clk_wiz_inst/inst/clk_in1_clk_wiz_0
    PLLE2_ADV_X0Y0       PLLE2_ADV (Prop_plle2_adv_CLKIN1_CLKOUT0)
                                                     -2.384    -1.685 r  clk_wiz_inst/inst/plle2_adv_inst/CLKOUT0
                         net (fo=1, routed)           0.533    -1.152    clk_wiz_inst/inst/clk_out1_clk_wiz_0
    BUFGCTRL_X0Y0        BUFG (Prop_bufg_I_O)         0.026    -1.126 r  clk_wiz_inst/inst/clkout1_buf/O
                         net (fo=65, routed)          0.598    -0.529    lcd_clk_OBUF
    SLICE_X101Y76        FDCE                                         r  cnt_h_reg[2]/C
  -------------------------------------------------------------------    -------------------
    SLICE_X101Y76        FDCE (Prop_fdce_C_Q)         0.141    -0.388 f  cnt_h_reg[2]/Q
                         net (fo=59, routed)          0.193    -0.195    cnt_h_reg_n_0_[2]
    SLICE_X101Y76        LUT6 (Prop_lut6_I2_O)        0.045    -0.150 r  cnt_h[2]_i_1/O
                         net (fo=1, routed)           0.000    -0.150    cnt_h[2]
    SLICE_X101Y76        FDCE                                         r  cnt_h_reg[2]/D
  -------------------------------------------------------------------    -------------------

                         (clock clk_out1_clk_wiz_0 rise edge)
                                                      0.000     0.000 r  
    Y9                                                0.000     0.000 r  sys_clk (IN)
                         net (fo=0)                   0.000     0.000    clk_wiz_inst/inst/clk_in1
    Y9                   IBUF (Prop_ibuf_I_O)         0.446     0.446 r  clk_wiz_inst/inst/clkin1_ibufg/O
                         net (fo=1, routed)           0.481     0.927    clk_wiz_inst/inst/clk_in1_clk_wiz_0
    PLLE2_ADV_X0Y0       PLLE2_ADV (Prop_plle2_adv_CLKIN1_CLKOUT0)
                                                     -2.700    -1.773 r  clk_wiz_inst/inst/plle2_adv_inst/CLKOUT0
                         net (fo=1, routed)           0.580    -1.193    clk_wiz_inst/inst/clk_out1_clk_wiz_0
    BUFGCTRL_X0Y0        BUFG (Prop_bufg_I_O)         0.029    -1.164 r  clk_wiz_inst/inst/clkout1_buf/O
                         net (fo=65, routed)          0.865    -0.299    lcd_clk_OBUF
    SLICE_X101Y76        FDCE                                         r  cnt_h_reg[2]/C
                         clock pessimism             -0.230    -0.529    
    SLICE_X101Y76        FDCE (Hold_fdce_C_D)         0.091    -0.438    cnt_h_reg[2]
  -------------------------------------------------------------------
                         required time                          0.438    
                         arrival time                          -0.150    
  -------------------------------------------------------------------
                         slack                                  0.288    

Slack (MET) :             0.289ns  (arrival time - required time)
  Source:                 cnt_v_reg[6]/C
                            (rising edge-triggered cell FDCE clocked by clk_out1_clk_wiz_0  {rise@0.000ns fall@15.152ns period=30.303ns})
  Destination:            cnt_v_reg[6]/D
                            (rising edge-triggered cell FDCE clocked by clk_out1_clk_wiz_0  {rise@0.000ns fall@15.152ns period=30.303ns})
  Path Group:             clk_out1_clk_wiz_0
  Path Type:              Hold (Min at Fast Process Corner)
  Requirement:            0.000ns  (clk_out1_clk_wiz_0 rise@0.000ns - clk_out1_clk_wiz_0 rise@0.000ns)
  Data Path Delay:        0.409ns  (logic 0.209ns (51.146%)  route 0.200ns (48.854%))
  Logic Levels:           1  (LUT5=1)
  Clock Path Skew:        0.000ns (DCD - SCD - CPR)
    Destination Clock Delay (DCD):    -0.300ns
    Source Clock Delay      (SCD):    -0.530ns
    Clock Pessimism Removal (CPR):    0.230ns

    Location             Delay type                Incr(ns)  Path(ns)    Netlist Resource(s)
  -------------------------------------------------------------------    -------------------
                         (clock clk_out1_clk_wiz_0 rise edge)
                                                      0.000     0.000 r  
    Y9                                                0.000     0.000 r  sys_clk (IN)
                         net (fo=0)                   0.000     0.000    clk_wiz_inst/inst/clk_in1
    Y9                   IBUF (Prop_ibuf_I_O)         0.258     0.258 r  clk_wiz_inst/inst/clkin1_ibufg/O
                         net (fo=1, routed)           0.440     0.698    clk_wiz_inst/inst/clk_in1_clk_wiz_0
    PLLE2_ADV_X0Y0       PLLE2_ADV (Prop_plle2_adv_CLKIN1_CLKOUT0)
                                                     -2.384    -1.685 r  clk_wiz_inst/inst/plle2_adv_inst/CLKOUT0
                         net (fo=1, routed)           0.533    -1.152    clk_wiz_inst/inst/clk_out1_clk_wiz_0
    BUFGCTRL_X0Y0        BUFG (Prop_bufg_I_O)         0.026    -1.126 r  clk_wiz_inst/inst/clkout1_buf/O
                         net (fo=65, routed)          0.597    -0.530    lcd_clk_OBUF
    SLICE_X98Y75         FDCE                                         r  cnt_v_reg[6]/C
  -------------------------------------------------------------------    -------------------
    SLICE_X98Y75         FDCE (Prop_fdce_C_Q)         0.164    -0.366 r  cnt_v_reg[6]/Q
                         net (fo=22, routed)          0.200    -0.166    cnt_v_reg_n_0_[6]
    SLICE_X98Y75         LUT5 (Prop_lut5_I0_O)        0.045    -0.121 r  cnt_v[6]_i_1/O
                         net (fo=1, routed)           0.000    -0.121    cnt_v[6]_i_1_n_0
    SLICE_X98Y75         FDCE                                         r  cnt_v_reg[6]/D
  -------------------------------------------------------------------    -------------------

                         (clock clk_out1_clk_wiz_0 rise edge)
                                                      0.000     0.000 r  
    Y9                                                0.000     0.000 r  sys_clk (IN)
                         net (fo=0)                   0.000     0.000    clk_wiz_inst/inst/clk_in1
    Y9                   IBUF (Prop_ibuf_I_O)         0.446     0.446 r  clk_wiz_inst/inst/clkin1_ibufg/O
                         net (fo=1, routed)           0.481     0.927    clk_wiz_inst/inst/clk_in1_clk_wiz_0
    PLLE2_ADV_X0Y0       PLLE2_ADV (Prop_plle2_adv_CLKIN1_CLKOUT0)
                                                     -2.700    -1.773 r  clk_wiz_inst/inst/plle2_adv_inst/CLKOUT0
                         net (fo=1, routed)           0.580    -1.193    clk_wiz_inst/inst/clk_out1_clk_wiz_0
    BUFGCTRL_X0Y0        BUFG (Prop_bufg_I_O)         0.029    -1.164 r  clk_wiz_inst/inst/clkout1_buf/O
                         net (fo=65, routed)          0.864    -0.300    lcd_clk_OBUF
    SLICE_X98Y75         FDCE                                         r  cnt_v_reg[6]/C
                         clock pessimism             -0.230    -0.530    
    SLICE_X98Y75         FDCE (Hold_fdce_C_D)         0.120    -0.410    cnt_v_reg[6]
  -------------------------------------------------------------------
                         required time                          0.410    
                         arrival time                          -0.121    
  -------------------------------------------------------------------
                         slack                                  0.289    





Pulse Width Checks
--------------------------------------------------------------------------------------
Clock Name:         clk_out1_clk_wiz_0
Waveform(ns):       { 0.000 15.152 }
Period(ns):         30.303
Sources:            { clk_wiz_inst/inst/plle2_adv_inst/CLKOUT0 }

Check Type        Corner  Lib Pin            Reference Pin  Required(ns)  Actual(ns)  Slack(ns)  Location        Pin
Min Period        n/a     BUFG/I             n/a            2.155         30.303      28.148     BUFGCTRL_X0Y0   clk_wiz_inst/inst/clkout1_buf/I
Min Period        n/a     PLLE2_ADV/CLKOUT0  n/a            1.249         30.303      29.054     PLLE2_ADV_X0Y0  clk_wiz_inst/inst/plle2_adv_inst/CLKOUT0
Min Period        n/a     FDCE/C             n/a            1.000         30.303      29.303     SLICE_X104Y82   block_x_reg[0]/C
Min Period        n/a     FDCE/C             n/a            1.000         30.303      29.303     SLICE_X104Y82   block_x_reg[1]/C
Min Period        n/a     FDPE/C             n/a            1.000         30.303      29.303     SLICE_X104Y82   block_x_reg[2]/C
Min Period        n/a     FDCE/C             n/a            1.000         30.303      29.303     SLICE_X104Y82   block_x_reg[3]/C
Min Period        n/a     FDCE/C             n/a            1.000         30.303      29.303     SLICE_X95Y86    block_y_reg[0]/C
Min Period        n/a     FDCE/C             n/a            1.000         30.303      29.303     SLICE_X95Y86    block_y_reg[1]/C
Min Period        n/a     FDPE/C             n/a            1.000         30.303      29.303     SLICE_X96Y86    block_y_reg[2]/C
Min Period        n/a     FDCE/C             n/a            1.000         30.303      29.303     SLICE_X96Y86    block_y_reg[3]/C
Max Period        n/a     PLLE2_ADV/CLKOUT0  n/a            160.000       30.303      129.697    PLLE2_ADV_X0Y0  clk_wiz_inst/inst/plle2_adv_inst/CLKOUT0
Low Pulse Width   Slow    FDCE/C             n/a            0.500         15.152      14.652     SLICE_X104Y82   block_x_reg[0]/C
Low Pulse Width   Fast    FDCE/C             n/a            0.500         15.152      14.652     SLICE_X104Y82   block_x_reg[0]/C
Low Pulse Width   Slow    FDCE/C             n/a            0.500         15.152      14.652     SLICE_X104Y82   block_x_reg[1]/C
Low Pulse Width   Fast    FDCE/C             n/a            0.500         15.152      14.652     SLICE_X104Y82   block_x_reg[1]/C
Low Pulse Width   Slow    FDPE/C             n/a            0.500         15.152      14.652     SLICE_X104Y82   block_x_reg[2]/C
Low Pulse Width   Fast    FDPE/C             n/a            0.500         15.152      14.652     SLICE_X104Y82   block_x_reg[2]/C
Low Pulse Width   Slow    FDCE/C             n/a            0.500         15.152      14.652     SLICE_X104Y82   block_x_reg[3]/C
Low Pulse Width   Fast    FDCE/C             n/a            0.500         15.152      14.652     SLICE_X104Y82   block_x_reg[3]/C
Low Pulse Width   Slow    FDCE/C             n/a            0.500         15.152      14.652     SLICE_X95Y86    block_y_reg[0]/C
Low Pulse Width   Fast    FDCE/C             n/a            0.500         15.152      14.652     SLICE_X95Y86    block_y_reg[0]/C
High Pulse Width  Slow    FDCE/C             n/a            0.500         15.152      14.652     SLICE_X104Y82   block_x_reg[0]/C
High Pulse Width  Fast    FDCE/C             n/a            0.500         15.152      14.652     SLICE_X104Y82   block_x_reg[0]/C
High Pulse Width  Slow    FDCE/C             n/a            0.500         15.152      14.652     SLICE_X104Y82   block_x_reg[1]/C
High Pulse Width  Fast    FDCE/C             n/a            0.500         15.152      14.652     SLICE_X104Y82   block_x_reg[1]/C
High Pulse Width  Slow    FDPE/C             n/a            0.500         15.152      14.652     SLICE_X104Y82   block_x_reg[2]/C
High Pulse Width  Fast    FDPE/C             n/a            0.500         15.152      14.652     SLICE_X104Y82   block_x_reg[2]/C
High Pulse Width  Slow    FDCE/C             n/a            0.500         15.152      14.652     SLICE_X104Y82   block_x_reg[3]/C
High Pulse Width  Fast    FDCE/C             n/a            0.500         15.152      14.652     SLICE_X104Y82   block_x_reg[3]/C
High Pulse Width  Slow    FDCE/C             n/a            0.500         15.152      14.652     SLICE_X95Y86    block_y_reg[0]/C
High Pulse Width  Fast    FDCE/C             n/a            0.500         15.152      14.652     SLICE_X95Y86    block_y_reg[0]/C



---------------------------------------------------------------------------------------------------
From Clock:  clkfbout_clk_wiz_0
  To Clock:  clkfbout_clk_wiz_0

Setup :           NA  Failing Endpoints,  Worst Slack           NA  ,  Total Violation           NA
Hold  :           NA  Failing Endpoints,  Worst Slack           NA  ,  Total Violation           NA
PW    :            0  Failing Endpoints,  Worst Slack       12.633ns,  Total Violation        0.000ns
---------------------------------------------------------------------------------------------------


Pulse Width Checks
--------------------------------------------------------------------------------------
Clock Name:         clkfbout_clk_wiz_0
Waveform(ns):       { 0.000 20.000 }
Period(ns):         40.000
Sources:            { clk_wiz_inst/inst/plle2_adv_inst/CLKFBOUT }

Check Type  Corner  Lib Pin             Reference Pin  Required(ns)  Actual(ns)  Slack(ns)  Location        Pin
Min Period  n/a     BUFG/I              n/a            2.155         40.000      37.845     BUFGCTRL_X0Y1   clk_wiz_inst/inst/clkf_buf/I
Min Period  n/a     PLLE2_ADV/CLKFBOUT  n/a            1.249         40.000      38.751     PLLE2_ADV_X0Y0  clk_wiz_inst/inst/plle2_adv_inst/CLKFBOUT
Min Period  n/a     PLLE2_ADV/CLKFBIN   n/a            1.249         40.000      38.751     PLLE2_ADV_X0Y0  clk_wiz_inst/inst/plle2_adv_inst/CLKFBIN
Max Period  n/a     PLLE2_ADV/CLKFBIN   n/a            52.633        40.000      12.633     PLLE2_ADV_X0Y0  clk_wiz_inst/inst/plle2_adv_inst/CLKFBIN
Max Period  n/a     PLLE2_ADV/CLKFBOUT  n/a            160.000       40.000      120.000    PLLE2_ADV_X0Y0  clk_wiz_inst/inst/plle2_adv_inst/CLKFBOUT



--------------------------------------------------------------------------------------
Path Group:  (none)
From Clock:  clk_out1_clk_wiz_0
  To Clock:  

Max Delay            28 Endpoints
Min Delay            28 Endpoints
--------------------------------------------------------------------------------------


Max Delay Paths
--------------------------------------------------------------------------------------
Slack:                    inf
  Source:                 clk_wiz_inst/inst/plle2_adv_inst/CLKOUT0
                            (clock source 'clk_out1_clk_wiz_0'  {rise@0.000ns fall@15.152ns period=30.303ns})
  Destination:            lcd_clk
                            (output port)
  Path Group:             (none)
  Path Type:              Max at Slow Process Corner
  Data Path Delay:        8.605ns  (logic 3.603ns (41.864%)  route 5.003ns (58.136%))
  Logic Levels:           2  (BUFG=1 OBUF=1)
  Clock Uncertainty:      0.430ns  ((TSJ^2 + DJ^2)^1/2) / 2 + PE
    Total System Jitter     (TSJ):    0.050ns
    Discrete Jitter          (DJ):    0.333ns
    Phase Error              (PE):    0.262ns

    Location             Delay type                Incr(ns)  Path(ns)    Netlist Resource(s)
  -------------------------------------------------------------------    -------------------
                         (clock clk_out1_clk_wiz_0 fall edge)
                                                     15.152    15.152 f  
    Y9                                                0.000    15.152 f  sys_clk (IN)
                         net (fo=0)                   0.000    15.152    clk_wiz_inst/inst/clk_in1
    Y9                   IBUF (Prop_ibuf_I_O)         1.490    16.642 f  clk_wiz_inst/inst/clkin1_ibufg/O
                         net (fo=1, routed)           1.306    17.948    clk_wiz_inst/inst/clk_in1_clk_wiz_0
  -------------------------------------------------------------------    -------------------
    PLLE2_ADV_X0Y0       PLLE2_ADV (Prop_plle2_adv_CLKIN1_CLKOUT0)
                                                     -8.866     9.082 f  clk_wiz_inst/inst/plle2_adv_inst/CLKOUT0
                         net (fo=1, routed)           1.849    10.931    clk_wiz_inst/inst/clk_out1_clk_wiz_0
    BUFGCTRL_X0Y0        BUFG (Prop_bufg_I_O)         0.101    11.032 f  clk_wiz_inst/inst/clkout1_buf/O
                         net (fo=65, routed)          3.154    14.186    lcd_clk_OBUF
    L18                  OBUF (Prop_obuf_I_O)         3.502    17.687 f  lcd_clk_OBUF_inst/O
                         net (fo=0)                   0.000    17.687    lcd_clk
    L18                                                               f  lcd_clk (OUT)
  -------------------------------------------------------------------    -------------------

Slack:                    inf
  Source:                 cnt_h_reg[3]/C
                            (rising edge-triggered cell FDCE clocked by clk_out1_clk_wiz_0  {rise@0.000ns fall@15.152ns period=30.303ns})
  Destination:            rgb_lcd[12]
                            (output port)
  Path Group:             (none)
  Path Type:              Max at Slow Process Corner
  Data Path Delay:        13.329ns  (logic 4.616ns (34.634%)  route 8.713ns (65.366%))
  Logic Levels:           4  (LUT4=1 LUT6=2 OBUF=1)
  Clock Uncertainty:      0.430ns  ((TSJ^2 + DJ^2)^1/2) / 2 + PE
    Total System Jitter     (TSJ):    0.050ns
    Discrete Jitter          (DJ):    0.333ns
    Phase Error              (PE):    0.262ns

    Location             Delay type                Incr(ns)  Path(ns)    Netlist Resource(s)
  -------------------------------------------------------------------    -------------------
                         (clock clk_out1_clk_wiz_0 rise edge)
                                                      0.000     0.000 r  
    Y9                                                0.000     0.000 r  sys_clk (IN)
                         net (fo=0)                   0.000     0.000    clk_wiz_inst/inst/clk_in1
    Y9                   IBUF (Prop_ibuf_I_O)         1.490     1.490 r  clk_wiz_inst/inst/clkin1_ibufg/O
                         net (fo=1, routed)           1.306     2.796    clk_wiz_inst/inst/clk_in1_clk_wiz_0
    PLLE2_ADV_X0Y0       PLLE2_ADV (Prop_plle2_adv_CLKIN1_CLKOUT0)
                                                     -8.866    -6.070 r  clk_wiz_inst/inst/plle2_adv_inst/CLKOUT0
                         net (fo=1, routed)           1.849    -4.221    clk_wiz_inst/inst/clk_out1_clk_wiz_0
    BUFGCTRL_X0Y0        BUFG (Prop_bufg_I_O)         0.101    -4.120 r  clk_wiz_inst/inst/clkout1_buf/O
                         net (fo=65, routed)          1.770    -2.350    lcd_clk_OBUF
    SLICE_X100Y73        FDCE                                         r  cnt_h_reg[3]/C
  -------------------------------------------------------------------    -------------------
    SLICE_X100Y73        FDCE (Prop_fdce_C_Q)         0.518    -1.832 f  cnt_h_reg[3]/Q
                         net (fo=27, routed)          1.387    -0.445    cnt_h_reg_n_0_[3]
    SLICE_X100Y78        LUT4 (Prop_lut4_I1_O)        0.150    -0.295 r  hsync_OBUF_inst_i_2/O
                         net (fo=2, routed)           0.467     0.172    hsync_OBUF_inst_i_2_n_0
    SLICE_X100Y78        LUT6 (Prop_lut6_I5_O)        0.328     0.500 f  rgb_lcd_OBUF[23]_inst_i_3/O
                         net (fo=6, routed)           1.061     1.561    rgb_lcd_OBUF[23]_inst_i_3_n_0
    SLICE_X101Y83        LUT6 (Prop_lut6_I3_O)        0.124     1.685 r  rgb_lcd_OBUF[22]_inst_i_1/O
                         net (fo=14, routed)          5.798     7.483    rgb_lcd_OBUF[8]
    E18                  OBUF (Prop_obuf_I_O)         3.496    10.980 r  rgb_lcd_OBUF[12]_inst/O
                         net (fo=0)                   0.000    10.980    rgb_lcd[12]
    E18                                                               r  rgb_lcd[12] (OUT)
  -------------------------------------------------------------------    -------------------

Slack:                    inf
  Source:                 cnt_h_reg[3]/C
                            (rising edge-triggered cell FDCE clocked by clk_out1_clk_wiz_0  {rise@0.000ns fall@15.152ns period=30.303ns})
  Destination:            rgb_lcd[17]
                            (output port)
  Path Group:             (none)
  Path Type:              Max at Slow Process Corner
  Data Path Delay:        12.944ns  (logic 4.657ns (35.976%)  route 8.287ns (64.024%))
  Logic Levels:           4  (LUT4=1 LUT6=2 OBUF=1)
  Clock Uncertainty:      0.430ns  ((TSJ^2 + DJ^2)^1/2) / 2 + PE
    Total System Jitter     (TSJ):    0.050ns
    Discrete Jitter          (DJ):    0.333ns
    Phase Error              (PE):    0.262ns

    Location             Delay type                Incr(ns)  Path(ns)    Netlist Resource(s)
  -------------------------------------------------------------------    -------------------
                         (clock clk_out1_clk_wiz_0 rise edge)
                                                      0.000     0.000 r  
    Y9                                                0.000     0.000 r  sys_clk (IN)
                         net (fo=0)                   0.000     0.000    clk_wiz_inst/inst/clk_in1
    Y9                   IBUF (Prop_ibuf_I_O)         1.490     1.490 r  clk_wiz_inst/inst/clkin1_ibufg/O
                         net (fo=1, routed)           1.306     2.796    clk_wiz_inst/inst/clk_in1_clk_wiz_0
    PLLE2_ADV_X0Y0       PLLE2_ADV (Prop_plle2_adv_CLKIN1_CLKOUT0)
                                                     -8.866    -6.070 r  clk_wiz_inst/inst/plle2_adv_inst/CLKOUT0
                         net (fo=1, routed)           1.849    -4.221    clk_wiz_inst/inst/clk_out1_clk_wiz_0
    BUFGCTRL_X0Y0        BUFG (Prop_bufg_I_O)         0.101    -4.120 r  clk_wiz_inst/inst/clkout1_buf/O
                         net (fo=65, routed)          1.770    -2.350    lcd_clk_OBUF
    SLICE_X100Y73        FDCE                                         r  cnt_h_reg[3]/C
  -------------------------------------------------------------------    -------------------
    SLICE_X100Y73        FDCE (Prop_fdce_C_Q)         0.518    -1.832 f  cnt_h_reg[3]/Q
                         net (fo=27, routed)          1.387    -0.445    cnt_h_reg_n_0_[3]
    SLICE_X100Y78        LUT4 (Prop_lut4_I1_O)        0.150    -0.295 r  hsync_OBUF_inst_i_2/O
                         net (fo=2, routed)           0.467     0.172    hsync_OBUF_inst_i_2_n_0
    SLICE_X100Y78        LUT6 (Prop_lut6_I5_O)        0.328     0.500 f  rgb_lcd_OBUF[23]_inst_i_3/O
                         net (fo=6, routed)           1.061     1.561    rgb_lcd_OBUF[23]_inst_i_3_n_0
    SLICE_X101Y83        LUT6 (Prop_lut6_I3_O)        0.124     1.685 r  rgb_lcd_OBUF[22]_inst_i_1/O
                         net (fo=14, routed)          5.372     7.058    rgb_lcd_OBUF[8]
    B16                  OBUF (Prop_obuf_I_O)         3.537    10.595 r  rgb_lcd_OBUF[17]_inst/O
                         net (fo=0)                   0.000    10.595    rgb_lcd[17]
    B16                                                               r  rgb_lcd[17] (OUT)
  -------------------------------------------------------------------    -------------------

Slack:                    inf
  Source:                 cnt_h_reg[3]/C
                            (rising edge-triggered cell FDCE clocked by clk_out1_clk_wiz_0  {rise@0.000ns fall@15.152ns period=30.303ns})
  Destination:            rgb_lcd[16]
                            (output port)
  Path Group:             (none)
  Path Type:              Max at Slow Process Corner
  Data Path Delay:        12.795ns  (logic 4.658ns (36.407%)  route 8.137ns (63.593%))
  Logic Levels:           4  (LUT4=1 LUT6=2 OBUF=1)
  Clock Uncertainty:      0.430ns  ((TSJ^2 + DJ^2)^1/2) / 2 + PE
    Total System Jitter     (TSJ):    0.050ns
    Discrete Jitter          (DJ):    0.333ns
    Phase Error              (PE):    0.262ns

    Location             Delay type                Incr(ns)  Path(ns)    Netlist Resource(s)
  -------------------------------------------------------------------    -------------------
                         (clock clk_out1_clk_wiz_0 rise edge)
                                                      0.000     0.000 r  
    Y9                                                0.000     0.000 r  sys_clk (IN)
                         net (fo=0)                   0.000     0.000    clk_wiz_inst/inst/clk_in1
    Y9                   IBUF (Prop_ibuf_I_O)         1.490     1.490 r  clk_wiz_inst/inst/clkin1_ibufg/O
                         net (fo=1, routed)           1.306     2.796    clk_wiz_inst/inst/clk_in1_clk_wiz_0
    PLLE2_ADV_X0Y0       PLLE2_ADV (Prop_plle2_adv_CLKIN1_CLKOUT0)
                                                     -8.866    -6.070 r  clk_wiz_inst/inst/plle2_adv_inst/CLKOUT0
                         net (fo=1, routed)           1.849    -4.221    clk_wiz_inst/inst/clk_out1_clk_wiz_0
    BUFGCTRL_X0Y0        BUFG (Prop_bufg_I_O)         0.101    -4.120 r  clk_wiz_inst/inst/clkout1_buf/O
                         net (fo=65, routed)          1.770    -2.350    lcd_clk_OBUF
    SLICE_X100Y73        FDCE                                         r  cnt_h_reg[3]/C
  -------------------------------------------------------------------    -------------------
    SLICE_X100Y73        FDCE (Prop_fdce_C_Q)         0.518    -1.832 f  cnt_h_reg[3]/Q
                         net (fo=27, routed)          1.387    -0.445    cnt_h_reg_n_0_[3]
    SLICE_X100Y78        LUT4 (Prop_lut4_I1_O)        0.150    -0.295 r  hsync_OBUF_inst_i_2/O
                         net (fo=2, routed)           0.467     0.172    hsync_OBUF_inst_i_2_n_0
    SLICE_X100Y78        LUT6 (Prop_lut6_I5_O)        0.328     0.500 f  rgb_lcd_OBUF[23]_inst_i_3/O
                         net (fo=6, routed)           1.061     1.561    rgb_lcd_OBUF[23]_inst_i_3_n_0
    SLICE_X101Y83        LUT6 (Prop_lut6_I3_O)        0.124     1.685 r  rgb_lcd_OBUF[22]_inst_i_1/O
                         net (fo=14, routed)          5.221     6.907    rgb_lcd_OBUF[8]
    B17                  OBUF (Prop_obuf_I_O)         3.538    10.445 r  rgb_lcd_OBUF[16]_inst/O
                         net (fo=0)                   0.000    10.445    rgb_lcd[16]
    B17                                                               r  rgb_lcd[16] (OUT)
  -------------------------------------------------------------------    -------------------

Slack:                    inf
  Source:                 cnt_h_reg[3]/C
                            (rising edge-triggered cell FDCE clocked by clk_out1_clk_wiz_0  {rise@0.000ns fall@15.152ns period=30.303ns})
  Destination:            rgb_lcd[20]
                            (output port)
  Path Group:             (none)
  Path Type:              Max at Slow Process Corner
  Data Path Delay:        12.651ns  (logic 4.666ns (36.878%)  route 7.986ns (63.122%))
  Logic Levels:           4  (LUT4=1 LUT6=2 OBUF=1)
  Clock Uncertainty:      0.430ns  ((TSJ^2 + DJ^2)^1/2) / 2 + PE
    Total System Jitter     (TSJ):    0.050ns
    Discrete Jitter          (DJ):    0.333ns
    Phase Error              (PE):    0.262ns

    Location             Delay type                Incr(ns)  Path(ns)    Netlist Resource(s)
  -------------------------------------------------------------------    -------------------
                         (clock clk_out1_clk_wiz_0 rise edge)
                                                      0.000     0.000 r  
    Y9                                                0.000     0.000 r  sys_clk (IN)
                         net (fo=0)                   0.000     0.000    clk_wiz_inst/inst/clk_in1
    Y9                   IBUF (Prop_ibuf_I_O)         1.490     1.490 r  clk_wiz_inst/inst/clkin1_ibufg/O
                         net (fo=1, routed)           1.306     2.796    clk_wiz_inst/inst/clk_in1_clk_wiz_0
    PLLE2_ADV_X0Y0       PLLE2_ADV (Prop_plle2_adv_CLKIN1_CLKOUT0)
                                                     -8.866    -6.070 r  clk_wiz_inst/inst/plle2_adv_inst/CLKOUT0
                         net (fo=1, routed)           1.849    -4.221    clk_wiz_inst/inst/clk_out1_clk_wiz_0
    BUFGCTRL_X0Y0        BUFG (Prop_bufg_I_O)         0.101    -4.120 r  clk_wiz_inst/inst/clkout1_buf/O
                         net (fo=65, routed)          1.770    -2.350    lcd_clk_OBUF
    SLICE_X100Y73        FDCE                                         r  cnt_h_reg[3]/C
  -------------------------------------------------------------------    -------------------
    SLICE_X100Y73        FDCE (Prop_fdce_C_Q)         0.518    -1.832 f  cnt_h_reg[3]/Q
                         net (fo=27, routed)          1.387    -0.445    cnt_h_reg_n_0_[3]
    SLICE_X100Y78        LUT4 (Prop_lut4_I1_O)        0.150    -0.295 r  hsync_OBUF_inst_i_2/O
                         net (fo=2, routed)           0.467     0.172    hsync_OBUF_inst_i_2_n_0
    SLICE_X100Y78        LUT6 (Prop_lut6_I5_O)        0.328     0.500 f  rgb_lcd_OBUF[23]_inst_i_3/O
                         net (fo=6, routed)           1.061     1.561    rgb_lcd_OBUF[23]_inst_i_3_n_0
    SLICE_X101Y83        LUT6 (Prop_lut6_I3_O)        0.124     1.685 r  rgb_lcd_OBUF[22]_inst_i_1/O
                         net (fo=14, routed)          5.071     6.756    rgb_lcd_OBUF[8]
    A16                  OBUF (Prop_obuf_I_O)         3.546    10.302 r  rgb_lcd_OBUF[20]_inst/O
                         net (fo=0)                   0.000    10.302    rgb_lcd[20]
    A16                                                               r  rgb_lcd[20] (OUT)
  -------------------------------------------------------------------    -------------------

Slack:                    inf
  Source:                 cnt_h_reg[3]/C
                            (rising edge-triggered cell FDCE clocked by clk_out1_clk_wiz_0  {rise@0.000ns fall@15.152ns period=30.303ns})
  Destination:            rgb_lcd[18]
                            (output port)
  Path Group:             (none)
  Path Type:              Max at Slow Process Corner
  Data Path Delay:        12.499ns  (logic 4.664ns (37.317%)  route 7.835ns (62.683%))
  Logic Levels:           4  (LUT4=1 LUT6=2 OBUF=1)
  Clock Uncertainty:      0.430ns  ((TSJ^2 + DJ^2)^1/2) / 2 + PE
    Total System Jitter     (TSJ):    0.050ns
    Discrete Jitter          (DJ):    0.333ns
    Phase Error              (PE):    0.262ns

    Location             Delay type                Incr(ns)  Path(ns)    Netlist Resource(s)
  -------------------------------------------------------------------    -------------------
                         (clock clk_out1_clk_wiz_0 rise edge)
                                                      0.000     0.000 r  
    Y9                                                0.000     0.000 r  sys_clk (IN)
                         net (fo=0)                   0.000     0.000    clk_wiz_inst/inst/clk_in1
    Y9                   IBUF (Prop_ibuf_I_O)         1.490     1.490 r  clk_wiz_inst/inst/clkin1_ibufg/O
                         net (fo=1, routed)           1.306     2.796    clk_wiz_inst/inst/clk_in1_clk_wiz_0
    PLLE2_ADV_X0Y0       PLLE2_ADV (Prop_plle2_adv_CLKIN1_CLKOUT0)
                                                     -8.866    -6.070 r  clk_wiz_inst/inst/plle2_adv_inst/CLKOUT0
                         net (fo=1, routed)           1.849    -4.221    clk_wiz_inst/inst/clk_out1_clk_wiz_0
    BUFGCTRL_X0Y0        BUFG (Prop_bufg_I_O)         0.101    -4.120 r  clk_wiz_inst/inst/clkout1_buf/O
                         net (fo=65, routed)          1.770    -2.350    lcd_clk_OBUF
    SLICE_X100Y73        FDCE                                         r  cnt_h_reg[3]/C
  -------------------------------------------------------------------    -------------------
    SLICE_X100Y73        FDCE (Prop_fdce_C_Q)         0.518    -1.832 f  cnt_h_reg[3]/Q
                         net (fo=27, routed)          1.387    -0.445    cnt_h_reg_n_0_[3]
    SLICE_X100Y78        LUT4 (Prop_lut4_I1_O)        0.150    -0.295 r  hsync_OBUF_inst_i_2/O
                         net (fo=2, routed)           0.467     0.172    hsync_OBUF_inst_i_2_n_0
    SLICE_X100Y78        LUT6 (Prop_lut6_I5_O)        0.328     0.500 f  rgb_lcd_OBUF[23]_inst_i_3/O
                         net (fo=6, routed)           1.061     1.561    rgb_lcd_OBUF[23]_inst_i_3_n_0
    SLICE_X101Y83        LUT6 (Prop_lut6_I3_O)        0.124     1.685 r  rgb_lcd_OBUF[22]_inst_i_1/O
                         net (fo=14, routed)          4.920     6.605    rgb_lcd_OBUF[8]
    A17                  OBUF (Prop_obuf_I_O)         3.544    10.149 r  rgb_lcd_OBUF[18]_inst/O
                         net (fo=0)                   0.000    10.149    rgb_lcd[18]
    A17                                                               r  rgb_lcd[18] (OUT)
  -------------------------------------------------------------------    -------------------

Slack:                    inf
  Source:                 cnt_h_reg[3]/C
                            (rising edge-triggered cell FDCE clocked by clk_out1_clk_wiz_0  {rise@0.000ns fall@15.152ns period=30.303ns})
  Destination:            rgb_lcd[10]
                            (output port)
  Path Group:             (none)
  Path Type:              Max at Slow Process Corner
  Data Path Delay:        12.337ns  (logic 4.653ns (37.717%)  route 7.684ns (62.283%))
  Logic Levels:           4  (LUT4=1 LUT6=2 OBUF=1)
  Clock Uncertainty:      0.430ns  ((TSJ^2 + DJ^2)^1/2) / 2 + PE
    Total System Jitter     (TSJ):    0.050ns
    Discrete Jitter          (DJ):    0.333ns
    Phase Error              (PE):    0.262ns

    Location             Delay type                Incr(ns)  Path(ns)    Netlist Resource(s)
  -------------------------------------------------------------------    -------------------
                         (clock clk_out1_clk_wiz_0 rise edge)
                                                      0.000     0.000 r  
    Y9                                                0.000     0.000 r  sys_clk (IN)
                         net (fo=0)                   0.000     0.000    clk_wiz_inst/inst/clk_in1
    Y9                   IBUF (Prop_ibuf_I_O)         1.490     1.490 r  clk_wiz_inst/inst/clkin1_ibufg/O
                         net (fo=1, routed)           1.306     2.796    clk_wiz_inst/inst/clk_in1_clk_wiz_0
    PLLE2_ADV_X0Y0       PLLE2_ADV (Prop_plle2_adv_CLKIN1_CLKOUT0)
                                                     -8.866    -6.070 r  clk_wiz_inst/inst/plle2_adv_inst/CLKOUT0
                         net (fo=1, routed)           1.849    -4.221    clk_wiz_inst/inst/clk_out1_clk_wiz_0
    BUFGCTRL_X0Y0        BUFG (Prop_bufg_I_O)         0.101    -4.120 r  clk_wiz_inst/inst/clkout1_buf/O
                         net (fo=65, routed)          1.770    -2.350    lcd_clk_OBUF
    SLICE_X100Y73        FDCE                                         r  cnt_h_reg[3]/C
  -------------------------------------------------------------------    -------------------
    SLICE_X100Y73        FDCE (Prop_fdce_C_Q)         0.518    -1.832 f  cnt_h_reg[3]/Q
                         net (fo=27, routed)          1.387    -0.445    cnt_h_reg_n_0_[3]
    SLICE_X100Y78        LUT4 (Prop_lut4_I1_O)        0.150    -0.295 r  hsync_OBUF_inst_i_2/O
                         net (fo=2, routed)           0.467     0.172    hsync_OBUF_inst_i_2_n_0
    SLICE_X100Y78        LUT6 (Prop_lut6_I5_O)        0.328     0.500 f  rgb_lcd_OBUF[23]_inst_i_3/O
                         net (fo=6, routed)           1.061     1.561    rgb_lcd_OBUF[23]_inst_i_3_n_0
    SLICE_X101Y83        LUT6 (Prop_lut6_I3_O)        0.124     1.685 r  rgb_lcd_OBUF[22]_inst_i_1/O
                         net (fo=14, routed)          4.769     6.454    rgb_lcd_OBUF[8]
    A18                  OBUF (Prop_obuf_I_O)         3.533     9.987 r  rgb_lcd_OBUF[10]_inst/O
                         net (fo=0)                   0.000     9.987    rgb_lcd[10]
    A18                                                               r  rgb_lcd[10] (OUT)
  -------------------------------------------------------------------    -------------------

Slack:                    inf
  Source:                 cnt_h_reg[3]/C
                            (rising edge-triggered cell FDCE clocked by clk_out1_clk_wiz_0  {rise@0.000ns fall@15.152ns period=30.303ns})
  Destination:            rgb_lcd[8]
                            (output port)
  Path Group:             (none)
  Path Type:              Max at Slow Process Corner
  Data Path Delay:        12.187ns  (logic 4.654ns (38.189%)  route 7.533ns (61.811%))
  Logic Levels:           4  (LUT4=1 LUT6=2 OBUF=1)
  Clock Uncertainty:      0.430ns  ((TSJ^2 + DJ^2)^1/2) / 2 + PE
    Total System Jitter     (TSJ):    0.050ns
    Discrete Jitter          (DJ):    0.333ns
    Phase Error              (PE):    0.262ns

    Location             Delay type                Incr(ns)  Path(ns)    Netlist Resource(s)
  -------------------------------------------------------------------    -------------------
                         (clock clk_out1_clk_wiz_0 rise edge)
                                                      0.000     0.000 r  
    Y9                                                0.000     0.000 r  sys_clk (IN)
                         net (fo=0)                   0.000     0.000    clk_wiz_inst/inst/clk_in1
    Y9                   IBUF (Prop_ibuf_I_O)         1.490     1.490 r  clk_wiz_inst/inst/clkin1_ibufg/O
                         net (fo=1, routed)           1.306     2.796    clk_wiz_inst/inst/clk_in1_clk_wiz_0
    PLLE2_ADV_X0Y0       PLLE2_ADV (Prop_plle2_adv_CLKIN1_CLKOUT0)
                                                     -8.866    -6.070 r  clk_wiz_inst/inst/plle2_adv_inst/CLKOUT0
                         net (fo=1, routed)           1.849    -4.221    clk_wiz_inst/inst/clk_out1_clk_wiz_0
    BUFGCTRL_X0Y0        BUFG (Prop_bufg_I_O)         0.101    -4.120 r  clk_wiz_inst/inst/clkout1_buf/O
                         net (fo=65, routed)          1.770    -2.350    lcd_clk_OBUF
    SLICE_X100Y73        FDCE                                         r  cnt_h_reg[3]/C
  -------------------------------------------------------------------    -------------------
    SLICE_X100Y73        FDCE (Prop_fdce_C_Q)         0.518    -1.832 f  cnt_h_reg[3]/Q
                         net (fo=27, routed)          1.387    -0.445    cnt_h_reg_n_0_[3]
    SLICE_X100Y78        LUT4 (Prop_lut4_I1_O)        0.150    -0.295 r  hsync_OBUF_inst_i_2/O
                         net (fo=2, routed)           0.467     0.172    hsync_OBUF_inst_i_2_n_0
    SLICE_X100Y78        LUT6 (Prop_lut6_I5_O)        0.328     0.500 f  rgb_lcd_OBUF[23]_inst_i_3/O
                         net (fo=6, routed)           1.061     1.561    rgb_lcd_OBUF[23]_inst_i_3_n_0
    SLICE_X101Y83        LUT6 (Prop_lut6_I3_O)        0.124     1.685 r  rgb_lcd_OBUF[22]_inst_i_1/O
                         net (fo=14, routed)          4.618     6.303    rgb_lcd_OBUF[8]
    A19                  OBUF (Prop_obuf_I_O)         3.534     9.837 r  rgb_lcd_OBUF[8]_inst/O
                         net (fo=0)                   0.000     9.837    rgb_lcd[8]
    A19                                                               r  rgb_lcd[8] (OUT)
  -------------------------------------------------------------------    -------------------

Slack:                    inf
  Source:                 cnt_h_reg[3]/C
                            (rising edge-triggered cell FDCE clocked by clk_out1_clk_wiz_0  {rise@0.000ns fall@15.152ns period=30.303ns})
  Destination:            rgb_lcd[4]
                            (output port)
  Path Group:             (none)
  Path Type:              Max at Slow Process Corner
  Data Path Delay:        12.105ns  (logic 4.646ns (38.380%)  route 7.459ns (61.620%))
  Logic Levels:           4  (LUT4=1 LUT6=2 OBUF=1)
  Clock Uncertainty:      0.430ns  ((TSJ^2 + DJ^2)^1/2) / 2 + PE
    Total System Jitter     (TSJ):    0.050ns
    Discrete Jitter          (DJ):    0.333ns
    Phase Error              (PE):    0.262ns

    Location             Delay type                Incr(ns)  Path(ns)    Netlist Resource(s)
  -------------------------------------------------------------------    -------------------
                         (clock clk_out1_clk_wiz_0 rise edge)
                                                      0.000     0.000 r  
    Y9                                                0.000     0.000 r  sys_clk (IN)
                         net (fo=0)                   0.000     0.000    clk_wiz_inst/inst/clk_in1
    Y9                   IBUF (Prop_ibuf_I_O)         1.490     1.490 r  clk_wiz_inst/inst/clkin1_ibufg/O
                         net (fo=1, routed)           1.306     2.796    clk_wiz_inst/inst/clk_in1_clk_wiz_0
    PLLE2_ADV_X0Y0       PLLE2_ADV (Prop_plle2_adv_CLKIN1_CLKOUT0)
                                                     -8.866    -6.070 r  clk_wiz_inst/inst/plle2_adv_inst/CLKOUT0
                         net (fo=1, routed)           1.849    -4.221    clk_wiz_inst/inst/clk_out1_clk_wiz_0
    BUFGCTRL_X0Y0        BUFG (Prop_bufg_I_O)         0.101    -4.120 r  clk_wiz_inst/inst/clkout1_buf/O
                         net (fo=65, routed)          1.770    -2.350    lcd_clk_OBUF
    SLICE_X100Y73        FDCE                                         r  cnt_h_reg[3]/C
  -------------------------------------------------------------------    -------------------
    SLICE_X100Y73        FDCE (Prop_fdce_C_Q)         0.518    -1.832 f  cnt_h_reg[3]/Q
                         net (fo=27, routed)          1.387    -0.445    cnt_h_reg_n_0_[3]
    SLICE_X100Y78        LUT4 (Prop_lut4_I1_O)        0.150    -0.295 r  hsync_OBUF_inst_i_2/O
                         net (fo=2, routed)           0.467     0.172    hsync_OBUF_inst_i_2_n_0
    SLICE_X100Y78        LUT6 (Prop_lut6_I5_O)        0.328     0.500 f  rgb_lcd_OBUF[23]_inst_i_3/O
                         net (fo=6, routed)           1.063     1.563    rgb_lcd_OBUF[23]_inst_i_3_n_0
    SLICE_X101Y83        LUT6 (Prop_lut6_I3_O)        0.124     1.687 r  rgb_lcd_OBUF[6]_inst_i_1/O
                         net (fo=7, routed)           4.542     6.229    rgb_lcd_OBUF[0]
    G15                  OBUF (Prop_obuf_I_O)         3.526     9.755 r  rgb_lcd_OBUF[4]_inst/O
                         net (fo=0)                   0.000     9.755    rgb_lcd[4]
    G15                                                               r  rgb_lcd[4] (OUT)
  -------------------------------------------------------------------    -------------------

Slack:                    inf
  Source:                 cnt_h_reg[3]/C
                            (rising edge-triggered cell FDCE clocked by clk_out1_clk_wiz_0  {rise@0.000ns fall@15.152ns period=30.303ns})
  Destination:            rgb_lcd[22]
                            (output port)
  Path Group:             (none)
  Path Type:              Max at Slow Process Corner
  Data Path Delay:        12.039ns  (logic 4.657ns (38.682%)  route 7.382ns (61.318%))
  Logic Levels:           4  (LUT4=1 LUT6=2 OBUF=1)
  Clock Uncertainty:      0.430ns  ((TSJ^2 + DJ^2)^1/2) / 2 + PE
    Total System Jitter     (TSJ):    0.050ns
    Discrete Jitter          (DJ):    0.333ns
    Phase Error              (PE):    0.262ns

    Location             Delay type                Incr(ns)  Path(ns)    Netlist Resource(s)
  -------------------------------------------------------------------    -------------------
                         (clock clk_out1_clk_wiz_0 rise edge)
                                                      0.000     0.000 r  
    Y9                                                0.000     0.000 r  sys_clk (IN)
                         net (fo=0)                   0.000     0.000    clk_wiz_inst/inst/clk_in1
    Y9                   IBUF (Prop_ibuf_I_O)         1.490     1.490 r  clk_wiz_inst/inst/clkin1_ibufg/O
                         net (fo=1, routed)           1.306     2.796    clk_wiz_inst/inst/clk_in1_clk_wiz_0
    PLLE2_ADV_X0Y0       PLLE2_ADV (Prop_plle2_adv_CLKIN1_CLKOUT0)
                                                     -8.866    -6.070 r  clk_wiz_inst/inst/plle2_adv_inst/CLKOUT0
                         net (fo=1, routed)           1.849    -4.221    clk_wiz_inst/inst/clk_out1_clk_wiz_0
    BUFGCTRL_X0Y0        BUFG (Prop_bufg_I_O)         0.101    -4.120 r  clk_wiz_inst/inst/clkout1_buf/O
                         net (fo=65, routed)          1.770    -2.350    lcd_clk_OBUF
    SLICE_X100Y73        FDCE                                         r  cnt_h_reg[3]/C
  -------------------------------------------------------------------    -------------------
    SLICE_X100Y73        FDCE (Prop_fdce_C_Q)         0.518    -1.832 f  cnt_h_reg[3]/Q
                         net (fo=27, routed)          1.387    -0.445    cnt_h_reg_n_0_[3]
    SLICE_X100Y78        LUT4 (Prop_lut4_I1_O)        0.150    -0.295 r  hsync_OBUF_inst_i_2/O
                         net (fo=2, routed)           0.467     0.172    hsync_OBUF_inst_i_2_n_0
    SLICE_X100Y78        LUT6 (Prop_lut6_I5_O)        0.328     0.500 f  rgb_lcd_OBUF[23]_inst_i_3/O
                         net (fo=6, routed)           1.061     1.561    rgb_lcd_OBUF[23]_inst_i_3_n_0
    SLICE_X101Y83        LUT6 (Prop_lut6_I3_O)        0.124     1.685 r  rgb_lcd_OBUF[22]_inst_i_1/O
                         net (fo=14, routed)          4.467     6.152    rgb_lcd_OBUF[8]
    C17                  OBUF (Prop_obuf_I_O)         3.537     9.689 r  rgb_lcd_OBUF[22]_inst/O
                         net (fo=0)                   0.000     9.689    rgb_lcd[22]
    C17                                                               r  rgb_lcd[22] (OUT)
  -------------------------------------------------------------------    -------------------





Min Delay Paths
--------------------------------------------------------------------------------------
Slack:                    inf
  Source:                 clk_wiz_inst/inst/plle2_adv_inst/CLKOUT0
                            (clock source 'clk_out1_clk_wiz_0'  {rise@0.000ns fall@15.152ns period=30.303ns})
  Destination:            lcd_clk
                            (output port)
  Path Group:             (none)
  Path Type:              Min at Fast Process Corner
  Data Path Delay:        2.542ns  (logic 1.229ns (48.334%)  route 1.313ns (51.666%))
  Logic Levels:           2  (BUFG=1 OBUF=1)
  Clock Uncertainty:      0.430ns  ((TSJ^2 + DJ^2)^1/2) / 2 + PE
    Total System Jitter     (TSJ):    0.050ns
    Discrete Jitter          (DJ):    0.333ns
    Phase Error              (PE):    0.262ns

    Location             Delay type                Incr(ns)  Path(ns)    Netlist Resource(s)
  -------------------------------------------------------------------    -------------------
                         (clock clk_out1_clk_wiz_0 rise edge)
                                                      0.000     0.000 r  
    Y9                                                0.000     0.000 r  sys_clk (IN)
                         net (fo=0)                   0.000     0.000    clk_wiz_inst/inst/clk_in1
    Y9                   IBUF (Prop_ibuf_I_O)         0.258     0.258 r  clk_wiz_inst/inst/clkin1_ibufg/O
                         net (fo=1, routed)           0.440     0.698    clk_wiz_inst/inst/clk_in1_clk_wiz_0
  -------------------------------------------------------------------    -------------------
    PLLE2_ADV_X0Y0       PLLE2_ADV (Prop_plle2_adv_CLKIN1_CLKOUT0)
                                                     -2.384    -1.685 r  clk_wiz_inst/inst/plle2_adv_inst/CLKOUT0
                         net (fo=1, routed)           0.533    -1.152    clk_wiz_inst/inst/clk_out1_clk_wiz_0
    BUFGCTRL_X0Y0        BUFG (Prop_bufg_I_O)         0.026    -1.126 r  clk_wiz_inst/inst/clkout1_buf/O
                         net (fo=65, routed)          0.780    -0.346    lcd_clk_OBUF
    L18                  OBUF (Prop_obuf_I_O)         1.203     0.857 r  lcd_clk_OBUF_inst/O
                         net (fo=0)                   0.000     0.857    lcd_clk
    L18                                                               r  lcd_clk (OUT)
  -------------------------------------------------------------------    -------------------

Slack:                    inf
  Source:                 pix_data_reg[6]/C
                            (rising edge-triggered cell FDRE clocked by clk_out1_clk_wiz_0  {rise@0.000ns fall@15.152ns period=30.303ns})
  Destination:            rgb_lcd[5]
                            (output port)
  Path Group:             (none)
  Path Type:              Min at Fast Process Corner
  Data Path Delay:        2.514ns  (logic 1.423ns (56.615%)  route 1.091ns (43.385%))
  Logic Levels:           2  (LUT6=1 OBUF=1)
  Clock Uncertainty:      0.430ns  ((TSJ^2 + DJ^2)^1/2) / 2 + PE
    Total System Jitter     (TSJ):    0.050ns
    Discrete Jitter          (DJ):    0.333ns
    Phase Error              (PE):    0.262ns

    Location             Delay type                Incr(ns)  Path(ns)    Netlist Resource(s)
  -------------------------------------------------------------------    -------------------
                         (clock clk_out1_clk_wiz_0 rise edge)
                                                      0.000     0.000 r  
    Y9                                                0.000     0.000 r  sys_clk (IN)
                         net (fo=0)                   0.000     0.000    clk_wiz_inst/inst/clk_in1
    Y9                   IBUF (Prop_ibuf_I_O)         0.258     0.258 r  clk_wiz_inst/inst/clkin1_ibufg/O
                         net (fo=1, routed)           0.440     0.698    clk_wiz_inst/inst/clk_in1_clk_wiz_0
    PLLE2_ADV_X0Y0       PLLE2_ADV (Prop_plle2_adv_CLKIN1_CLKOUT0)
                                                     -2.384    -1.685 r  clk_wiz_inst/inst/plle2_adv_inst/CLKOUT0
                         net (fo=1, routed)           0.533    -1.152    clk_wiz_inst/inst/clk_out1_clk_wiz_0
    BUFGCTRL_X0Y0        BUFG (Prop_bufg_I_O)         0.026    -1.126 r  clk_wiz_inst/inst/clkout1_buf/O
                         net (fo=65, routed)          0.606    -0.521    lcd_clk_OBUF
    SLICE_X100Y85        FDRE                                         r  pix_data_reg[6]/C
  -------------------------------------------------------------------    -------------------
    SLICE_X100Y85        FDRE (Prop_fdre_C_Q)         0.164    -0.357 r  pix_data_reg[6]/Q
                         net (fo=1, routed)           0.279    -0.077    pix_data_reg_n_0_[6]
    SLICE_X101Y83        LUT6 (Prop_lut6_I5_O)        0.045    -0.032 r  rgb_lcd_OBUF[6]_inst_i_1/O
                         net (fo=7, routed)           0.811     0.779    rgb_lcd_OBUF[0]
    G21                  OBUF (Prop_obuf_I_O)         1.214     1.993 r  rgb_lcd_OBUF[5]_inst/O
                         net (fo=0)                   0.000     1.993    rgb_lcd[5]
    G21                                                               r  rgb_lcd[5] (OUT)
  -------------------------------------------------------------------    -------------------

Slack:                    inf
  Source:                 pix_data_reg[22]/C
                            (rising edge-triggered cell FDRE clocked by clk_out1_clk_wiz_0  {rise@0.000ns fall@15.152ns period=30.303ns})
  Destination:            rgb_lcd[13]
                            (output port)
  Path Group:             (none)
  Path Type:              Min at Fast Process Corner
  Data Path Delay:        2.519ns  (logic 1.444ns (57.328%)  route 1.075ns (42.672%))
  Logic Levels:           2  (LUT6=1 OBUF=1)
  Clock Uncertainty:      0.430ns  ((TSJ^2 + DJ^2)^1/2) / 2 + PE
    Total System Jitter     (TSJ):    0.050ns
    Discrete Jitter          (DJ):    0.333ns
    Phase Error              (PE):    0.262ns

    Location             Delay type                Incr(ns)  Path(ns)    Netlist Resource(s)
  -------------------------------------------------------------------    -------------------
                         (clock clk_out1_clk_wiz_0 rise edge)
                                                      0.000     0.000 r  
    Y9                                                0.000     0.000 r  sys_clk (IN)
                         net (fo=0)                   0.000     0.000    clk_wiz_inst/inst/clk_in1
    Y9                   IBUF (Prop_ibuf_I_O)         0.258     0.258 r  clk_wiz_inst/inst/clkin1_ibufg/O
                         net (fo=1, routed)           0.440     0.698    clk_wiz_inst/inst/clk_in1_clk_wiz_0
    PLLE2_ADV_X0Y0       PLLE2_ADV (Prop_plle2_adv_CLKIN1_CLKOUT0)
                                                     -2.384    -1.685 r  clk_wiz_inst/inst/plle2_adv_inst/CLKOUT0
                         net (fo=1, routed)           0.533    -1.152    clk_wiz_inst/inst/clk_out1_clk_wiz_0
    BUFGCTRL_X0Y0        BUFG (Prop_bufg_I_O)         0.026    -1.126 r  clk_wiz_inst/inst/clkout1_buf/O
                         net (fo=65, routed)          0.605    -0.522    lcd_clk_OBUF
    SLICE_X101Y83        FDRE                                         r  pix_data_reg[22]/C
  -------------------------------------------------------------------    -------------------
    SLICE_X101Y83        FDRE (Prop_fdre_C_Q)         0.141    -0.381 r  pix_data_reg[22]/Q
                         net (fo=1, routed)           0.156    -0.224    pix_data_reg_n_0_[22]
    SLICE_X101Y83        LUT6 (Prop_lut6_I5_O)        0.045    -0.179 r  rgb_lcd_OBUF[22]_inst_i_1/O
                         net (fo=14, routed)          0.919     0.739    rgb_lcd_OBUF[8]
    E20                  OBUF (Prop_obuf_I_O)         1.258     1.997 r  rgb_lcd_OBUF[13]_inst/O
                         net (fo=0)                   0.000     1.997    rgb_lcd[13]
    E20                                                               r  rgb_lcd[13] (OUT)
  -------------------------------------------------------------------    -------------------

Slack:                    inf
  Source:                 cnt_v_reg[9]/C
                            (rising edge-triggered cell FDCE clocked by clk_out1_clk_wiz_0  {rise@0.000ns fall@15.152ns period=30.303ns})
  Destination:            vsync
                            (output port)
  Path Group:             (none)
  Path Type:              Min at Fast Process Corner
  Data Path Delay:        2.528ns  (logic 1.454ns (57.516%)  route 1.074ns (42.484%))
  Logic Levels:           2  (LUT5=1 OBUF=1)
  Clock Uncertainty:      0.430ns  ((TSJ^2 + DJ^2)^1/2) / 2 + PE
    Total System Jitter     (TSJ):    0.050ns
    Discrete Jitter          (DJ):    0.333ns
    Phase Error              (PE):    0.262ns

    Location             Delay type                Incr(ns)  Path(ns)    Netlist Resource(s)
  -------------------------------------------------------------------    -------------------
                         (clock clk_out1_clk_wiz_0 rise edge)
                                                      0.000     0.000 r  
    Y9                                                0.000     0.000 r  sys_clk (IN)
                         net (fo=0)                   0.000     0.000    clk_wiz_inst/inst/clk_in1
    Y9                   IBUF (Prop_ibuf_I_O)         0.258     0.258 r  clk_wiz_inst/inst/clkin1_ibufg/O
                         net (fo=1, routed)           0.440     0.698    clk_wiz_inst/inst/clk_in1_clk_wiz_0
    PLLE2_ADV_X0Y0       PLLE2_ADV (Prop_plle2_adv_CLKIN1_CLKOUT0)
                                                     -2.384    -1.685 r  clk_wiz_inst/inst/plle2_adv_inst/CLKOUT0
                         net (fo=1, routed)           0.533    -1.152    clk_wiz_inst/inst/clk_out1_clk_wiz_0
    BUFGCTRL_X0Y0        BUFG (Prop_bufg_I_O)         0.026    -1.126 r  clk_wiz_inst/inst/clkout1_buf/O
                         net (fo=65, routed)          0.599    -0.528    lcd_clk_OBUF
    SLICE_X97Y77         FDCE                                         r  cnt_v_reg[9]/C
  -------------------------------------------------------------------    -------------------
    SLICE_X97Y77         FDCE (Prop_fdce_C_Q)         0.141    -0.387 f  cnt_v_reg[9]/Q
                         net (fo=6, routed)           0.252    -0.134    cnt_v_reg_n_0_[9]
    SLICE_X99Y78         LUT5 (Prop_lut5_I4_O)        0.043    -0.091 r  vsync_OBUF_inst_i_1/O
                         net (fo=1, routed)           0.822     0.730    vsync_OBUF
    J17                  OBUF (Prop_obuf_I_O)         1.270     2.000 r  vsync_OBUF_inst/O
                         net (fo=0)                   0.000     2.000    vsync
    J17                                                               r  vsync (OUT)
  -------------------------------------------------------------------    -------------------

Slack:                    inf
  Source:                 pix_data_reg[22]/C
                            (rising edge-triggered cell FDRE clocked by clk_out1_clk_wiz_0  {rise@0.000ns fall@15.152ns period=30.303ns})
  Destination:            rgb_lcd[14]
                            (output port)
  Path Group:             (none)
  Path Type:              Min at Fast Process Corner
  Data Path Delay:        2.549ns  (logic 1.403ns (55.046%)  route 1.146ns (44.954%))
  Logic Levels:           2  (LUT6=1 OBUF=1)
  Clock Uncertainty:      0.430ns  ((TSJ^2 + DJ^2)^1/2) / 2 + PE
    Total System Jitter     (TSJ):    0.050ns
    Discrete Jitter          (DJ):    0.333ns
    Phase Error              (PE):    0.262ns

    Location             Delay type                Incr(ns)  Path(ns)    Netlist Resource(s)
  -------------------------------------------------------------------    -------------------
                         (clock clk_out1_clk_wiz_0 rise edge)
                                                      0.000     0.000 r  
    Y9                                                0.000     0.000 r  sys_clk (IN)
                         net (fo=0)                   0.000     0.000    clk_wiz_inst/inst/clk_in1
    Y9                   IBUF (Prop_ibuf_I_O)         0.258     0.258 r  clk_wiz_inst/inst/clkin1_ibufg/O
                         net (fo=1, routed)           0.440     0.698    clk_wiz_inst/inst/clk_in1_clk_wiz_0
    PLLE2_ADV_X0Y0       PLLE2_ADV (Prop_plle2_adv_CLKIN1_CLKOUT0)
                                                     -2.384    -1.685 r  clk_wiz_inst/inst/plle2_adv_inst/CLKOUT0
                         net (fo=1, routed)           0.533    -1.152    clk_wiz_inst/inst/clk_out1_clk_wiz_0
    BUFGCTRL_X0Y0        BUFG (Prop_bufg_I_O)         0.026    -1.126 r  clk_wiz_inst/inst/clkout1_buf/O
                         net (fo=65, routed)          0.605    -0.522    lcd_clk_OBUF
    SLICE_X101Y83        FDRE                                         r  pix_data_reg[22]/C
  -------------------------------------------------------------------    -------------------
    SLICE_X101Y83        FDRE (Prop_fdre_C_Q)         0.141    -0.381 r  pix_data_reg[22]/Q
                         net (fo=1, routed)           0.156    -0.224    pix_data_reg_n_0_[22]
    SLICE_X101Y83        LUT6 (Prop_lut6_I5_O)        0.045    -0.179 r  rgb_lcd_OBUF[22]_inst_i_1/O
                         net (fo=14, routed)          0.990     0.810    rgb_lcd_OBUF[8]
    F19                  OBUF (Prop_obuf_I_O)         1.217     2.028 r  rgb_lcd_OBUF[14]_inst/O
                         net (fo=0)                   0.000     2.028    rgb_lcd[14]
    F19                                                               r  rgb_lcd[14] (OUT)
  -------------------------------------------------------------------    -------------------

Slack:                    inf
  Source:                 pix_data_reg[15]/C
                            (rising edge-triggered cell FDRE clocked by clk_out1_clk_wiz_0  {rise@0.000ns fall@15.152ns period=30.303ns})
  Destination:            rgb_lcd[15]
                            (output port)
  Path Group:             (none)
  Path Type:              Min at Fast Process Corner
  Data Path Delay:        2.562ns  (logic 1.471ns (57.429%)  route 1.091ns (42.571%))
  Logic Levels:           2  (LUT6=1 OBUF=1)
  Clock Uncertainty:      0.430ns  ((TSJ^2 + DJ^2)^1/2) / 2 + PE
    Total System Jitter     (TSJ):    0.050ns
    Discrete Jitter          (DJ):    0.333ns
    Phase Error              (PE):    0.262ns

    Location             Delay type                Incr(ns)  Path(ns)    Netlist Resource(s)
  -------------------------------------------------------------------    -------------------
                         (clock clk_out1_clk_wiz_0 rise edge)
                                                      0.000     0.000 r  
    Y9                                                0.000     0.000 r  sys_clk (IN)
                         net (fo=0)                   0.000     0.000    clk_wiz_inst/inst/clk_in1
    Y9                   IBUF (Prop_ibuf_I_O)         0.258     0.258 r  clk_wiz_inst/inst/clkin1_ibufg/O
                         net (fo=1, routed)           0.440     0.698    clk_wiz_inst/inst/clk_in1_clk_wiz_0
    PLLE2_ADV_X0Y0       PLLE2_ADV (Prop_plle2_adv_CLKIN1_CLKOUT0)
                                                     -2.384    -1.685 r  clk_wiz_inst/inst/plle2_adv_inst/CLKOUT0
                         net (fo=1, routed)           0.533    -1.152    clk_wiz_inst/inst/clk_out1_clk_wiz_0
    BUFGCTRL_X0Y0        BUFG (Prop_bufg_I_O)         0.026    -1.126 r  clk_wiz_inst/inst/clkout1_buf/O
                         net (fo=65, routed)          0.605    -0.522    lcd_clk_OBUF
    SLICE_X100Y83        FDRE                                         r  pix_data_reg[15]/C
  -------------------------------------------------------------------    -------------------
    SLICE_X100Y83        FDRE (Prop_fdre_C_Q)         0.164    -0.358 r  pix_data_reg[15]/Q
                         net (fo=1, routed)           0.163    -0.194    pix_data_reg_n_0_[15]
    SLICE_X100Y83        LUT6 (Prop_lut6_I5_O)        0.045    -0.149 r  rgb_lcd_OBUF[15]_inst_i_1/O
                         net (fo=1, routed)           0.927     0.778    rgb_lcd_OBUF[15]
    E19                  OBUF (Prop_obuf_I_O)         1.262     2.040 r  rgb_lcd_OBUF[15]_inst/O
                         net (fo=0)                   0.000     2.040    rgb_lcd[15]
    E19                                                               r  rgb_lcd[15] (OUT)
  -------------------------------------------------------------------    -------------------

Slack:                    inf
  Source:                 pix_data_reg[6]/C
                            (rising edge-triggered cell FDRE clocked by clk_out1_clk_wiz_0  {rise@0.000ns fall@15.152ns period=30.303ns})
  Destination:            rgb_lcd[6]
                            (output port)
  Path Group:             (none)
  Path Type:              Min at Fast Process Corner
  Data Path Delay:        2.575ns  (logic 1.420ns (55.126%)  route 1.156ns (44.874%))
  Logic Levels:           2  (LUT6=1 OBUF=1)
  Clock Uncertainty:      0.430ns  ((TSJ^2 + DJ^2)^1/2) / 2 + PE
    Total System Jitter     (TSJ):    0.050ns
    Discrete Jitter          (DJ):    0.333ns
    Phase Error              (PE):    0.262ns

    Location             Delay type                Incr(ns)  Path(ns)    Netlist Resource(s)
  -------------------------------------------------------------------    -------------------
                         (clock clk_out1_clk_wiz_0 rise edge)
                                                      0.000     0.000 r  
    Y9                                                0.000     0.000 r  sys_clk (IN)
                         net (fo=0)                   0.000     0.000    clk_wiz_inst/inst/clk_in1
    Y9                   IBUF (Prop_ibuf_I_O)         0.258     0.258 r  clk_wiz_inst/inst/clkin1_ibufg/O
                         net (fo=1, routed)           0.440     0.698    clk_wiz_inst/inst/clk_in1_clk_wiz_0
    PLLE2_ADV_X0Y0       PLLE2_ADV (Prop_plle2_adv_CLKIN1_CLKOUT0)
                                                     -2.384    -1.685 r  clk_wiz_inst/inst/plle2_adv_inst/CLKOUT0
                         net (fo=1, routed)           0.533    -1.152    clk_wiz_inst/inst/clk_out1_clk_wiz_0
    BUFGCTRL_X0Y0        BUFG (Prop_bufg_I_O)         0.026    -1.126 r  clk_wiz_inst/inst/clkout1_buf/O
                         net (fo=65, routed)          0.606    -0.521    lcd_clk_OBUF
    SLICE_X100Y85        FDRE                                         r  pix_data_reg[6]/C
  -------------------------------------------------------------------    -------------------
    SLICE_X100Y85        FDRE (Prop_fdre_C_Q)         0.164    -0.357 r  pix_data_reg[6]/Q
                         net (fo=1, routed)           0.279    -0.077    pix_data_reg_n_0_[6]
    SLICE_X101Y83        LUT6 (Prop_lut6_I5_O)        0.045    -0.032 r  rgb_lcd_OBUF[6]_inst_i_1/O
                         net (fo=7, routed)           0.876     0.844    rgb_lcd_OBUF[0]
    G20                  OBUF (Prop_obuf_I_O)         1.211     2.055 r  rgb_lcd_OBUF[6]_inst/O
                         net (fo=0)                   0.000     2.055    rgb_lcd[6]
    G20                                                               r  rgb_lcd[6] (OUT)
  -------------------------------------------------------------------    -------------------

Slack:                    inf
  Source:                 cnt_h_reg[10]/C
                            (rising edge-triggered cell FDCE clocked by clk_out1_clk_wiz_0  {rise@0.000ns fall@15.152ns period=30.303ns})
  Destination:            hsync
                            (output port)
  Path Group:             (none)
  Path Type:              Min at Fast Process Corner
  Data Path Delay:        2.601ns  (logic 1.458ns (56.078%)  route 1.142ns (43.921%))
  Logic Levels:           2  (LUT5=1 OBUF=1)
  Clock Uncertainty:      0.430ns  ((TSJ^2 + DJ^2)^1/2) / 2 + PE
    Total System Jitter     (TSJ):    0.050ns
    Discrete Jitter          (DJ):    0.333ns
    Phase Error              (PE):    0.262ns

    Location             Delay type                Incr(ns)  Path(ns)    Netlist Resource(s)
  -------------------------------------------------------------------    -------------------
                         (clock clk_out1_clk_wiz_0 rise edge)
                                                      0.000     0.000 r  
    Y9                                                0.000     0.000 r  sys_clk (IN)
                         net (fo=0)                   0.000     0.000    clk_wiz_inst/inst/clk_in1
    Y9                   IBUF (Prop_ibuf_I_O)         0.258     0.258 r  clk_wiz_inst/inst/clkin1_ibufg/O
                         net (fo=1, routed)           0.440     0.698    clk_wiz_inst/inst/clk_in1_clk_wiz_0
    PLLE2_ADV_X0Y0       PLLE2_ADV (Prop_plle2_adv_CLKIN1_CLKOUT0)
                                                     -2.384    -1.685 r  clk_wiz_inst/inst/plle2_adv_inst/CLKOUT0
                         net (fo=1, routed)           0.533    -1.152    clk_wiz_inst/inst/clk_out1_clk_wiz_0
    BUFGCTRL_X0Y0        BUFG (Prop_bufg_I_O)         0.026    -1.126 r  clk_wiz_inst/inst/clkout1_buf/O
                         net (fo=65, routed)          0.597    -0.530    lcd_clk_OBUF
    SLICE_X100Y75        FDCE                                         r  cnt_h_reg[10]/C
  -------------------------------------------------------------------    -------------------
    SLICE_X100Y75        FDCE (Prop_fdce_C_Q)         0.164    -0.366 f  cnt_h_reg[10]/Q
                         net (fo=11, routed)          0.208    -0.157    cnt_h_reg_n_0_[10]
    SLICE_X100Y78        LUT5 (Prop_lut5_I3_O)        0.045    -0.112 r  hsync_OBUF_inst_i_1/O
                         net (fo=7, routed)           0.934     0.822    hsync_OBUF
    J16                  OBUF (Prop_obuf_I_O)         1.249     2.071 r  hsync_OBUF_inst/O
                         net (fo=0)                   0.000     2.071    hsync
    J16                                                               r  hsync (OUT)
  -------------------------------------------------------------------    -------------------

Slack:                    inf
  Source:                 pix_data_reg[6]/C
                            (rising edge-triggered cell FDRE clocked by clk_out1_clk_wiz_0  {rise@0.000ns fall@15.152ns period=30.303ns})
  Destination:            rgb_lcd[1]
                            (output port)
  Path Group:             (none)
  Path Type:              Min at Fast Process Corner
  Data Path Delay:        2.696ns  (logic 1.409ns (52.268%)  route 1.287ns (47.732%))
  Logic Levels:           2  (LUT6=1 OBUF=1)
  Clock Uncertainty:      0.430ns  ((TSJ^2 + DJ^2)^1/2) / 2 + PE
    Total System Jitter     (TSJ):    0.050ns
    Discrete Jitter          (DJ):    0.333ns
    Phase Error              (PE):    0.262ns

    Location             Delay type                Incr(ns)  Path(ns)    Netlist Resource(s)
  -------------------------------------------------------------------    -------------------
                         (clock clk_out1_clk_wiz_0 rise edge)
                                                      0.000     0.000 r  
    Y9                                                0.000     0.000 r  sys_clk (IN)
                         net (fo=0)                   0.000     0.000    clk_wiz_inst/inst/clk_in1
    Y9                   IBUF (Prop_ibuf_I_O)         0.258     0.258 r  clk_wiz_inst/inst/clkin1_ibufg/O
                         net (fo=1, routed)           0.440     0.698    clk_wiz_inst/inst/clk_in1_clk_wiz_0
    PLLE2_ADV_X0Y0       PLLE2_ADV (Prop_plle2_adv_CLKIN1_CLKOUT0)
                                                     -2.384    -1.685 r  clk_wiz_inst/inst/plle2_adv_inst/CLKOUT0
                         net (fo=1, routed)           0.533    -1.152    clk_wiz_inst/inst/clk_out1_clk_wiz_0
    BUFGCTRL_X0Y0        BUFG (Prop_bufg_I_O)         0.026    -1.126 r  clk_wiz_inst/inst/clkout1_buf/O
                         net (fo=65, routed)          0.606    -0.521    lcd_clk_OBUF
    SLICE_X100Y85        FDRE                                         r  pix_data_reg[6]/C
  -------------------------------------------------------------------    -------------------
    SLICE_X100Y85        FDRE (Prop_fdre_C_Q)         0.164    -0.357 r  pix_data_reg[6]/Q
                         net (fo=1, routed)           0.279    -0.077    pix_data_reg_n_0_[6]
    SLICE_X101Y83        LUT6 (Prop_lut6_I5_O)        0.045    -0.032 r  rgb_lcd_OBUF[6]_inst_i_1/O
                         net (fo=7, routed)           1.008     0.975    rgb_lcd_OBUF[0]
    G19                  OBUF (Prop_obuf_I_O)         1.200     2.176 r  rgb_lcd_OBUF[1]_inst/O
                         net (fo=0)                   0.000     2.176    rgb_lcd[1]
    G19                                                               r  rgb_lcd[1] (OUT)
  -------------------------------------------------------------------    -------------------

Slack:                    inf
  Source:                 pix_data_reg[7]/C
                            (rising edge-triggered cell FDRE clocked by clk_out1_clk_wiz_0  {rise@0.000ns fall@15.152ns period=30.303ns})
  Destination:            rgb_lcd[7]
                            (output port)
  Path Group:             (none)
  Path Type:              Min at Fast Process Corner
  Data Path Delay:        2.709ns  (logic 1.444ns (53.292%)  route 1.265ns (46.708%))
  Logic Levels:           2  (LUT6=1 OBUF=1)
  Clock Uncertainty:      0.430ns  ((TSJ^2 + DJ^2)^1/2) / 2 + PE
    Total System Jitter     (TSJ):    0.050ns
    Discrete Jitter          (DJ):    0.333ns
    Phase Error              (PE):    0.262ns

    Location             Delay type                Incr(ns)  Path(ns)    Netlist Resource(s)
  -------------------------------------------------------------------    -------------------
                         (clock clk_out1_clk_wiz_0 rise edge)
                                                      0.000     0.000 r  
    Y9                                                0.000     0.000 r  sys_clk (IN)
                         net (fo=0)                   0.000     0.000    clk_wiz_inst/inst/clk_in1
    Y9                   IBUF (Prop_ibuf_I_O)         0.258     0.258 r  clk_wiz_inst/inst/clkin1_ibufg/O
                         net (fo=1, routed)           0.440     0.698    clk_wiz_inst/inst/clk_in1_clk_wiz_0
    PLLE2_ADV_X0Y0       PLLE2_ADV (Prop_plle2_adv_CLKIN1_CLKOUT0)
                                                     -2.384    -1.685 r  clk_wiz_inst/inst/plle2_adv_inst/CLKOUT0
                         net (fo=1, routed)           0.533    -1.152    clk_wiz_inst/inst/clk_out1_clk_wiz_0
    BUFGCTRL_X0Y0        BUFG (Prop_bufg_I_O)         0.026    -1.126 r  clk_wiz_inst/inst/clkout1_buf/O
                         net (fo=65, routed)          0.606    -0.521    lcd_clk_OBUF
    SLICE_X100Y85        FDRE                                         r  pix_data_reg[7]/C
  -------------------------------------------------------------------    -------------------
    SLICE_X100Y85        FDRE (Prop_fdre_C_Q)         0.164    -0.357 r  pix_data_reg[7]/Q
                         net (fo=1, routed)           0.294    -0.062    pix_data_reg_n_0_[7]
    SLICE_X101Y83        LUT6 (Prop_lut6_I5_O)        0.045    -0.017 r  rgb_lcd_OBUF[7]_inst_i_1/O
                         net (fo=1, routed)           0.971     0.954    rgb_lcd_OBUF[7]
    E21                  OBUF (Prop_obuf_I_O)         1.235     2.189 r  rgb_lcd_OBUF[7]_inst/O
                         net (fo=0)                   0.000     2.189    rgb_lcd[7]
    E21                                                               r  rgb_lcd[7] (OUT)
  -------------------------------------------------------------------    -------------------





--------------------------------------------------------------------------------------
Path Group:  (none)
From Clock:  clkfbout_clk_wiz_0
  To Clock:  

Max Delay             1 Endpoint
Min Delay             1 Endpoint
--------------------------------------------------------------------------------------


Max Delay Paths
--------------------------------------------------------------------------------------
Slack:                    inf
  Source:                 clk_wiz_inst/inst/plle2_adv_inst/CLKFBOUT
                            (clock source 'clkfbout_clk_wiz_0'  {rise@0.000ns fall@20.000ns period=40.000ns})
  Destination:            clk_wiz_inst/inst/plle2_adv_inst/CLKFBIN
  Path Group:             (none)
  Path Type:              Max at Fast Process Corner
  Data Path Delay:        1.458ns  (logic 0.029ns (1.989%)  route 1.429ns (98.011%))
  Logic Levels:           1  (BUFG=1)
  Clock Uncertainty:      0.356ns  ((TSJ^2 + DJ^2)^1/2) / 2 + PE
    Total System Jitter     (TSJ):    0.050ns
    Discrete Jitter          (DJ):    0.182ns
    Phase Error              (PE):    0.262ns

    Location             Delay type                Incr(ns)  Path(ns)    Netlist Resource(s)
  -------------------------------------------------------------------    -------------------
                         (clock clkfbout_clk_wiz_0 fall edge)
                                                     20.000    20.000 f  
    Y9                                                0.000    20.000 f  sys_clk (IN)
                         net (fo=0)                   0.000    20.000    clk_wiz_inst/inst/clk_in1
    Y9                   IBUF (Prop_ibuf_I_O)         0.446    20.446 f  clk_wiz_inst/inst/clkin1_ibufg/O
                         net (fo=1, routed)           0.481    20.927    clk_wiz_inst/inst/clk_in1_clk_wiz_0
  -------------------------------------------------------------------    -------------------
    PLLE2_ADV_X0Y0       PLLE2_ADV (Prop_plle2_adv_CLKIN1_CLKFBOUT)
                                                     -2.700    18.227 f  clk_wiz_inst/inst/plle2_adv_inst/CLKFBOUT
                         net (fo=1, routed)           0.580    18.807    clk_wiz_inst/inst/clkfbout_clk_wiz_0
    BUFGCTRL_X0Y1        BUFG (Prop_bufg_I_O)         0.029    18.836 f  clk_wiz_inst/inst/clkf_buf/O
                         net (fo=1, routed)           0.849    19.685    clk_wiz_inst/inst/clkfbout_buf_clk_wiz_0
    PLLE2_ADV_X0Y0       PLLE2_ADV                                    f  clk_wiz_inst/inst/plle2_adv_inst/CLKFBIN
  -------------------------------------------------------------------    -------------------





Min Delay Paths
--------------------------------------------------------------------------------------
Slack:                    inf
  Source:                 clk_wiz_inst/inst/plle2_adv_inst/CLKFBOUT
                            (clock source 'clkfbout_clk_wiz_0'  {rise@0.000ns fall@20.000ns period=40.000ns})
  Destination:            clk_wiz_inst/inst/plle2_adv_inst/CLKFBIN
  Path Group:             (none)
  Path Type:              Min at Slow Process Corner
  Data Path Delay:        3.366ns  (logic 0.091ns (2.703%)  route 3.275ns (97.297%))
  Logic Levels:           1  (BUFG=1)
  Clock Uncertainty:      0.356ns  ((TSJ^2 + DJ^2)^1/2) / 2 + PE
    Total System Jitter     (TSJ):    0.050ns
    Discrete Jitter          (DJ):    0.182ns
    Phase Error              (PE):    0.262ns

    Location             Delay type                Incr(ns)  Path(ns)    Netlist Resource(s)
  -------------------------------------------------------------------    -------------------
                         (clock clkfbout_clk_wiz_0 rise edge)
                                                      0.000     0.000 r  
    Y9                                                0.000     0.000 r  sys_clk (IN)
                         net (fo=0)                   0.000     0.000    clk_wiz_inst/inst/clk_in1
    Y9                   IBUF (Prop_ibuf_I_O)         1.420     1.420 r  clk_wiz_inst/inst/clkin1_ibufg/O
                         net (fo=1, routed)           1.181     2.601    clk_wiz_inst/inst/clk_in1_clk_wiz_0
  -------------------------------------------------------------------    -------------------
    PLLE2_ADV_X0Y0       PLLE2_ADV (Prop_plle2_adv_CLKIN1_CLKFBOUT)
                                                     -7.970    -5.369 r  clk_wiz_inst/inst/plle2_adv_inst/CLKFBOUT
                         net (fo=1, routed)           1.686    -3.683    clk_wiz_inst/inst/clkfbout_clk_wiz_0
    BUFGCTRL_X0Y1        BUFG (Prop_bufg_I_O)         0.091    -3.592 r  clk_wiz_inst/inst/clkf_buf/O
                         net (fo=1, routed)           1.589    -2.002    clk_wiz_inst/inst/clkfbout_buf_clk_wiz_0
    PLLE2_ADV_X0Y0       PLLE2_ADV                                    r  clk_wiz_inst/inst/plle2_adv_inst/CLKFBIN
  -------------------------------------------------------------------    -------------------





--------------------------------------------------------------------------------------
Path Group:  (none)
From Clock:  
  To Clock:  clk_out1_clk_wiz_0

Max Delay            66 Endpoints
Min Delay            66 Endpoints
--------------------------------------------------------------------------------------


Max Delay Paths
--------------------------------------------------------------------------------------
Slack:                    inf
  Source:                 sys_rst_n
                            (input port)
  Destination:            block_x_reg[0]/CLR
                            (recovery check against rising-edge clock clk_out1_clk_wiz_0  {rise@0.000ns fall@15.152ns period=30.303ns})
  Path Group:             (none)
  Path Type:              Recovery (Max at Slow Process Corner)
  Data Path Delay:        8.278ns  (logic 1.611ns (19.458%)  route 6.667ns (80.542%))
  Logic Levels:           2  (IBUF=1 LUT2=1)
  Clock Path Skew:        -1.988ns (DCD - SCD + CPR)
    Destination Clock Delay (DCD):    -1.988ns
    Source Clock Delay      (SCD):    0.000ns
    Clock Pessimism Removal (CPR):    0.000ns
  Clock Uncertainty:      0.430ns  ((TSJ^2 + DJ^2)^1/2) / 2 + PE
    Total System Jitter     (TSJ):    0.050ns
    Discrete Jitter          (DJ):    0.333ns
    Phase Error              (PE):    0.262ns

    Location             Delay type                Incr(ns)  Path(ns)    Netlist Resource(s)
  -------------------------------------------------------------------    -------------------
    F22                                               0.000     0.000 r  sys_rst_n (IN)
                         net (fo=0)                   0.000     0.000    sys_rst_n
    F22                  IBUF (Prop_ibuf_I_O)         1.487     1.487 r  sys_rst_n_IBUF_inst/O
                         net (fo=2, routed)           3.401     4.888    sys_rst_n_IBUF
    SLICE_X80Y65         LUT2 (Prop_lut2_I1_O)        0.124     5.012 f  cnt_h[11]_i_2/O
                         net (fo=59, routed)          3.266     8.278    cnt_h[11]_i_2_n_0
    SLICE_X104Y82        FDCE                                         f  block_x_reg[0]/CLR
  -------------------------------------------------------------------    -------------------

                         (clock clk_out1_clk_wiz_0 rise edge)
                                                      0.000     0.000 r  
    Y9                                                0.000     0.000 r  sys_clk (IN)
                         net (fo=0)                   0.000     0.000    clk_wiz_inst/inst/clk_in1
    Y9                   IBUF (Prop_ibuf_I_O)         1.420     1.420 r  clk_wiz_inst/inst/clkin1_ibufg/O
                         net (fo=1, routed)           1.181     2.601    clk_wiz_inst/inst/clk_in1_clk_wiz_0
    PLLE2_ADV_X0Y0       PLLE2_ADV (Prop_plle2_adv_CLKIN1_CLKOUT0)
                                                     -7.970    -5.369 r  clk_wiz_inst/inst/plle2_adv_inst/CLKOUT0
                         net (fo=1, routed)           1.686    -3.683    clk_wiz_inst/inst/clk_out1_clk_wiz_0
    BUFGCTRL_X0Y0        BUFG (Prop_bufg_I_O)         0.091    -3.592 r  clk_wiz_inst/inst/clkout1_buf/O
                         net (fo=65, routed)          1.604    -1.988    lcd_clk_OBUF
    SLICE_X104Y82        FDCE                                         r  block_x_reg[0]/C

Slack:                    inf
  Source:                 sys_rst_n
                            (input port)
  Destination:            block_x_reg[1]/CLR
                            (recovery check against rising-edge clock clk_out1_clk_wiz_0  {rise@0.000ns fall@15.152ns period=30.303ns})
  Path Group:             (none)
  Path Type:              Recovery (Max at Slow Process Corner)
  Data Path Delay:        8.278ns  (logic 1.611ns (19.458%)  route 6.667ns (80.542%))
  Logic Levels:           2  (IBUF=1 LUT2=1)
  Clock Path Skew:        -1.988ns (DCD - SCD + CPR)
    Destination Clock Delay (DCD):    -1.988ns
    Source Clock Delay      (SCD):    0.000ns
    Clock Pessimism Removal (CPR):    0.000ns
  Clock Uncertainty:      0.430ns  ((TSJ^2 + DJ^2)^1/2) / 2 + PE
    Total System Jitter     (TSJ):    0.050ns
    Discrete Jitter          (DJ):    0.333ns
    Phase Error              (PE):    0.262ns

    Location             Delay type                Incr(ns)  Path(ns)    Netlist Resource(s)
  -------------------------------------------------------------------    -------------------
    F22                                               0.000     0.000 r  sys_rst_n (IN)
                         net (fo=0)                   0.000     0.000    sys_rst_n
    F22                  IBUF (Prop_ibuf_I_O)         1.487     1.487 r  sys_rst_n_IBUF_inst/O
                         net (fo=2, routed)           3.401     4.888    sys_rst_n_IBUF
    SLICE_X80Y65         LUT2 (Prop_lut2_I1_O)        0.124     5.012 f  cnt_h[11]_i_2/O
                         net (fo=59, routed)          3.266     8.278    cnt_h[11]_i_2_n_0
    SLICE_X104Y82        FDCE                                         f  block_x_reg[1]/CLR
  -------------------------------------------------------------------    -------------------

                         (clock clk_out1_clk_wiz_0 rise edge)
                                                      0.000     0.000 r  
    Y9                                                0.000     0.000 r  sys_clk (IN)
                         net (fo=0)                   0.000     0.000    clk_wiz_inst/inst/clk_in1
    Y9                   IBUF (Prop_ibuf_I_O)         1.420     1.420 r  clk_wiz_inst/inst/clkin1_ibufg/O
                         net (fo=1, routed)           1.181     2.601    clk_wiz_inst/inst/clk_in1_clk_wiz_0
    PLLE2_ADV_X0Y0       PLLE2_ADV (Prop_plle2_adv_CLKIN1_CLKOUT0)
                                                     -7.970    -5.369 r  clk_wiz_inst/inst/plle2_adv_inst/CLKOUT0
                         net (fo=1, routed)           1.686    -3.683    clk_wiz_inst/inst/clk_out1_clk_wiz_0
    BUFGCTRL_X0Y0        BUFG (Prop_bufg_I_O)         0.091    -3.592 r  clk_wiz_inst/inst/clkout1_buf/O
                         net (fo=65, routed)          1.604    -1.988    lcd_clk_OBUF
    SLICE_X104Y82        FDCE                                         r  block_x_reg[1]/C

Slack:                    inf
  Source:                 sys_rst_n
                            (input port)
  Destination:            block_x_reg[2]/PRE
                            (recovery check against rising-edge clock clk_out1_clk_wiz_0  {rise@0.000ns fall@15.152ns period=30.303ns})
  Path Group:             (none)
  Path Type:              Recovery (Max at Slow Process Corner)
  Data Path Delay:        8.278ns  (logic 1.611ns (19.458%)  route 6.667ns (80.542%))
  Logic Levels:           2  (IBUF=1 LUT2=1)
  Clock Path Skew:        -1.988ns (DCD - SCD + CPR)
    Destination Clock Delay (DCD):    -1.988ns
    Source Clock Delay      (SCD):    0.000ns
    Clock Pessimism Removal (CPR):    0.000ns
  Clock Uncertainty:      0.430ns  ((TSJ^2 + DJ^2)^1/2) / 2 + PE
    Total System Jitter     (TSJ):    0.050ns
    Discrete Jitter          (DJ):    0.333ns
    Phase Error              (PE):    0.262ns

    Location             Delay type                Incr(ns)  Path(ns)    Netlist Resource(s)
  -------------------------------------------------------------------    -------------------
    F22                                               0.000     0.000 r  sys_rst_n (IN)
                         net (fo=0)                   0.000     0.000    sys_rst_n
    F22                  IBUF (Prop_ibuf_I_O)         1.487     1.487 r  sys_rst_n_IBUF_inst/O
                         net (fo=2, routed)           3.401     4.888    sys_rst_n_IBUF
    SLICE_X80Y65         LUT2 (Prop_lut2_I1_O)        0.124     5.012 f  cnt_h[11]_i_2/O
                         net (fo=59, routed)          3.266     8.278    cnt_h[11]_i_2_n_0
    SLICE_X104Y82        FDPE                                         f  block_x_reg[2]/PRE
  -------------------------------------------------------------------    -------------------

                         (clock clk_out1_clk_wiz_0 rise edge)
                                                      0.000     0.000 r  
    Y9                                                0.000     0.000 r  sys_clk (IN)
                         net (fo=0)                   0.000     0.000    clk_wiz_inst/inst/clk_in1
    Y9                   IBUF (Prop_ibuf_I_O)         1.420     1.420 r  clk_wiz_inst/inst/clkin1_ibufg/O
                         net (fo=1, routed)           1.181     2.601    clk_wiz_inst/inst/clk_in1_clk_wiz_0
    PLLE2_ADV_X0Y0       PLLE2_ADV (Prop_plle2_adv_CLKIN1_CLKOUT0)
                                                     -7.970    -5.369 r  clk_wiz_inst/inst/plle2_adv_inst/CLKOUT0
                         net (fo=1, routed)           1.686    -3.683    clk_wiz_inst/inst/clk_out1_clk_wiz_0
    BUFGCTRL_X0Y0        BUFG (Prop_bufg_I_O)         0.091    -3.592 r  clk_wiz_inst/inst/clkout1_buf/O
                         net (fo=65, routed)          1.604    -1.988    lcd_clk_OBUF
    SLICE_X104Y82        FDPE                                         r  block_x_reg[2]/C

Slack:                    inf
  Source:                 sys_rst_n
                            (input port)
  Destination:            block_x_reg[3]/CLR
                            (recovery check against rising-edge clock clk_out1_clk_wiz_0  {rise@0.000ns fall@15.152ns period=30.303ns})
  Path Group:             (none)
  Path Type:              Recovery (Max at Slow Process Corner)
  Data Path Delay:        8.278ns  (logic 1.611ns (19.458%)  route 6.667ns (80.542%))
  Logic Levels:           2  (IBUF=1 LUT2=1)
  Clock Path Skew:        -1.988ns (DCD - SCD + CPR)
    Destination Clock Delay (DCD):    -1.988ns
    Source Clock Delay      (SCD):    0.000ns
    Clock Pessimism Removal (CPR):    0.000ns
  Clock Uncertainty:      0.430ns  ((TSJ^2 + DJ^2)^1/2) / 2 + PE
    Total System Jitter     (TSJ):    0.050ns
    Discrete Jitter          (DJ):    0.333ns
    Phase Error              (PE):    0.262ns

    Location             Delay type                Incr(ns)  Path(ns)    Netlist Resource(s)
  -------------------------------------------------------------------    -------------------
    F22                                               0.000     0.000 r  sys_rst_n (IN)
                         net (fo=0)                   0.000     0.000    sys_rst_n
    F22                  IBUF (Prop_ibuf_I_O)         1.487     1.487 r  sys_rst_n_IBUF_inst/O
                         net (fo=2, routed)           3.401     4.888    sys_rst_n_IBUF
    SLICE_X80Y65         LUT2 (Prop_lut2_I1_O)        0.124     5.012 f  cnt_h[11]_i_2/O
                         net (fo=59, routed)          3.266     8.278    cnt_h[11]_i_2_n_0
    SLICE_X104Y82        FDCE                                         f  block_x_reg[3]/CLR
  -------------------------------------------------------------------    -------------------

                         (clock clk_out1_clk_wiz_0 rise edge)
                                                      0.000     0.000 r  
    Y9                                                0.000     0.000 r  sys_clk (IN)
                         net (fo=0)                   0.000     0.000    clk_wiz_inst/inst/clk_in1
    Y9                   IBUF (Prop_ibuf_I_O)         1.420     1.420 r  clk_wiz_inst/inst/clkin1_ibufg/O
                         net (fo=1, routed)           1.181     2.601    clk_wiz_inst/inst/clk_in1_clk_wiz_0
    PLLE2_ADV_X0Y0       PLLE2_ADV (Prop_plle2_adv_CLKIN1_CLKOUT0)
                                                     -7.970    -5.369 r  clk_wiz_inst/inst/plle2_adv_inst/CLKOUT0
                         net (fo=1, routed)           1.686    -3.683    clk_wiz_inst/inst/clk_out1_clk_wiz_0
    BUFGCTRL_X0Y0        BUFG (Prop_bufg_I_O)         0.091    -3.592 r  clk_wiz_inst/inst/clkout1_buf/O
                         net (fo=65, routed)          1.604    -1.988    lcd_clk_OBUF
    SLICE_X104Y82        FDCE                                         r  block_x_reg[3]/C

Slack:                    inf
  Source:                 sys_rst_n
                            (input port)
  Destination:            cnt_v_reg[2]/CLR
                            (recovery check against rising-edge clock clk_out1_clk_wiz_0  {rise@0.000ns fall@15.152ns period=30.303ns})
  Path Group:             (none)
  Path Type:              Recovery (Max at Slow Process Corner)
  Data Path Delay:        8.105ns  (logic 1.611ns (19.874%)  route 6.494ns (80.126%))
  Logic Levels:           2  (IBUF=1 LUT2=1)
  Clock Path Skew:        -1.996ns (DCD - SCD + CPR)
    Destination Clock Delay (DCD):    -1.996ns
    Source Clock Delay      (SCD):    0.000ns
    Clock Pessimism Removal (CPR):    0.000ns
  Clock Uncertainty:      0.430ns  ((TSJ^2 + DJ^2)^1/2) / 2 + PE
    Total System Jitter     (TSJ):    0.050ns
    Discrete Jitter          (DJ):    0.333ns
    Phase Error              (PE):    0.262ns

    Location             Delay type                Incr(ns)  Path(ns)    Netlist Resource(s)
  -------------------------------------------------------------------    -------------------
    F22                                               0.000     0.000 r  sys_rst_n (IN)
                         net (fo=0)                   0.000     0.000    sys_rst_n
    F22                  IBUF (Prop_ibuf_I_O)         1.487     1.487 r  sys_rst_n_IBUF_inst/O
                         net (fo=2, routed)           3.401     4.888    sys_rst_n_IBUF
    SLICE_X80Y65         LUT2 (Prop_lut2_I1_O)        0.124     5.012 f  cnt_h[11]_i_2/O
                         net (fo=59, routed)          3.093     8.105    cnt_h[11]_i_2_n_0
    SLICE_X98Y76         FDCE                                         f  cnt_v_reg[2]/CLR
  -------------------------------------------------------------------    -------------------

                         (clock clk_out1_clk_wiz_0 rise edge)
                                                      0.000     0.000 r  
    Y9                                                0.000     0.000 r  sys_clk (IN)
                         net (fo=0)                   0.000     0.000    clk_wiz_inst/inst/clk_in1
    Y9                   IBUF (Prop_ibuf_I_O)         1.420     1.420 r  clk_wiz_inst/inst/clkin1_ibufg/O
                         net (fo=1, routed)           1.181     2.601    clk_wiz_inst/inst/clk_in1_clk_wiz_0
    PLLE2_ADV_X0Y0       PLLE2_ADV (Prop_plle2_adv_CLKIN1_CLKOUT0)
                                                     -7.970    -5.369 r  clk_wiz_inst/inst/plle2_adv_inst/CLKOUT0
                         net (fo=1, routed)           1.686    -3.683    clk_wiz_inst/inst/clk_out1_clk_wiz_0
    BUFGCTRL_X0Y0        BUFG (Prop_bufg_I_O)         0.091    -3.592 r  clk_wiz_inst/inst/clkout1_buf/O
                         net (fo=65, routed)          1.596    -1.996    lcd_clk_OBUF
    SLICE_X98Y76         FDCE                                         r  cnt_v_reg[2]/C

Slack:                    inf
  Source:                 sys_rst_n
                            (input port)
  Destination:            cnt_v_reg[8]/CLR
                            (recovery check against rising-edge clock clk_out1_clk_wiz_0  {rise@0.000ns fall@15.152ns period=30.303ns})
  Path Group:             (none)
  Path Type:              Recovery (Max at Slow Process Corner)
  Data Path Delay:        8.105ns  (logic 1.611ns (19.874%)  route 6.494ns (80.126%))
  Logic Levels:           2  (IBUF=1 LUT2=1)
  Clock Path Skew:        -1.996ns (DCD - SCD + CPR)
    Destination Clock Delay (DCD):    -1.996ns
    Source Clock Delay      (SCD):    0.000ns
    Clock Pessimism Removal (CPR):    0.000ns
  Clock Uncertainty:      0.430ns  ((TSJ^2 + DJ^2)^1/2) / 2 + PE
    Total System Jitter     (TSJ):    0.050ns
    Discrete Jitter          (DJ):    0.333ns
    Phase Error              (PE):    0.262ns

    Location             Delay type                Incr(ns)  Path(ns)    Netlist Resource(s)
  -------------------------------------------------------------------    -------------------
    F22                                               0.000     0.000 r  sys_rst_n (IN)
                         net (fo=0)                   0.000     0.000    sys_rst_n
    F22                  IBUF (Prop_ibuf_I_O)         1.487     1.487 r  sys_rst_n_IBUF_inst/O
                         net (fo=2, routed)           3.401     4.888    sys_rst_n_IBUF
    SLICE_X80Y65         LUT2 (Prop_lut2_I1_O)        0.124     5.012 f  cnt_h[11]_i_2/O
                         net (fo=59, routed)          3.093     8.105    cnt_h[11]_i_2_n_0
    SLICE_X98Y76         FDCE                                         f  cnt_v_reg[8]/CLR
  -------------------------------------------------------------------    -------------------

                         (clock clk_out1_clk_wiz_0 rise edge)
                                                      0.000     0.000 r  
    Y9                                                0.000     0.000 r  sys_clk (IN)
                         net (fo=0)                   0.000     0.000    clk_wiz_inst/inst/clk_in1
    Y9                   IBUF (Prop_ibuf_I_O)         1.420     1.420 r  clk_wiz_inst/inst/clkin1_ibufg/O
                         net (fo=1, routed)           1.181     2.601    clk_wiz_inst/inst/clk_in1_clk_wiz_0
    PLLE2_ADV_X0Y0       PLLE2_ADV (Prop_plle2_adv_CLKIN1_CLKOUT0)
                                                     -7.970    -5.369 r  clk_wiz_inst/inst/plle2_adv_inst/CLKOUT0
                         net (fo=1, routed)           1.686    -3.683    clk_wiz_inst/inst/clk_out1_clk_wiz_0
    BUFGCTRL_X0Y0        BUFG (Prop_bufg_I_O)         0.091    -3.592 r  clk_wiz_inst/inst/clkout1_buf/O
                         net (fo=65, routed)          1.596    -1.996    lcd_clk_OBUF
    SLICE_X98Y76         FDCE                                         r  cnt_v_reg[8]/C

Slack:                    inf
  Source:                 sys_rst_n
                            (input port)
  Destination:            cnt_h_reg[0]/CLR
                            (recovery check against rising-edge clock clk_out1_clk_wiz_0  {rise@0.000ns fall@15.152ns period=30.303ns})
  Path Group:             (none)
  Path Type:              Recovery (Max at Slow Process Corner)
  Data Path Delay:        7.908ns  (logic 1.611ns (20.369%)  route 6.297ns (79.631%))
  Logic Levels:           2  (IBUF=1 LUT2=1)
  Clock Path Skew:        -1.997ns (DCD - SCD + CPR)
    Destination Clock Delay (DCD):    -1.997ns
    Source Clock Delay      (SCD):    0.000ns
    Clock Pessimism Removal (CPR):    0.000ns
  Clock Uncertainty:      0.430ns  ((TSJ^2 + DJ^2)^1/2) / 2 + PE
    Total System Jitter     (TSJ):    0.050ns
    Discrete Jitter          (DJ):    0.333ns
    Phase Error              (PE):    0.262ns

    Location             Delay type                Incr(ns)  Path(ns)    Netlist Resource(s)
  -------------------------------------------------------------------    -------------------
    F22                                               0.000     0.000 r  sys_rst_n (IN)
                         net (fo=0)                   0.000     0.000    sys_rst_n
    F22                  IBUF (Prop_ibuf_I_O)         1.487     1.487 r  sys_rst_n_IBUF_inst/O
                         net (fo=2, routed)           3.401     4.888    sys_rst_n_IBUF
    SLICE_X80Y65         LUT2 (Prop_lut2_I1_O)        0.124     5.012 f  cnt_h[11]_i_2/O
                         net (fo=59, routed)          2.896     7.908    cnt_h[11]_i_2_n_0
    SLICE_X104Y74        FDCE                                         f  cnt_h_reg[0]/CLR
  -------------------------------------------------------------------    -------------------

                         (clock clk_out1_clk_wiz_0 rise edge)
                                                      0.000     0.000 r  
    Y9                                                0.000     0.000 r  sys_clk (IN)
                         net (fo=0)                   0.000     0.000    clk_wiz_inst/inst/clk_in1
    Y9                   IBUF (Prop_ibuf_I_O)         1.420     1.420 r  clk_wiz_inst/inst/clkin1_ibufg/O
                         net (fo=1, routed)           1.181     2.601    clk_wiz_inst/inst/clk_in1_clk_wiz_0
    PLLE2_ADV_X0Y0       PLLE2_ADV (Prop_plle2_adv_CLKIN1_CLKOUT0)
                                                     -7.970    -5.369 r  clk_wiz_inst/inst/plle2_adv_inst/CLKOUT0
                         net (fo=1, routed)           1.686    -3.683    clk_wiz_inst/inst/clk_out1_clk_wiz_0
    BUFGCTRL_X0Y0        BUFG (Prop_bufg_I_O)         0.091    -3.592 r  clk_wiz_inst/inst/clkout1_buf/O
                         net (fo=65, routed)          1.595    -1.997    lcd_clk_OBUF
    SLICE_X104Y74        FDCE                                         r  cnt_h_reg[0]/C

Slack:                    inf
  Source:                 sys_rst_n
                            (input port)
  Destination:            cnt_v_reg[3]/CLR
                            (recovery check against rising-edge clock clk_out1_clk_wiz_0  {rise@0.000ns fall@15.152ns period=30.303ns})
  Path Group:             (none)
  Path Type:              Recovery (Max at Slow Process Corner)
  Data Path Delay:        7.898ns  (logic 1.611ns (20.396%)  route 6.287ns (79.604%))
  Logic Levels:           2  (IBUF=1 LUT2=1)
  Clock Path Skew:        -1.995ns (DCD - SCD + CPR)
    Destination Clock Delay (DCD):    -1.995ns
    Source Clock Delay      (SCD):    0.000ns
    Clock Pessimism Removal (CPR):    0.000ns
  Clock Uncertainty:      0.430ns  ((TSJ^2 + DJ^2)^1/2) / 2 + PE
    Total System Jitter     (TSJ):    0.050ns
    Discrete Jitter          (DJ):    0.333ns
    Phase Error              (PE):    0.262ns

    Location             Delay type                Incr(ns)  Path(ns)    Netlist Resource(s)
  -------------------------------------------------------------------    -------------------
    F22                                               0.000     0.000 r  sys_rst_n (IN)
                         net (fo=0)                   0.000     0.000    sys_rst_n
    F22                  IBUF (Prop_ibuf_I_O)         1.487     1.487 r  sys_rst_n_IBUF_inst/O
                         net (fo=2, routed)           3.401     4.888    sys_rst_n_IBUF
    SLICE_X80Y65         LUT2 (Prop_lut2_I1_O)        0.124     5.012 f  cnt_h[11]_i_2/O
                         net (fo=59, routed)          2.886     7.898    cnt_h[11]_i_2_n_0
    SLICE_X98Y77         FDCE                                         f  cnt_v_reg[3]/CLR
  -------------------------------------------------------------------    -------------------

                         (clock clk_out1_clk_wiz_0 rise edge)
                                                      0.000     0.000 r  
    Y9                                                0.000     0.000 r  sys_clk (IN)
                         net (fo=0)                   0.000     0.000    clk_wiz_inst/inst/clk_in1
    Y9                   IBUF (Prop_ibuf_I_O)         1.420     1.420 r  clk_wiz_inst/inst/clkin1_ibufg/O
                         net (fo=1, routed)           1.181     2.601    clk_wiz_inst/inst/clk_in1_clk_wiz_0
    PLLE2_ADV_X0Y0       PLLE2_ADV (Prop_plle2_adv_CLKIN1_CLKOUT0)
                                                     -7.970    -5.369 r  clk_wiz_inst/inst/plle2_adv_inst/CLKOUT0
                         net (fo=1, routed)           1.686    -3.683    clk_wiz_inst/inst/clk_out1_clk_wiz_0
    BUFGCTRL_X0Y0        BUFG (Prop_bufg_I_O)         0.091    -3.592 r  clk_wiz_inst/inst/clkout1_buf/O
                         net (fo=65, routed)          1.597    -1.995    lcd_clk_OBUF
    SLICE_X98Y77         FDCE                                         r  cnt_v_reg[3]/C

Slack:                    inf
  Source:                 sys_rst_n
                            (input port)
  Destination:            cnt_h_reg[2]/CLR
                            (recovery check against rising-edge clock clk_out1_clk_wiz_0  {rise@0.000ns fall@15.152ns period=30.303ns})
  Path Group:             (none)
  Path Type:              Recovery (Max at Slow Process Corner)
  Data Path Delay:        7.786ns  (logic 1.611ns (20.689%)  route 6.175ns (79.311%))
  Logic Levels:           2  (IBUF=1 LUT2=1)
  Clock Path Skew:        -1.996ns (DCD - SCD + CPR)
    Destination Clock Delay (DCD):    -1.996ns
    Source Clock Delay      (SCD):    0.000ns
    Clock Pessimism Removal (CPR):    0.000ns
  Clock Uncertainty:      0.430ns  ((TSJ^2 + DJ^2)^1/2) / 2 + PE
    Total System Jitter     (TSJ):    0.050ns
    Discrete Jitter          (DJ):    0.333ns
    Phase Error              (PE):    0.262ns

    Location             Delay type                Incr(ns)  Path(ns)    Netlist Resource(s)
  -------------------------------------------------------------------    -------------------
    F22                                               0.000     0.000 r  sys_rst_n (IN)
                         net (fo=0)                   0.000     0.000    sys_rst_n
    F22                  IBUF (Prop_ibuf_I_O)         1.487     1.487 r  sys_rst_n_IBUF_inst/O
                         net (fo=2, routed)           3.401     4.888    sys_rst_n_IBUF
    SLICE_X80Y65         LUT2 (Prop_lut2_I1_O)        0.124     5.012 f  cnt_h[11]_i_2/O
                         net (fo=59, routed)          2.774     7.786    cnt_h[11]_i_2_n_0
    SLICE_X101Y76        FDCE                                         f  cnt_h_reg[2]/CLR
  -------------------------------------------------------------------    -------------------

                         (clock clk_out1_clk_wiz_0 rise edge)
                                                      0.000     0.000 r  
    Y9                                                0.000     0.000 r  sys_clk (IN)
                         net (fo=0)                   0.000     0.000    clk_wiz_inst/inst/clk_in1
    Y9                   IBUF (Prop_ibuf_I_O)         1.420     1.420 r  clk_wiz_inst/inst/clkin1_ibufg/O
                         net (fo=1, routed)           1.181     2.601    clk_wiz_inst/inst/clk_in1_clk_wiz_0
    PLLE2_ADV_X0Y0       PLLE2_ADV (Prop_plle2_adv_CLKIN1_CLKOUT0)
                                                     -7.970    -5.369 r  clk_wiz_inst/inst/plle2_adv_inst/CLKOUT0
                         net (fo=1, routed)           1.686    -3.683    clk_wiz_inst/inst/clk_out1_clk_wiz_0
    BUFGCTRL_X0Y0        BUFG (Prop_bufg_I_O)         0.091    -3.592 r  clk_wiz_inst/inst/clkout1_buf/O
                         net (fo=65, routed)          1.596    -1.996    lcd_clk_OBUF
    SLICE_X101Y76        FDCE                                         r  cnt_h_reg[2]/C

Slack:                    inf
  Source:                 sys_rst_n
                            (input port)
  Destination:            block_y_reg[0]/CLR
                            (recovery check against rising-edge clock clk_out1_clk_wiz_0  {rise@0.000ns fall@15.152ns period=30.303ns})
  Path Group:             (none)
  Path Type:              Recovery (Max at Slow Process Corner)
  Data Path Delay:        7.743ns  (logic 1.611ns (20.803%)  route 6.132ns (79.197%))
  Logic Levels:           2  (IBUF=1 LUT2=1)
  Clock Path Skew:        -1.986ns (DCD - SCD + CPR)
    Destination Clock Delay (DCD):    -1.986ns
    Source Clock Delay      (SCD):    0.000ns
    Clock Pessimism Removal (CPR):    0.000ns
  Clock Uncertainty:      0.430ns  ((TSJ^2 + DJ^2)^1/2) / 2 + PE
    Total System Jitter     (TSJ):    0.050ns
    Discrete Jitter          (DJ):    0.333ns
    Phase Error              (PE):    0.262ns

    Location             Delay type                Incr(ns)  Path(ns)    Netlist Resource(s)
  -------------------------------------------------------------------    -------------------
    F22                                               0.000     0.000 r  sys_rst_n (IN)
                         net (fo=0)                   0.000     0.000    sys_rst_n
    F22                  IBUF (Prop_ibuf_I_O)         1.487     1.487 r  sys_rst_n_IBUF_inst/O
                         net (fo=2, routed)           3.401     4.888    sys_rst_n_IBUF
    SLICE_X80Y65         LUT2 (Prop_lut2_I1_O)        0.124     5.012 f  cnt_h[11]_i_2/O
                         net (fo=59, routed)          2.731     7.743    cnt_h[11]_i_2_n_0
    SLICE_X95Y86         FDCE                                         f  block_y_reg[0]/CLR
  -------------------------------------------------------------------    -------------------

                         (clock clk_out1_clk_wiz_0 rise edge)
                                                      0.000     0.000 r  
    Y9                                                0.000     0.000 r  sys_clk (IN)
                         net (fo=0)                   0.000     0.000    clk_wiz_inst/inst/clk_in1
    Y9                   IBUF (Prop_ibuf_I_O)         1.420     1.420 r  clk_wiz_inst/inst/clkin1_ibufg/O
                         net (fo=1, routed)           1.181     2.601    clk_wiz_inst/inst/clk_in1_clk_wiz_0
    PLLE2_ADV_X0Y0       PLLE2_ADV (Prop_plle2_adv_CLKIN1_CLKOUT0)
                                                     -7.970    -5.369 r  clk_wiz_inst/inst/plle2_adv_inst/CLKOUT0
                         net (fo=1, routed)           1.686    -3.683    clk_wiz_inst/inst/clk_out1_clk_wiz_0
    BUFGCTRL_X0Y0        BUFG (Prop_bufg_I_O)         0.091    -3.592 r  clk_wiz_inst/inst/clkout1_buf/O
                         net (fo=65, routed)          1.606    -1.986    lcd_clk_OBUF
    SLICE_X95Y86         FDCE                                         r  block_y_reg[0]/C





Min Delay Paths
--------------------------------------------------------------------------------------
Slack:                    inf
  Source:                 key_in[3]
                            (input port)
  Destination:            block_x_reg[1]/D
                            (rising edge-triggered cell FDCE clocked by clk_out1_clk_wiz_0  {rise@0.000ns fall@15.152ns period=30.303ns})
  Path Group:             (none)
  Path Type:              Hold (Min at Fast Process Corner)
  Data Path Delay:        1.230ns  (logic 0.286ns (23.227%)  route 0.944ns (76.773%))
  Logic Levels:           2  (IBUF=1 LUT4=1)
  Clock Path Skew:        -0.291ns (DCD - SCD - CPR)
    Destination Clock Delay (DCD):    -0.291ns
    Source Clock Delay      (SCD):    0.000ns
    Clock Pessimism Removal (CPR):    -0.000ns

    Location             Delay type                Incr(ns)  Path(ns)    Netlist Resource(s)
  -------------------------------------------------------------------    -------------------
    R16                                               0.000     0.000 r  key_in[3] (IN)
                         net (fo=0)                   0.000     0.000    key_in[3]
    R16                  IBUF (Prop_ibuf_I_O)         0.241     0.241 r  key_in_IBUF[3]_inst/O
                         net (fo=4, routed)           0.944     1.185    key_in_IBUF[3]
    SLICE_X104Y82        LUT4 (Prop_lut4_I1_O)        0.045     1.230 r  block_x[1]_i_1/O
                         net (fo=1, routed)           0.000     1.230    block_x[1]_i_1_n_0
    SLICE_X104Y82        FDCE                                         r  block_x_reg[1]/D
  -------------------------------------------------------------------    -------------------

                         (clock clk_out1_clk_wiz_0 rise edge)
                                                      0.000     0.000 r  
    Y9                                                0.000     0.000 r  sys_clk (IN)
                         net (fo=0)                   0.000     0.000    clk_wiz_inst/inst/clk_in1
    Y9                   IBUF (Prop_ibuf_I_O)         0.446     0.446 r  clk_wiz_inst/inst/clkin1_ibufg/O
                         net (fo=1, routed)           0.481     0.927    clk_wiz_inst/inst/clk_in1_clk_wiz_0
    PLLE2_ADV_X0Y0       PLLE2_ADV (Prop_plle2_adv_CLKIN1_CLKOUT0)
                                                     -2.700    -1.773 r  clk_wiz_inst/inst/plle2_adv_inst/CLKOUT0
                         net (fo=1, routed)           0.580    -1.193    clk_wiz_inst/inst/clk_out1_clk_wiz_0
    BUFGCTRL_X0Y0        BUFG (Prop_bufg_I_O)         0.029    -1.164 r  clk_wiz_inst/inst/clkout1_buf/O
                         net (fo=65, routed)          0.873    -0.291    lcd_clk_OBUF
    SLICE_X104Y82        FDCE                                         r  block_x_reg[1]/C

Slack:                    inf
  Source:                 key_in[3]
                            (input port)
  Destination:            block_x_reg[3]/D
                            (rising edge-triggered cell FDCE clocked by clk_out1_clk_wiz_0  {rise@0.000ns fall@15.152ns period=30.303ns})
  Path Group:             (none)
  Path Type:              Hold (Min at Fast Process Corner)
  Data Path Delay:        1.231ns  (logic 0.287ns (23.290%)  route 0.944ns (76.710%))
  Logic Levels:           2  (IBUF=1 LUT5=1)
  Clock Path Skew:        -0.291ns (DCD - SCD - CPR)
    Destination Clock Delay (DCD):    -0.291ns
    Source Clock Delay      (SCD):    0.000ns
    Clock Pessimism Removal (CPR):    -0.000ns

    Location             Delay type                Incr(ns)  Path(ns)    Netlist Resource(s)
  -------------------------------------------------------------------    -------------------
    R16                                               0.000     0.000 r  key_in[3] (IN)
                         net (fo=0)                   0.000     0.000    key_in[3]
    R16                  IBUF (Prop_ibuf_I_O)         0.241     0.241 r  key_in_IBUF[3]_inst/O
                         net (fo=4, routed)           0.944     1.185    key_in_IBUF[3]
    SLICE_X104Y82        LUT5 (Prop_lut5_I0_O)        0.046     1.231 r  block_x[3]_i_2/O
                         net (fo=1, routed)           0.000     1.231    p_0_in[3]
    SLICE_X104Y82        FDCE                                         r  block_x_reg[3]/D
  -------------------------------------------------------------------    -------------------

                         (clock clk_out1_clk_wiz_0 rise edge)
                                                      0.000     0.000 r  
    Y9                                                0.000     0.000 r  sys_clk (IN)
                         net (fo=0)                   0.000     0.000    clk_wiz_inst/inst/clk_in1
    Y9                   IBUF (Prop_ibuf_I_O)         0.446     0.446 r  clk_wiz_inst/inst/clkin1_ibufg/O
                         net (fo=1, routed)           0.481     0.927    clk_wiz_inst/inst/clk_in1_clk_wiz_0
    PLLE2_ADV_X0Y0       PLLE2_ADV (Prop_plle2_adv_CLKIN1_CLKOUT0)
                                                     -2.700    -1.773 r  clk_wiz_inst/inst/plle2_adv_inst/CLKOUT0
                         net (fo=1, routed)           0.580    -1.193    clk_wiz_inst/inst/clk_out1_clk_wiz_0
    BUFGCTRL_X0Y0        BUFG (Prop_bufg_I_O)         0.029    -1.164 r  clk_wiz_inst/inst/clkout1_buf/O
                         net (fo=65, routed)          0.873    -0.291    lcd_clk_OBUF
    SLICE_X104Y82        FDCE                                         r  block_x_reg[3]/C

Slack:                    inf
  Source:                 key_in[1]
                            (input port)
  Destination:            block_x_reg[0]/CE
                            (rising edge-triggered cell FDCE clocked by clk_out1_clk_wiz_0  {rise@0.000ns fall@15.152ns period=30.303ns})
  Path Group:             (none)
  Path Type:              Hold (Min at Fast Process Corner)
  Data Path Delay:        1.252ns  (logic 0.303ns (24.236%)  route 0.949ns (75.764%))
  Logic Levels:           2  (IBUF=1 LUT6=1)
  Clock Path Skew:        -0.291ns (DCD - SCD - CPR)
    Destination Clock Delay (DCD):    -0.291ns
    Source Clock Delay      (SCD):    0.000ns
    Clock Pessimism Removal (CPR):    -0.000ns

    Location             Delay type                Incr(ns)  Path(ns)    Netlist Resource(s)
  -------------------------------------------------------------------    -------------------
    N15                                               0.000     0.000 f  key_in[1] (IN)
                         net (fo=0)                   0.000     0.000    key_in[1]
    N15                  IBUF (Prop_ibuf_I_O)         0.258     0.258 f  key_in_IBUF[1]_inst/O
                         net (fo=1, routed)           0.833     1.091    key_in_IBUF[1]
    SLICE_X104Y82        LUT6 (Prop_lut6_I1_O)        0.045     1.136 r  block_x[3]_i_1/O
                         net (fo=4, routed)           0.116     1.252    block_x[3]_i_1_n_0
    SLICE_X104Y82        FDCE                                         r  block_x_reg[0]/CE
  -------------------------------------------------------------------    -------------------

                         (clock clk_out1_clk_wiz_0 rise edge)
                                                      0.000     0.000 r  
    Y9                                                0.000     0.000 r  sys_clk (IN)
                         net (fo=0)                   0.000     0.000    clk_wiz_inst/inst/clk_in1
    Y9                   IBUF (Prop_ibuf_I_O)         0.446     0.446 r  clk_wiz_inst/inst/clkin1_ibufg/O
                         net (fo=1, routed)           0.481     0.927    clk_wiz_inst/inst/clk_in1_clk_wiz_0
    PLLE2_ADV_X0Y0       PLLE2_ADV (Prop_plle2_adv_CLKIN1_CLKOUT0)
                                                     -2.700    -1.773 r  clk_wiz_inst/inst/plle2_adv_inst/CLKOUT0
                         net (fo=1, routed)           0.580    -1.193    clk_wiz_inst/inst/clk_out1_clk_wiz_0
    BUFGCTRL_X0Y0        BUFG (Prop_bufg_I_O)         0.029    -1.164 r  clk_wiz_inst/inst/clkout1_buf/O
                         net (fo=65, routed)          0.873    -0.291    lcd_clk_OBUF
    SLICE_X104Y82        FDCE                                         r  block_x_reg[0]/C

Slack:                    inf
  Source:                 key_in[1]
                            (input port)
  Destination:            block_x_reg[1]/CE
                            (rising edge-triggered cell FDCE clocked by clk_out1_clk_wiz_0  {rise@0.000ns fall@15.152ns period=30.303ns})
  Path Group:             (none)
  Path Type:              Hold (Min at Fast Process Corner)
  Data Path Delay:        1.252ns  (logic 0.303ns (24.236%)  route 0.949ns (75.764%))
  Logic Levels:           2  (IBUF=1 LUT6=1)
  Clock Path Skew:        -0.291ns (DCD - SCD - CPR)
    Destination Clock Delay (DCD):    -0.291ns
    Source Clock Delay      (SCD):    0.000ns
    Clock Pessimism Removal (CPR):    -0.000ns

    Location             Delay type                Incr(ns)  Path(ns)    Netlist Resource(s)
  -------------------------------------------------------------------    -------------------
    N15                                               0.000     0.000 f  key_in[1] (IN)
                         net (fo=0)                   0.000     0.000    key_in[1]
    N15                  IBUF (Prop_ibuf_I_O)         0.258     0.258 f  key_in_IBUF[1]_inst/O
                         net (fo=1, routed)           0.833     1.091    key_in_IBUF[1]
    SLICE_X104Y82        LUT6 (Prop_lut6_I1_O)        0.045     1.136 r  block_x[3]_i_1/O
                         net (fo=4, routed)           0.116     1.252    block_x[3]_i_1_n_0
    SLICE_X104Y82        FDCE                                         r  block_x_reg[1]/CE
  -------------------------------------------------------------------    -------------------

                         (clock clk_out1_clk_wiz_0 rise edge)
                                                      0.000     0.000 r  
    Y9                                                0.000     0.000 r  sys_clk (IN)
                         net (fo=0)                   0.000     0.000    clk_wiz_inst/inst/clk_in1
    Y9                   IBUF (Prop_ibuf_I_O)         0.446     0.446 r  clk_wiz_inst/inst/clkin1_ibufg/O
                         net (fo=1, routed)           0.481     0.927    clk_wiz_inst/inst/clk_in1_clk_wiz_0
    PLLE2_ADV_X0Y0       PLLE2_ADV (Prop_plle2_adv_CLKIN1_CLKOUT0)
                                                     -2.700    -1.773 r  clk_wiz_inst/inst/plle2_adv_inst/CLKOUT0
                         net (fo=1, routed)           0.580    -1.193    clk_wiz_inst/inst/clk_out1_clk_wiz_0
    BUFGCTRL_X0Y0        BUFG (Prop_bufg_I_O)         0.029    -1.164 r  clk_wiz_inst/inst/clkout1_buf/O
                         net (fo=65, routed)          0.873    -0.291    lcd_clk_OBUF
    SLICE_X104Y82        FDCE                                         r  block_x_reg[1]/C

Slack:                    inf
  Source:                 key_in[1]
                            (input port)
  Destination:            block_x_reg[2]/CE
                            (rising edge-triggered cell FDPE clocked by clk_out1_clk_wiz_0  {rise@0.000ns fall@15.152ns period=30.303ns})
  Path Group:             (none)
  Path Type:              Hold (Min at Fast Process Corner)
  Data Path Delay:        1.252ns  (logic 0.303ns (24.236%)  route 0.949ns (75.764%))
  Logic Levels:           2  (IBUF=1 LUT6=1)
  Clock Path Skew:        -0.291ns (DCD - SCD - CPR)
    Destination Clock Delay (DCD):    -0.291ns
    Source Clock Delay      (SCD):    0.000ns
    Clock Pessimism Removal (CPR):    -0.000ns

    Location             Delay type                Incr(ns)  Path(ns)    Netlist Resource(s)
  -------------------------------------------------------------------    -------------------
    N15                                               0.000     0.000 f  key_in[1] (IN)
                         net (fo=0)                   0.000     0.000    key_in[1]
    N15                  IBUF (Prop_ibuf_I_O)         0.258     0.258 f  key_in_IBUF[1]_inst/O
                         net (fo=1, routed)           0.833     1.091    key_in_IBUF[1]
    SLICE_X104Y82        LUT6 (Prop_lut6_I1_O)        0.045     1.136 r  block_x[3]_i_1/O
                         net (fo=4, routed)           0.116     1.252    block_x[3]_i_1_n_0
    SLICE_X104Y82        FDPE                                         r  block_x_reg[2]/CE
  -------------------------------------------------------------------    -------------------

                         (clock clk_out1_clk_wiz_0 rise edge)
                                                      0.000     0.000 r  
    Y9                                                0.000     0.000 r  sys_clk (IN)
                         net (fo=0)                   0.000     0.000    clk_wiz_inst/inst/clk_in1
    Y9                   IBUF (Prop_ibuf_I_O)         0.446     0.446 r  clk_wiz_inst/inst/clkin1_ibufg/O
                         net (fo=1, routed)           0.481     0.927    clk_wiz_inst/inst/clk_in1_clk_wiz_0
    PLLE2_ADV_X0Y0       PLLE2_ADV (Prop_plle2_adv_CLKIN1_CLKOUT0)
                                                     -2.700    -1.773 r  clk_wiz_inst/inst/plle2_adv_inst/CLKOUT0
                         net (fo=1, routed)           0.580    -1.193    clk_wiz_inst/inst/clk_out1_clk_wiz_0
    BUFGCTRL_X0Y0        BUFG (Prop_bufg_I_O)         0.029    -1.164 r  clk_wiz_inst/inst/clkout1_buf/O
                         net (fo=65, routed)          0.873    -0.291    lcd_clk_OBUF
    SLICE_X104Y82        FDPE                                         r  block_x_reg[2]/C

Slack:                    inf
  Source:                 key_in[1]
                            (input port)
  Destination:            block_x_reg[3]/CE
                            (rising edge-triggered cell FDCE clocked by clk_out1_clk_wiz_0  {rise@0.000ns fall@15.152ns period=30.303ns})
  Path Group:             (none)
  Path Type:              Hold (Min at Fast Process Corner)
  Data Path Delay:        1.252ns  (logic 0.303ns (24.236%)  route 0.949ns (75.764%))
  Logic Levels:           2  (IBUF=1 LUT6=1)
  Clock Path Skew:        -0.291ns (DCD - SCD - CPR)
    Destination Clock Delay (DCD):    -0.291ns
    Source Clock Delay      (SCD):    0.000ns
    Clock Pessimism Removal (CPR):    -0.000ns

    Location             Delay type                Incr(ns)  Path(ns)    Netlist Resource(s)
  -------------------------------------------------------------------    -------------------
    N15                                               0.000     0.000 f  key_in[1] (IN)
                         net (fo=0)                   0.000     0.000    key_in[1]
    N15                  IBUF (Prop_ibuf_I_O)         0.258     0.258 f  key_in_IBUF[1]_inst/O
                         net (fo=1, routed)           0.833     1.091    key_in_IBUF[1]
    SLICE_X104Y82        LUT6 (Prop_lut6_I1_O)        0.045     1.136 r  block_x[3]_i_1/O
                         net (fo=4, routed)           0.116     1.252    block_x[3]_i_1_n_0
    SLICE_X104Y82        FDCE                                         r  block_x_reg[3]/CE
  -------------------------------------------------------------------    -------------------

                         (clock clk_out1_clk_wiz_0 rise edge)
                                                      0.000     0.000 r  
    Y9                                                0.000     0.000 r  sys_clk (IN)
                         net (fo=0)                   0.000     0.000    clk_wiz_inst/inst/clk_in1
    Y9                   IBUF (Prop_ibuf_I_O)         0.446     0.446 r  clk_wiz_inst/inst/clkin1_ibufg/O
                         net (fo=1, routed)           0.481     0.927    clk_wiz_inst/inst/clk_in1_clk_wiz_0
    PLLE2_ADV_X0Y0       PLLE2_ADV (Prop_plle2_adv_CLKIN1_CLKOUT0)
                                                     -2.700    -1.773 r  clk_wiz_inst/inst/plle2_adv_inst/CLKOUT0
                         net (fo=1, routed)           0.580    -1.193    clk_wiz_inst/inst/clk_out1_clk_wiz_0
    BUFGCTRL_X0Y0        BUFG (Prop_bufg_I_O)         0.029    -1.164 r  clk_wiz_inst/inst/clkout1_buf/O
                         net (fo=65, routed)          0.873    -0.291    lcd_clk_OBUF
    SLICE_X104Y82        FDCE                                         r  block_x_reg[3]/C

Slack:                    inf
  Source:                 key_in[3]
                            (input port)
  Destination:            block_x_reg[2]/D
                            (rising edge-triggered cell FDPE clocked by clk_out1_clk_wiz_0  {rise@0.000ns fall@15.152ns period=30.303ns})
  Path Group:             (none)
  Path Type:              Hold (Min at Fast Process Corner)
  Data Path Delay:        1.369ns  (logic 0.284ns (20.722%)  route 1.085ns (79.278%))
  Logic Levels:           2  (IBUF=1 LUT5=1)
  Clock Path Skew:        -0.291ns (DCD - SCD - CPR)
    Destination Clock Delay (DCD):    -0.291ns
    Source Clock Delay      (SCD):    0.000ns
    Clock Pessimism Removal (CPR):    -0.000ns

    Location             Delay type                Incr(ns)  Path(ns)    Netlist Resource(s)
  -------------------------------------------------------------------    -------------------
    R16                                               0.000     0.000 r  key_in[3] (IN)
                         net (fo=0)                   0.000     0.000    key_in[3]
    R16                  IBUF (Prop_ibuf_I_O)         0.241     0.241 r  key_in_IBUF[3]_inst/O
                         net (fo=4, routed)           0.906     1.147    key_in_IBUF[3]
    SLICE_X104Y82        LUT5 (Prop_lut5_I4_O)        0.043     1.190 r  block_x[2]_i_1/O
                         net (fo=1, routed)           0.180     1.369    p_0_in[2]
    SLICE_X104Y82        FDPE                                         r  block_x_reg[2]/D
  -------------------------------------------------------------------    -------------------

                         (clock clk_out1_clk_wiz_0 rise edge)
                                                      0.000     0.000 r  
    Y9                                                0.000     0.000 r  sys_clk (IN)
                         net (fo=0)                   0.000     0.000    clk_wiz_inst/inst/clk_in1
    Y9                   IBUF (Prop_ibuf_I_O)         0.446     0.446 r  clk_wiz_inst/inst/clkin1_ibufg/O
                         net (fo=1, routed)           0.481     0.927    clk_wiz_inst/inst/clk_in1_clk_wiz_0
    PLLE2_ADV_X0Y0       PLLE2_ADV (Prop_plle2_adv_CLKIN1_CLKOUT0)
                                                     -2.700    -1.773 r  clk_wiz_inst/inst/plle2_adv_inst/CLKOUT0
                         net (fo=1, routed)           0.580    -1.193    clk_wiz_inst/inst/clk_out1_clk_wiz_0
    BUFGCTRL_X0Y0        BUFG (Prop_bufg_I_O)         0.029    -1.164 r  clk_wiz_inst/inst/clkout1_buf/O
                         net (fo=65, routed)          0.873    -0.291    lcd_clk_OBUF
    SLICE_X104Y82        FDPE                                         r  block_x_reg[2]/C

Slack:                    inf
  Source:                 clk_wiz_inst/inst/plle2_adv_inst/LOCKED
                            (internal pin)
  Destination:            drop_counter_reg[0]/CLR
                            (removal check against rising-edge clock clk_out1_clk_wiz_0  {rise@0.000ns fall@15.152ns period=30.303ns})
  Path Group:             (none)
  Path Type:              Removal (Min at Fast Process Corner)
  Data Path Delay:        1.747ns  (logic 0.045ns (2.576%)  route 1.702ns (97.424%))
  Logic Levels:           1  (LUT2=1)
  Clock Uncertainty:      0.430ns  ((TSJ^2 + DJ^2)^1/2) / 2 + PE
    Total System Jitter     (TSJ):    0.050ns
    Discrete Jitter          (DJ):    0.333ns
    Phase Error              (PE):    0.262ns

    Location             Delay type                Incr(ns)  Path(ns)    Netlist Resource(s)
  -------------------------------------------------------------------    -------------------
    PLLE2_ADV_X0Y0       PLLE2_ADV                    0.000     0.000 r  clk_wiz_inst/inst/plle2_adv_inst/LOCKED
                         net (fo=1, routed)           1.380     1.380    locked
    SLICE_X80Y65         LUT2 (Prop_lut2_I0_O)        0.045     1.425 f  cnt_h[11]_i_2/O
                         net (fo=59, routed)          0.322     1.747    cnt_h[11]_i_2_n_0
    SLICE_X87Y67         FDCE                                         f  drop_counter_reg[0]/CLR
  -------------------------------------------------------------------    -------------------

                         (clock clk_out1_clk_wiz_0 rise edge)
                                                      0.000     0.000 r  
    Y9                                                0.000     0.000 r  sys_clk (IN)
                         net (fo=0)                   0.000     0.000    clk_wiz_inst/inst/clk_in1
    Y9                   IBUF (Prop_ibuf_I_O)         0.446     0.446 r  clk_wiz_inst/inst/clkin1_ibufg/O
                         net (fo=1, routed)           0.481     0.927    clk_wiz_inst/inst/clk_in1_clk_wiz_0
    PLLE2_ADV_X0Y0       PLLE2_ADV (Prop_plle2_adv_CLKIN1_CLKOUT0)
                                                     -2.700    -1.773 r  clk_wiz_inst/inst/plle2_adv_inst/CLKOUT0
                         net (fo=1, routed)           0.580    -1.193    clk_wiz_inst/inst/clk_out1_clk_wiz_0
    BUFGCTRL_X0Y0        BUFG (Prop_bufg_I_O)         0.029    -1.164 r  clk_wiz_inst/inst/clkout1_buf/O
                         net (fo=65, routed)          0.847    -0.317    lcd_clk_OBUF
    SLICE_X87Y67         FDCE                                         r  drop_counter_reg[0]/C

Slack:                    inf
  Source:                 clk_wiz_inst/inst/plle2_adv_inst/LOCKED
                            (internal pin)
  Destination:            drop_counter_reg[5]/CLR
                            (removal check against rising-edge clock clk_out1_clk_wiz_0  {rise@0.000ns fall@15.152ns period=30.303ns})
  Path Group:             (none)
  Path Type:              Removal (Min at Fast Process Corner)
  Data Path Delay:        1.747ns  (logic 0.045ns (2.576%)  route 1.702ns (97.424%))
  Logic Levels:           1  (LUT2=1)
  Clock Uncertainty:      0.430ns  ((TSJ^2 + DJ^2)^1/2) / 2 + PE
    Total System Jitter     (TSJ):    0.050ns
    Discrete Jitter          (DJ):    0.333ns
    Phase Error              (PE):    0.262ns

    Location             Delay type                Incr(ns)  Path(ns)    Netlist Resource(s)
  -------------------------------------------------------------------    -------------------
    PLLE2_ADV_X0Y0       PLLE2_ADV                    0.000     0.000 r  clk_wiz_inst/inst/plle2_adv_inst/LOCKED
                         net (fo=1, routed)           1.380     1.380    locked
    SLICE_X80Y65         LUT2 (Prop_lut2_I0_O)        0.045     1.425 f  cnt_h[11]_i_2/O
                         net (fo=59, routed)          0.322     1.747    cnt_h[11]_i_2_n_0
    SLICE_X87Y67         FDCE                                         f  drop_counter_reg[5]/CLR
  -------------------------------------------------------------------    -------------------

                         (clock clk_out1_clk_wiz_0 rise edge)
                                                      0.000     0.000 r  
    Y9                                                0.000     0.000 r  sys_clk (IN)
                         net (fo=0)                   0.000     0.000    clk_wiz_inst/inst/clk_in1
    Y9                   IBUF (Prop_ibuf_I_O)         0.446     0.446 r  clk_wiz_inst/inst/clkin1_ibufg/O
                         net (fo=1, routed)           0.481     0.927    clk_wiz_inst/inst/clk_in1_clk_wiz_0
    PLLE2_ADV_X0Y0       PLLE2_ADV (Prop_plle2_adv_CLKIN1_CLKOUT0)
                                                     -2.700    -1.773 r  clk_wiz_inst/inst/plle2_adv_inst/CLKOUT0
                         net (fo=1, routed)           0.580    -1.193    clk_wiz_inst/inst/clk_out1_clk_wiz_0
    BUFGCTRL_X0Y0        BUFG (Prop_bufg_I_O)         0.029    -1.164 r  clk_wiz_inst/inst/clkout1_buf/O
                         net (fo=65, routed)          0.847    -0.317    lcd_clk_OBUF
    SLICE_X87Y67         FDCE                                         r  drop_counter_reg[5]/C

Slack:                    inf
  Source:                 clk_wiz_inst/inst/plle2_adv_inst/LOCKED
                            (internal pin)
  Destination:            drop_counter_reg[7]/CLR
                            (removal check against rising-edge clock clk_out1_clk_wiz_0  {rise@0.000ns fall@15.152ns period=30.303ns})
  Path Group:             (none)
  Path Type:              Removal (Min at Fast Process Corner)
  Data Path Delay:        1.747ns  (logic 0.045ns (2.576%)  route 1.702ns (97.424%))
  Logic Levels:           1  (LUT2=1)
  Clock Uncertainty:      0.430ns  ((TSJ^2 + DJ^2)^1/2) / 2 + PE
    Total System Jitter     (TSJ):    0.050ns
    Discrete Jitter          (DJ):    0.333ns
    Phase Error              (PE):    0.262ns

    Location             Delay type                Incr(ns)  Path(ns)    Netlist Resource(s)
  -------------------------------------------------------------------    -------------------
    PLLE2_ADV_X0Y0       PLLE2_ADV                    0.000     0.000 r  clk_wiz_inst/inst/plle2_adv_inst/LOCKED
                         net (fo=1, routed)           1.380     1.380    locked
    SLICE_X80Y65         LUT2 (Prop_lut2_I0_O)        0.045     1.425 f  cnt_h[11]_i_2/O
                         net (fo=59, routed)          0.322     1.747    cnt_h[11]_i_2_n_0
    SLICE_X87Y67         FDCE                                         f  drop_counter_reg[7]/CLR
  -------------------------------------------------------------------    -------------------

                         (clock clk_out1_clk_wiz_0 rise edge)
                                                      0.000     0.000 r  
    Y9                                                0.000     0.000 r  sys_clk (IN)
                         net (fo=0)                   0.000     0.000    clk_wiz_inst/inst/clk_in1
    Y9                   IBUF (Prop_ibuf_I_O)         0.446     0.446 r  clk_wiz_inst/inst/clkin1_ibufg/O
                         net (fo=1, routed)           0.481     0.927    clk_wiz_inst/inst/clk_in1_clk_wiz_0
    PLLE2_ADV_X0Y0       PLLE2_ADV (Prop_plle2_adv_CLKIN1_CLKOUT0)
                                                     -2.700    -1.773 r  clk_wiz_inst/inst/plle2_adv_inst/CLKOUT0
                         net (fo=1, routed)           0.580    -1.193    clk_wiz_inst/inst/clk_out1_clk_wiz_0
    BUFGCTRL_X0Y0        BUFG (Prop_bufg_I_O)         0.029    -1.164 r  clk_wiz_inst/inst/clkout1_buf/O
                         net (fo=65, routed)          0.847    -0.317    lcd_clk_OBUF
    SLICE_X87Y67         FDCE                                         r  drop_counter_reg[7]/C





