Copyright 1986-2022 Xilinx, Inc. All Rights Reserved. Copyright 2022-2023 Advanced Micro Devices, Inc. All Rights Reserved.
---------------------------------------------------------------------------------------------------------------------------------------------------------------------------------------------------------------------------------------------
| Tool Version : Vivado v.2023.2 (win64) Build 4029153 Fri Oct 13 20:14:34 MDT 2023
| Date         : Wed May 13 12:08:25 2026
| Host         : DESKTOP-O1S0IG8 running 64-bit major release  (build 9200)
| Command      : report_timing_summary -max_paths 10 -report_unconstrained -file lcd_colorbar_top_timing_summary_routed.rpt -pb lcd_colorbar_top_timing_summary_routed.pb -rpx lcd_colorbar_top_timing_summary_routed.rpx -warn_on_violation
| Design       : lcd_colorbar_top
| Device       : 7z020-clg484
| Speed File   : -1  PRODUCTION 1.12 2019-11-22
| Design State : Routed
---------------------------------------------------------------------------------------------------------------------------------------------------------------------------------------------------------------------------------------------

Timing Summary Report

------------------------------------------------------------------------------------------------
| Timer Settings
| --------------
------------------------------------------------------------------------------------------------

  Enable Multi Corner Analysis               :  Yes
  Enable Pessimism Removal                   :  Yes
  Pessimism Removal Resolution               :  Nearest Common Node
  Enable Input Delay Default Clock           :  No
  Enable Preset / Clear Arcs                 :  No
  Disable Flight Delays                      :  No
  Ignore I/O Paths                           :  No
  Timing Early Launch at Borrowing Latches   :  No
  Borrow Time for Max Delay Exceptions       :  Yes
  Merge Timing Exceptions                    :  Yes
  Inter-SLR Compensation                     :  Conservative

  Corner  Analyze    Analyze    
  Name    Max Paths  Min Paths  
  ------  ---------  ---------  
  Slow    Yes        Yes        
  Fast    Yes        Yes        


------------------------------------------------------------------------------------------------
| Report Methodology
| ------------------
------------------------------------------------------------------------------------------------

Rule     Severity  Description                   Violations  
-------  --------  ----------------------------  ----------  
LUTAR-1  Warning   LUT drives async reset alert  1           

Note: This report is based on the most recent report_methodology run and may not be up-to-date. Run report_methodology on the current design for the latest report.



check_timing report

Table of Contents
-----------------
1. checking no_clock (0)
2. checking constant_clock (0)
3. checking pulse_width_clock (0)
4. checking unconstrained_internal_endpoints (0)
5. checking no_input_delay (3)
6. checking no_output_delay (27)
7. checking multiple_clock (0)
8. checking generated_clocks (0)
9. checking loops (0)
10. checking partial_input_delay (0)
11. checking partial_output_delay (0)
12. checking latch_loops (0)

1. checking no_clock (0)
------------------------
 There are 0 register/latch pins with no clock.


2. checking constant_clock (0)
------------------------------
 There are 0 register/latch pins with constant_clock.


3. checking pulse_width_clock (0)
---------------------------------
 There are 0 register/latch pins which need pulse_width check


4. checking unconstrained_internal_endpoints (0)
------------------------------------------------
 There are 0 pins that are not constrained for maximum delay.

 There are 0 pins that are not constrained for maximum delay due to constant clock.


5. checking no_input_delay (3)
------------------------------
 There are 3 input ports with no input delay specified. (HIGH)

 There are 0 input ports with no input delay but user has a false path constraint.


6. checking no_output_delay (27)
--------------------------------
 There are 27 ports with no output delay specified. (HIGH)

 There are 0 ports with no output delay but user has a false path constraint

 There are 0 ports with no output delay but with a timing clock defined on it or propagating through it


7. checking multiple_clock (0)
------------------------------
 There are 0 register/latch pins with multiple clocks.


8. checking generated_clocks (0)
--------------------------------
 There are 0 generated clocks that are not connected to a clock source.


9. checking loops (0)
---------------------
 There are 0 combinational loops in the design.


10. checking partial_input_delay (0)
------------------------------------
 There are 0 input ports with partial input delay specified.


11. checking partial_output_delay (0)
-------------------------------------
 There are 0 ports with partial output delay specified.


12. checking latch_loops (0)
----------------------------
 There are 0 combinational latch loops in the design through latch input



------------------------------------------------------------------------------------------------
| Design Timing Summary
| ---------------------
------------------------------------------------------------------------------------------------

    WNS(ns)      TNS(ns)  TNS Failing Endpoints  TNS Total Endpoints      WHS(ns)      THS(ns)  THS Failing Endpoints  THS Total Endpoints     WPWS(ns)     TPWS(ns)  TPWS Failing Endpoints  TPWS Total Endpoints  
    -------      -------  ---------------------  -------------------      -------      -------  ---------------------  -------------------     --------     --------  ----------------------  --------------------  
      2.170        0.000                      0                  308        0.167        0.000                      0                  308        3.000        0.000                       0                   296  


All user specified timing constraints are met.


------------------------------------------------------------------------------------------------
| Clock Summary
| -------------
------------------------------------------------------------------------------------------------

Clock                 Waveform(ns)       Period(ns)      Frequency(MHz)
-----                 ------------       ----------      --------------
sys_clk               {0.000 5.000}      10.000          100.000         
  clk_out1_clk_wiz_0  {0.000 15.152}     30.303          33.000          
  clkfbout_clk_wiz_0  {0.000 20.000}     40.000          25.000          


------------------------------------------------------------------------------------------------
| Intra Clock Table
| -----------------
------------------------------------------------------------------------------------------------

Clock                     WNS(ns)      TNS(ns)  TNS Failing Endpoints  TNS Total Endpoints      WHS(ns)      THS(ns)  THS Failing Endpoints  THS Total Endpoints     WPWS(ns)     TPWS(ns)  TPWS Failing Endpoints  TPWS Total Endpoints  
-----                     -------      -------  ---------------------  -------------------      -------      -------  ---------------------  -------------------     --------     --------  ----------------------  --------------------  
sys_clk                                                                                                                                                                 3.000        0.000                       0                     1  
  clk_out1_clk_wiz_0        2.170        0.000                      0                  308        0.167        0.000                      0                  308       14.652        0.000                       0                   292  
  clkfbout_clk_wiz_0                                                                                                                                                   12.633        0.000                       0                     3  


------------------------------------------------------------------------------------------------
| Inter Clock Table
| -----------------
------------------------------------------------------------------------------------------------

From Clock    To Clock          WNS(ns)      TNS(ns)  TNS Failing Endpoints  TNS Total Endpoints      WHS(ns)      THS(ns)  THS Failing Endpoints  THS Total Endpoints  
----------    --------          -------      -------  ---------------------  -------------------      -------      -------  ---------------------  -------------------  


------------------------------------------------------------------------------------------------
| Other Path Groups Table
| -----------------------
------------------------------------------------------------------------------------------------

Path Group    From Clock    To Clock          WNS(ns)      TNS(ns)  TNS Failing Endpoints  TNS Total Endpoints      WHS(ns)      THS(ns)  THS Failing Endpoints  THS Total Endpoints  
----------    ----------    --------          -------      -------  ---------------------  -------------------      -------      -------  ---------------------  -------------------  


------------------------------------------------------------------------------------------------
| User Ignored Path Table
| -----------------------
------------------------------------------------------------------------------------------------

Path Group    From Clock    To Clock    
----------    ----------    --------    


------------------------------------------------------------------------------------------------
| Unconstrained Path Table
| ------------------------
------------------------------------------------------------------------------------------------

Path Group          From Clock          To Clock          
----------          ----------          --------          
(none)              clk_out1_clk_wiz_0                      
(none)              clkfbout_clk_wiz_0                      
(none)                                  clk_out1_clk_wiz_0  


------------------------------------------------------------------------------------------------
| Timing Details
| --------------
------------------------------------------------------------------------------------------------


---------------------------------------------------------------------------------------------------
From Clock:  sys_clk
  To Clock:  sys_clk

Setup :           NA  Failing Endpoints,  Worst Slack           NA  ,  Total Violation           NA
Hold  :           NA  Failing Endpoints,  Worst Slack           NA  ,  Total Violation           NA
PW    :            0  Failing Endpoints,  Worst Slack        3.000ns,  Total Violation        0.000ns
---------------------------------------------------------------------------------------------------


Pulse Width Checks
--------------------------------------------------------------------------------------
Clock Name:         sys_clk
Waveform(ns):       { 0.000 5.000 }
Period(ns):         10.000
Sources:            { sys_clk }

Check Type        Corner  Lib Pin           Reference Pin  Required(ns)  Actual(ns)  Slack(ns)  Location        Pin
Min Period        n/a     PLLE2_ADV/CLKIN1  n/a            1.249         10.000      8.751      PLLE2_ADV_X0Y0  clk_wiz_inst/inst/plle2_adv_inst/CLKIN1
Max Period        n/a     PLLE2_ADV/CLKIN1  n/a            52.633        10.000      42.633     PLLE2_ADV_X0Y0  clk_wiz_inst/inst/plle2_adv_inst/CLKIN1
Low Pulse Width   Slow    PLLE2_ADV/CLKIN1  n/a            2.000         5.000       3.000      PLLE2_ADV_X0Y0  clk_wiz_inst/inst/plle2_adv_inst/CLKIN1
Low Pulse Width   Fast    PLLE2_ADV/CLKIN1  n/a            2.000         5.000       3.000      PLLE2_ADV_X0Y0  clk_wiz_inst/inst/plle2_adv_inst/CLKIN1
High Pulse Width  Slow    PLLE2_ADV/CLKIN1  n/a            2.000         5.000       3.000      PLLE2_ADV_X0Y0  clk_wiz_inst/inst/plle2_adv_inst/CLKIN1
High Pulse Width  Fast    PLLE2_ADV/CLKIN1  n/a            2.000         5.000       3.000      PLLE2_ADV_X0Y0  clk_wiz_inst/inst/plle2_adv_inst/CLKIN1



---------------------------------------------------------------------------------------------------
From Clock:  clk_out1_clk_wiz_0
  To Clock:  clk_out1_clk_wiz_0

Setup :            0  Failing Endpoints,  Worst Slack        2.170ns,  Total Violation        0.000ns
Hold  :            0  Failing Endpoints,  Worst Slack        0.167ns,  Total Violation        0.000ns
PW    :            0  Failing Endpoints,  Worst Slack       14.652ns,  Total Violation        0.000ns
---------------------------------------------------------------------------------------------------


Max Delay Paths
--------------------------------------------------------------------------------------
Slack (MET) :             2.170ns  (required time - arrival time)
  Source:                 cnt_v_reg[2]/C
                            (rising edge-triggered cell FDCE clocked by clk_out1_clk_wiz_0  {rise@0.000ns fall@15.152ns period=30.303ns})
  Destination:            pix_data_reg[6]/D
                            (rising edge-triggered cell FDRE clocked by clk_out1_clk_wiz_0  {rise@0.000ns fall@15.152ns period=30.303ns})
  Path Group:             clk_out1_clk_wiz_0
  Path Type:              Setup (Max at Slow Process Corner)
  Requirement:            30.303ns  (clk_out1_clk_wiz_0 rise@30.303ns - clk_out1_clk_wiz_0 rise@0.000ns)
  Data Path Delay:        27.976ns  (logic 10.254ns (36.653%)  route 17.722ns (63.347%))
  Logic Levels:           33  (CARRY4=14 LUT1=1 LUT2=2 LUT3=3 LUT4=1 LUT5=3 LUT6=9)
  Clock Path Skew:        -0.062ns (DCD - SCD + CPR)
    Destination Clock Delay (DCD):    -1.979ns = ( 28.324 - 30.303 ) 
    Source Clock Delay      (SCD):    -2.331ns
    Clock Pessimism Removal (CPR):    -0.414ns
  Clock Uncertainty:      0.170ns  ((TSJ^2 + DJ^2)^1/2) / 2 + PE
    Total System Jitter     (TSJ):    0.071ns
    Discrete Jitter          (DJ):    0.333ns
    Phase Error              (PE):    0.000ns

    Location             Delay type                Incr(ns)  Path(ns)    Netlist Resource(s)
  -------------------------------------------------------------------    -------------------
                         (clock clk_out1_clk_wiz_0 rise edge)
                                                      0.000     0.000 r  
    Y9                                                0.000     0.000 r  sys_clk (IN)
                         net (fo=0)                   0.000     0.000    clk_wiz_inst/inst/clk_in1
    Y9                   IBUF (Prop_ibuf_I_O)         1.490     1.490 r  clk_wiz_inst/inst/clkin1_ibufg/O
                         net (fo=1, routed)           1.306     2.796    clk_wiz_inst/inst/clk_in1_clk_wiz_0
    PLLE2_ADV_X0Y0       PLLE2_ADV (Prop_plle2_adv_CLKIN1_CLKOUT0)
                                                     -8.866    -6.070 r  clk_wiz_inst/inst/plle2_adv_inst/CLKOUT0
                         net (fo=1, routed)           1.849    -4.221    clk_wiz_inst/inst/clk_out1_clk_wiz_0
    BUFGCTRL_X0Y0        BUFG (Prop_bufg_I_O)         0.101    -4.120 r  clk_wiz_inst/inst/clkout1_buf/O
                         net (fo=291, routed)         1.789    -2.331    lcd_clk_OBUF
    SLICE_X100Y50        FDCE                                         r  cnt_v_reg[2]/C
  -------------------------------------------------------------------    -------------------
    SLICE_X100Y50        FDCE (Prop_fdce_C_Q)         0.518    -1.813 r  cnt_v_reg[2]/Q
                         net (fo=63, routed)          1.026    -0.787    cnt_v_reg_n_0_[2]
    SLICE_X100Y49        LUT5 (Prop_lut5_I1_O)        0.152    -0.635 r  vsync_OBUF_inst_i_2/O
                         net (fo=10, routed)          0.537    -0.098    vsync_OBUF_inst_i_2_n_0
    SLICE_X101Y48        LUT6 (Prop_lut6_I3_O)        0.348     0.250 f  lcd_de_OBUF_inst_i_2/O
                         net (fo=15, routed)          0.775     1.025    lcd_de_OBUF_inst_i_2_n_0
    SLICE_X106Y47        LUT6 (Prop_lut6_I0_O)        0.124     1.149 f  pix_data[23]_i_83/O
                         net (fo=101, routed)         1.207     2.356    pix_data[23]_i_83_n_0
    SLICE_X99Y50         LUT5 (Prop_lut5_I4_O)        0.150     2.506 r  pix_data[23]_i_974/O
                         net (fo=2, routed)           0.421     2.928    pix_data[23]_i_974_n_0
    SLICE_X99Y50         LUT3 (Prop_lut3_I2_O)        0.332     3.260 f  pix_data[23]_i_700/O
                         net (fo=20, routed)          0.693     3.953    pix_data[23]_i_700_n_0
    SLICE_X97Y50         LUT2 (Prop_lut2_I1_O)        0.149     4.102 f  pix_data[23]_i_704/O
                         net (fo=45, routed)          1.097     5.200    pix_data[23]_i_1178_n_0
    SLICE_X92Y51         LUT4 (Prop_lut4_I0_O)        0.354     5.554 r  pix_data[23]_i_968/O
                         net (fo=4, routed)           0.540     6.093    pix_data[23]_i_968_n_0
    SLICE_X95Y50         CARRY4 (Prop_carry4_DI[1]_CO[3])
                                                      0.711     6.804 r  pix_data_reg[23]_i_1175/CO[3]
                         net (fo=1, routed)           0.000     6.804    pix_data_reg[23]_i_1175_n_0
    SLICE_X95Y51         CARRY4 (Prop_carry4_CI_CO[3])
                                                      0.114     6.918 r  pix_data_reg[23]_i_977/CO[3]
                         net (fo=1, routed)           0.000     6.918    pix_data_reg[23]_i_977_n_0
    SLICE_X95Y52         CARRY4 (Prop_carry4_CI_CO[0])
                                                      0.271     7.189 r  pix_data_reg[23]_i_708/CO[0]
                         net (fo=41, routed)          0.768     7.957    pix_data_reg[23]_i_708_n_3
    SLICE_X99Y54         CARRY4 (Prop_carry4_CYINIT_CO[3])
                                                      0.829     8.786 r  pix_data_reg[23]_i_701/CO[3]
                         net (fo=6, routed)           0.810     9.596    pix_data_reg[23]_i_701_n_0
    SLICE_X100Y56        CARRY4 (Prop_carry4_CYINIT_CO[2])
                                                      0.608    10.204 f  pix_data_reg[23]_i_453/CO[2]
                         net (fo=21, routed)          0.820    11.024    pix_data_reg[23]_i_453_n_1
    SLICE_X97Y56         LUT1 (Prop_lut1_I0_O)        0.306    11.330 r  pix_data[23]_i_452/O
                         net (fo=1, routed)           0.000    11.330    pix_data[23]_i_452_n_0
    SLICE_X97Y56         CARRY4 (Prop_carry4_DI[2]_CO[3])
                                                      0.353    11.683 r  pix_data_reg[23]_i_262/CO[3]
                         net (fo=1, routed)           0.000    11.683    pix_data_reg[23]_i_262_n_0
    SLICE_X97Y57         CARRY4 (Prop_carry4_CI_CO[3])
                                                      0.114    11.797 r  pix_data_reg[23]_i_1134/CO[3]
                         net (fo=1, routed)           0.000    11.797    pix_data_reg[23]_i_1134_n_0
    SLICE_X97Y58         CARRY4 (Prop_carry4_CI_CO[3])
                                                      0.114    11.911 r  pix_data_reg[23]_i_921/CO[3]
                         net (fo=1, routed)           0.000    11.911    pix_data_reg[23]_i_921_n_0
    SLICE_X97Y59         CARRY4 (Prop_carry4_CI_O[2])
                                                      0.239    12.150 r  pix_data_reg[23]_i_634/O[2]
                         net (fo=4, routed)           0.975    13.124    pix_data_reg[23]_i_634_n_5
    SLICE_X95Y61         LUT3 (Prop_lut3_I1_O)        0.330    13.454 r  pix_data[23]_i_638/O
                         net (fo=1, routed)           0.832    14.287    pix_data[23]_i_638_n_0
    SLICE_X96Y60         LUT6 (Prop_lut6_I2_O)        0.332    14.619 r  pix_data[23]_i_406/O
                         net (fo=1, routed)           0.000    14.619    pix_data[23]_i_406_n_0
    SLICE_X96Y60         CARRY4 (Prop_carry4_S[0]_O[2])
                                                      0.544    15.163 r  pix_data_reg[23]_i_233/O[2]
                         net (fo=3, routed)           0.627    15.790    pix_data_reg[23]_i_233_n_5
    SLICE_X98Y60         LUT2 (Prop_lut2_I0_O)        0.301    16.091 r  pix_data[23]_i_396/O
                         net (fo=1, routed)           0.000    16.091    pix_data[23]_i_396_n_0
    SLICE_X98Y60         CARRY4 (Prop_carry4_S[1]_CO[3])
                                                      0.533    16.624 r  pix_data_reg[23]_i_229/CO[3]
                         net (fo=1, routed)           0.000    16.624    pix_data_reg[23]_i_229_n_0
    SLICE_X98Y61         CARRY4 (Prop_carry4_CI_O[0])
                                                      0.219    16.843 r  pix_data_reg[23]_i_118/O[0]
                         net (fo=3, routed)           0.661    17.503    pix_data_reg[23]_i_118_n_7
    SLICE_X99Y61         LUT3 (Prop_lut3_I2_O)        0.295    17.798 r  pix_data[23]_i_249/O
                         net (fo=1, routed)           0.000    17.798    pix_data[23]_i_249_n_0
    SLICE_X99Y61         CARRY4 (Prop_carry4_S[0]_CO[3])
                                                      0.532    18.330 r  pix_data_reg[23]_i_120/CO[3]
                         net (fo=1, routed)           0.000    18.330    pix_data_reg[23]_i_120_n_0
    SLICE_X99Y62         CARRY4 (Prop_carry4_CI_CO[0])
                                                      0.271    18.601 r  pix_data_reg[23]_i_54/CO[0]
                         net (fo=15, routed)          0.998    19.599    pix_data_reg[23]_i_54_n_3
    SLICE_X98Y48         LUT6 (Prop_lut6_I1_O)        0.373    19.972 r  pix_data[23]_i_222/O
                         net (fo=54, routed)          1.195    21.166    pix_data[23]_i_222_n_0
    SLICE_X107Y44        LUT6 (Prop_lut6_I2_O)        0.124    21.290 r  pix_data[23]_i_332/O
                         net (fo=1, routed)           0.834    22.124    pix_data[23]_i_332_n_0
    SLICE_X102Y44        LUT6 (Prop_lut6_I0_O)        0.124    22.248 r  pix_data[23]_i_170/O
                         net (fo=1, routed)           0.761    23.009    pix_data[23]_i_170_n_0
    SLICE_X100Y46        LUT6 (Prop_lut6_I4_O)        0.124    23.133 r  pix_data[23]_i_67/O
                         net (fo=1, routed)           0.734    23.867    pix_data[23]_i_67_n_0
    SLICE_X103Y47        LUT6 (Prop_lut6_I2_O)        0.124    23.991 f  pix_data[23]_i_16/O
                         net (fo=2, routed)           0.677    24.668    pix_data[23]_i_16_n_0
    SLICE_X103Y47        LUT6 (Prop_lut6_I4_O)        0.124    24.792 f  pix_data[7]_i_2/O
                         net (fo=2, routed)           0.735    25.527    pix_data[7]_i_2_n_0
    SLICE_X103Y50        LUT5 (Prop_lut5_I4_O)        0.118    25.645 r  pix_data[6]_i_1/O
                         net (fo=1, routed)           0.000    25.645    pix_data[6]_i_1_n_0
    SLICE_X103Y50        FDRE                                         r  pix_data_reg[6]/D
  -------------------------------------------------------------------    -------------------

                         (clock clk_out1_clk_wiz_0 rise edge)
                                                     30.303    30.303 r  
    Y9                                                0.000    30.303 r  sys_clk (IN)
                         net (fo=0)                   0.000    30.303    clk_wiz_inst/inst/clk_in1
    Y9                   IBUF (Prop_ibuf_I_O)         1.420    31.723 r  clk_wiz_inst/inst/clkin1_ibufg/O
                         net (fo=1, routed)           1.181    32.904    clk_wiz_inst/inst/clk_in1_clk_wiz_0
    PLLE2_ADV_X0Y0       PLLE2_ADV (Prop_plle2_adv_CLKIN1_CLKOUT0)
                                                     -7.970    24.934 r  clk_wiz_inst/inst/plle2_adv_inst/CLKOUT0
                         net (fo=1, routed)           1.686    26.620    clk_wiz_inst/inst/clk_out1_clk_wiz_0
    BUFGCTRL_X0Y0        BUFG (Prop_bufg_I_O)         0.091    26.711 r  clk_wiz_inst/inst/clkout1_buf/O
                         net (fo=291, routed)         1.613    28.324    lcd_clk_OBUF
    SLICE_X103Y50        FDRE                                         r  pix_data_reg[6]/C
                         clock pessimism             -0.414    27.910    
                         clock uncertainty           -0.170    27.740    
    SLICE_X103Y50        FDRE (Setup_fdre_C_D)        0.075    27.815    pix_data_reg[6]
  -------------------------------------------------------------------
                         required time                         27.815    
                         arrival time                         -25.645    
  -------------------------------------------------------------------
                         slack                                  2.170    

Slack (MET) :             2.232ns  (required time - arrival time)
  Source:                 cnt_v_reg[2]/C
                            (rising edge-triggered cell FDCE clocked by clk_out1_clk_wiz_0  {rise@0.000ns fall@15.152ns period=30.303ns})
  Destination:            pix_data_reg[7]/D
                            (rising edge-triggered cell FDRE clocked by clk_out1_clk_wiz_0  {rise@0.000ns fall@15.152ns period=30.303ns})
  Path Group:             clk_out1_clk_wiz_0
  Path Type:              Setup (Max at Slow Process Corner)
  Requirement:            30.303ns  (clk_out1_clk_wiz_0 rise@30.303ns - clk_out1_clk_wiz_0 rise@0.000ns)
  Data Path Delay:        27.870ns  (logic 10.260ns (36.814%)  route 17.610ns (63.186%))
  Logic Levels:           33  (CARRY4=14 LUT1=1 LUT2=2 LUT3=3 LUT4=1 LUT5=2 LUT6=10)
  Clock Path Skew:        -0.062ns (DCD - SCD + CPR)
    Destination Clock Delay (DCD):    -1.979ns = ( 28.324 - 30.303 ) 
    Source Clock Delay      (SCD):    -2.331ns
    Clock Pessimism Removal (CPR):    -0.414ns
  Clock Uncertainty:      0.170ns  ((TSJ^2 + DJ^2)^1/2) / 2 + PE
    Total System Jitter     (TSJ):    0.071ns
    Discrete Jitter          (DJ):    0.333ns
    Phase Error              (PE):    0.000ns

    Location             Delay type                Incr(ns)  Path(ns)    Netlist Resource(s)
  -------------------------------------------------------------------    -------------------
                         (clock clk_out1_clk_wiz_0 rise edge)
                                                      0.000     0.000 r  
    Y9                                                0.000     0.000 r  sys_clk (IN)
                         net (fo=0)                   0.000     0.000    clk_wiz_inst/inst/clk_in1
    Y9                   IBUF (Prop_ibuf_I_O)         1.490     1.490 r  clk_wiz_inst/inst/clkin1_ibufg/O
                         net (fo=1, routed)           1.306     2.796    clk_wiz_inst/inst/clk_in1_clk_wiz_0
    PLLE2_ADV_X0Y0       PLLE2_ADV (Prop_plle2_adv_CLKIN1_CLKOUT0)
                                                     -8.866    -6.070 r  clk_wiz_inst/inst/plle2_adv_inst/CLKOUT0
                         net (fo=1, routed)           1.849    -4.221    clk_wiz_inst/inst/clk_out1_clk_wiz_0
    BUFGCTRL_X0Y0        BUFG (Prop_bufg_I_O)         0.101    -4.120 r  clk_wiz_inst/inst/clkout1_buf/O
                         net (fo=291, routed)         1.789    -2.331    lcd_clk_OBUF
    SLICE_X100Y50        FDCE                                         r  cnt_v_reg[2]/C
  -------------------------------------------------------------------    -------------------
    SLICE_X100Y50        FDCE (Prop_fdce_C_Q)         0.518    -1.813 r  cnt_v_reg[2]/Q
                         net (fo=63, routed)          1.026    -0.787    cnt_v_reg_n_0_[2]
    SLICE_X100Y49        LUT5 (Prop_lut5_I1_O)        0.152    -0.635 r  vsync_OBUF_inst_i_2/O
                         net (fo=10, routed)          0.537    -0.098    vsync_OBUF_inst_i_2_n_0
    SLICE_X101Y48        LUT6 (Prop_lut6_I3_O)        0.348     0.250 f  lcd_de_OBUF_inst_i_2/O
                         net (fo=15, routed)          0.775     1.025    lcd_de_OBUF_inst_i_2_n_0
    SLICE_X106Y47        LUT6 (Prop_lut6_I0_O)        0.124     1.149 f  pix_data[23]_i_83/O
                         net (fo=101, routed)         1.207     2.356    pix_data[23]_i_83_n_0
    SLICE_X99Y50         LUT5 (Prop_lut5_I4_O)        0.150     2.506 r  pix_data[23]_i_974/O
                         net (fo=2, routed)           0.421     2.928    pix_data[23]_i_974_n_0
    SLICE_X99Y50         LUT3 (Prop_lut3_I2_O)        0.332     3.260 f  pix_data[23]_i_700/O
                         net (fo=20, routed)          0.693     3.953    pix_data[23]_i_700_n_0
    SLICE_X97Y50         LUT2 (Prop_lut2_I1_O)        0.149     4.102 f  pix_data[23]_i_704/O
                         net (fo=45, routed)          1.097     5.200    pix_data[23]_i_1178_n_0
    SLICE_X92Y51         LUT4 (Prop_lut4_I0_O)        0.354     5.554 r  pix_data[23]_i_968/O
                         net (fo=4, routed)           0.540     6.093    pix_data[23]_i_968_n_0
    SLICE_X95Y50         CARRY4 (Prop_carry4_DI[1]_CO[3])
                                                      0.711     6.804 r  pix_data_reg[23]_i_1175/CO[3]
                         net (fo=1, routed)           0.000     6.804    pix_data_reg[23]_i_1175_n_0
    SLICE_X95Y51         CARRY4 (Prop_carry4_CI_CO[3])
                                                      0.114     6.918 r  pix_data_reg[23]_i_977/CO[3]
                         net (fo=1, routed)           0.000     6.918    pix_data_reg[23]_i_977_n_0
    SLICE_X95Y52         CARRY4 (Prop_carry4_CI_CO[0])
                                                      0.271     7.189 r  pix_data_reg[23]_i_708/CO[0]
                         net (fo=41, routed)          0.768     7.957    pix_data_reg[23]_i_708_n_3
    SLICE_X99Y54         CARRY4 (Prop_carry4_CYINIT_CO[3])
                                                      0.829     8.786 r  pix_data_reg[23]_i_701/CO[3]
                         net (fo=6, routed)           0.810     9.596    pix_data_reg[23]_i_701_n_0
    SLICE_X100Y56        CARRY4 (Prop_carry4_CYINIT_CO[2])
                                                      0.608    10.204 f  pix_data_reg[23]_i_453/CO[2]
                         net (fo=21, routed)          0.820    11.024    pix_data_reg[23]_i_453_n_1
    SLICE_X97Y56         LUT1 (Prop_lut1_I0_O)        0.306    11.330 r  pix_data[23]_i_452/O
                         net (fo=1, routed)           0.000    11.330    pix_data[23]_i_452_n_0
    SLICE_X97Y56         CARRY4 (Prop_carry4_DI[2]_CO[3])
                                                      0.353    11.683 r  pix_data_reg[23]_i_262/CO[3]
                         net (fo=1, routed)           0.000    11.683    pix_data_reg[23]_i_262_n_0
    SLICE_X97Y57         CARRY4 (Prop_carry4_CI_CO[3])
                                                      0.114    11.797 r  pix_data_reg[23]_i_1134/CO[3]
                         net (fo=1, routed)           0.000    11.797    pix_data_reg[23]_i_1134_n_0
    SLICE_X97Y58         CARRY4 (Prop_carry4_CI_CO[3])
                                                      0.114    11.911 r  pix_data_reg[23]_i_921/CO[3]
                         net (fo=1, routed)           0.000    11.911    pix_data_reg[23]_i_921_n_0
    SLICE_X97Y59         CARRY4 (Prop_carry4_CI_O[2])
                                                      0.239    12.150 r  pix_data_reg[23]_i_634/O[2]
                         net (fo=4, routed)           0.975    13.124    pix_data_reg[23]_i_634_n_5
    SLICE_X95Y61         LUT3 (Prop_lut3_I1_O)        0.330    13.454 r  pix_data[23]_i_638/O
                         net (fo=1, routed)           0.832    14.287    pix_data[23]_i_638_n_0
    SLICE_X96Y60         LUT6 (Prop_lut6_I2_O)        0.332    14.619 r  pix_data[23]_i_406/O
                         net (fo=1, routed)           0.000    14.619    pix_data[23]_i_406_n_0
    SLICE_X96Y60         CARRY4 (Prop_carry4_S[0]_O[2])
                                                      0.544    15.163 r  pix_data_reg[23]_i_233/O[2]
                         net (fo=3, routed)           0.627    15.790    pix_data_reg[23]_i_233_n_5
    SLICE_X98Y60         LUT2 (Prop_lut2_I0_O)        0.301    16.091 r  pix_data[23]_i_396/O
                         net (fo=1, routed)           0.000    16.091    pix_data[23]_i_396_n_0
    SLICE_X98Y60         CARRY4 (Prop_carry4_S[1]_CO[3])
                                                      0.533    16.624 r  pix_data_reg[23]_i_229/CO[3]
                         net (fo=1, routed)           0.000    16.624    pix_data_reg[23]_i_229_n_0
    SLICE_X98Y61         CARRY4 (Prop_carry4_CI_O[0])
                                                      0.219    16.843 r  pix_data_reg[23]_i_118/O[0]
                         net (fo=3, routed)           0.661    17.503    pix_data_reg[23]_i_118_n_7
    SLICE_X99Y61         LUT3 (Prop_lut3_I2_O)        0.295    17.798 r  pix_data[23]_i_249/O
                         net (fo=1, routed)           0.000    17.798    pix_data[23]_i_249_n_0
    SLICE_X99Y61         CARRY4 (Prop_carry4_S[0]_CO[3])
                                                      0.532    18.330 r  pix_data_reg[23]_i_120/CO[3]
                         net (fo=1, routed)           0.000    18.330    pix_data_reg[23]_i_120_n_0
    SLICE_X99Y62         CARRY4 (Prop_carry4_CI_CO[0])
                                                      0.271    18.601 r  pix_data_reg[23]_i_54/CO[0]
                         net (fo=15, routed)          0.998    19.599    pix_data_reg[23]_i_54_n_3
    SLICE_X98Y48         LUT6 (Prop_lut6_I1_O)        0.373    19.972 r  pix_data[23]_i_222/O
                         net (fo=54, routed)          1.195    21.166    pix_data[23]_i_222_n_0
    SLICE_X107Y44        LUT6 (Prop_lut6_I2_O)        0.124    21.290 r  pix_data[23]_i_332/O
                         net (fo=1, routed)           0.834    22.124    pix_data[23]_i_332_n_0
    SLICE_X102Y44        LUT6 (Prop_lut6_I0_O)        0.124    22.248 r  pix_data[23]_i_170/O
                         net (fo=1, routed)           0.761    23.009    pix_data[23]_i_170_n_0
    SLICE_X100Y46        LUT6 (Prop_lut6_I4_O)        0.124    23.133 r  pix_data[23]_i_67/O
                         net (fo=1, routed)           0.734    23.867    pix_data[23]_i_67_n_0
    SLICE_X103Y47        LUT6 (Prop_lut6_I2_O)        0.124    23.991 f  pix_data[23]_i_16/O
                         net (fo=2, routed)           0.677    24.668    pix_data[23]_i_16_n_0
    SLICE_X103Y47        LUT6 (Prop_lut6_I4_O)        0.124    24.792 f  pix_data[7]_i_2/O
                         net (fo=2, routed)           0.623    25.415    pix_data[7]_i_2_n_0
    SLICE_X103Y50        LUT6 (Prop_lut6_I5_O)        0.124    25.539 r  pix_data[7]_i_1/O
                         net (fo=1, routed)           0.000    25.539    pix_data[7]_i_1_n_0
    SLICE_X103Y50        FDRE                                         r  pix_data_reg[7]/D
  -------------------------------------------------------------------    -------------------

                         (clock clk_out1_clk_wiz_0 rise edge)
                                                     30.303    30.303 r  
    Y9                                                0.000    30.303 r  sys_clk (IN)
                         net (fo=0)                   0.000    30.303    clk_wiz_inst/inst/clk_in1
    Y9                   IBUF (Prop_ibuf_I_O)         1.420    31.723 r  clk_wiz_inst/inst/clkin1_ibufg/O
                         net (fo=1, routed)           1.181    32.904    clk_wiz_inst/inst/clk_in1_clk_wiz_0
    PLLE2_ADV_X0Y0       PLLE2_ADV (Prop_plle2_adv_CLKIN1_CLKOUT0)
                                                     -7.970    24.934 r  clk_wiz_inst/inst/plle2_adv_inst/CLKOUT0
                         net (fo=1, routed)           1.686    26.620    clk_wiz_inst/inst/clk_out1_clk_wiz_0
    BUFGCTRL_X0Y0        BUFG (Prop_bufg_I_O)         0.091    26.711 r  clk_wiz_inst/inst/clkout1_buf/O
                         net (fo=291, routed)         1.613    28.324    lcd_clk_OBUF
    SLICE_X103Y50        FDRE                                         r  pix_data_reg[7]/C
                         clock pessimism             -0.414    27.910    
                         clock uncertainty           -0.170    27.740    
    SLICE_X103Y50        FDRE (Setup_fdre_C_D)        0.031    27.771    pix_data_reg[7]
  -------------------------------------------------------------------
                         required time                         27.771    
                         arrival time                         -25.539    
  -------------------------------------------------------------------
                         slack                                  2.232    

Slack (MET) :             2.473ns  (required time - arrival time)
  Source:                 cnt_v_reg[2]/C
                            (rising edge-triggered cell FDCE clocked by clk_out1_clk_wiz_0  {rise@0.000ns fall@15.152ns period=30.303ns})
  Destination:            pix_data_reg[22]/D
                            (rising edge-triggered cell FDRE clocked by clk_out1_clk_wiz_0  {rise@0.000ns fall@15.152ns period=30.303ns})
  Path Group:             clk_out1_clk_wiz_0
  Path Type:              Setup (Max at Slow Process Corner)
  Requirement:            30.303ns  (clk_out1_clk_wiz_0 rise@30.303ns - clk_out1_clk_wiz_0 rise@0.000ns)
  Data Path Delay:        27.629ns  (logic 10.260ns (37.135%)  route 17.369ns (62.865%))
  Logic Levels:           33  (CARRY4=14 LUT1=1 LUT2=2 LUT3=3 LUT4=2 LUT5=4 LUT6=7)
  Clock Path Skew:        -0.062ns (DCD - SCD + CPR)
    Destination Clock Delay (DCD):    -1.979ns = ( 28.324 - 30.303 ) 
    Source Clock Delay      (SCD):    -2.331ns
    Clock Pessimism Removal (CPR):    -0.414ns
  Clock Uncertainty:      0.170ns  ((TSJ^2 + DJ^2)^1/2) / 2 + PE
    Total System Jitter     (TSJ):    0.071ns
    Discrete Jitter          (DJ):    0.333ns
    Phase Error              (PE):    0.000ns

    Location             Delay type                Incr(ns)  Path(ns)    Netlist Resource(s)
  -------------------------------------------------------------------    -------------------
                         (clock clk_out1_clk_wiz_0 rise edge)
                                                      0.000     0.000 r  
    Y9                                                0.000     0.000 r  sys_clk (IN)
                         net (fo=0)                   0.000     0.000    clk_wiz_inst/inst/clk_in1
    Y9                   IBUF (Prop_ibuf_I_O)         1.490     1.490 r  clk_wiz_inst/inst/clkin1_ibufg/O
                         net (fo=1, routed)           1.306     2.796    clk_wiz_inst/inst/clk_in1_clk_wiz_0
    PLLE2_ADV_X0Y0       PLLE2_ADV (Prop_plle2_adv_CLKIN1_CLKOUT0)
                                                     -8.866    -6.070 r  clk_wiz_inst/inst/plle2_adv_inst/CLKOUT0
                         net (fo=1, routed)           1.849    -4.221    clk_wiz_inst/inst/clk_out1_clk_wiz_0
    BUFGCTRL_X0Y0        BUFG (Prop_bufg_I_O)         0.101    -4.120 r  clk_wiz_inst/inst/clkout1_buf/O
                         net (fo=291, routed)         1.789    -2.331    lcd_clk_OBUF
    SLICE_X100Y50        FDCE                                         r  cnt_v_reg[2]/C
  -------------------------------------------------------------------    -------------------
    SLICE_X100Y50        FDCE (Prop_fdce_C_Q)         0.518    -1.813 r  cnt_v_reg[2]/Q
                         net (fo=63, routed)          1.026    -0.787    cnt_v_reg_n_0_[2]
    SLICE_X100Y49        LUT5 (Prop_lut5_I1_O)        0.152    -0.635 r  vsync_OBUF_inst_i_2/O
                         net (fo=10, routed)          0.537    -0.098    vsync_OBUF_inst_i_2_n_0
    SLICE_X101Y48        LUT6 (Prop_lut6_I3_O)        0.348     0.250 f  lcd_de_OBUF_inst_i_2/O
                         net (fo=15, routed)          0.775     1.025    lcd_de_OBUF_inst_i_2_n_0
    SLICE_X106Y47        LUT6 (Prop_lut6_I0_O)        0.124     1.149 f  pix_data[23]_i_83/O
                         net (fo=101, routed)         1.207     2.356    pix_data[23]_i_83_n_0
    SLICE_X99Y50         LUT5 (Prop_lut5_I4_O)        0.150     2.506 r  pix_data[23]_i_974/O
                         net (fo=2, routed)           0.421     2.928    pix_data[23]_i_974_n_0
    SLICE_X99Y50         LUT3 (Prop_lut3_I2_O)        0.332     3.260 f  pix_data[23]_i_700/O
                         net (fo=20, routed)          0.693     3.953    pix_data[23]_i_700_n_0
    SLICE_X97Y50         LUT2 (Prop_lut2_I1_O)        0.149     4.102 f  pix_data[23]_i_704/O
                         net (fo=45, routed)          1.097     5.200    pix_data[23]_i_1178_n_0
    SLICE_X92Y51         LUT4 (Prop_lut4_I0_O)        0.354     5.554 r  pix_data[23]_i_968/O
                         net (fo=4, routed)           0.540     6.093    pix_data[23]_i_968_n_0
    SLICE_X95Y50         CARRY4 (Prop_carry4_DI[1]_CO[3])
                                                      0.711     6.804 r  pix_data_reg[23]_i_1175/CO[3]
                         net (fo=1, routed)           0.000     6.804    pix_data_reg[23]_i_1175_n_0
    SLICE_X95Y51         CARRY4 (Prop_carry4_CI_CO[3])
                                                      0.114     6.918 r  pix_data_reg[23]_i_977/CO[3]
                         net (fo=1, routed)           0.000     6.918    pix_data_reg[23]_i_977_n_0
    SLICE_X95Y52         CARRY4 (Prop_carry4_CI_CO[0])
                                                      0.271     7.189 r  pix_data_reg[23]_i_708/CO[0]
                         net (fo=41, routed)          0.768     7.957    pix_data_reg[23]_i_708_n_3
    SLICE_X99Y54         CARRY4 (Prop_carry4_CYINIT_CO[3])
                                                      0.829     8.786 r  pix_data_reg[23]_i_701/CO[3]
                         net (fo=6, routed)           0.810     9.596    pix_data_reg[23]_i_701_n_0
    SLICE_X100Y56        CARRY4 (Prop_carry4_CYINIT_CO[2])
                                                      0.608    10.204 f  pix_data_reg[23]_i_453/CO[2]
                         net (fo=21, routed)          0.820    11.024    pix_data_reg[23]_i_453_n_1
    SLICE_X97Y56         LUT1 (Prop_lut1_I0_O)        0.306    11.330 r  pix_data[23]_i_452/O
                         net (fo=1, routed)           0.000    11.330    pix_data[23]_i_452_n_0
    SLICE_X97Y56         CARRY4 (Prop_carry4_DI[2]_CO[3])
                                                      0.353    11.683 r  pix_data_reg[23]_i_262/CO[3]
                         net (fo=1, routed)           0.000    11.683    pix_data_reg[23]_i_262_n_0
    SLICE_X97Y57         CARRY4 (Prop_carry4_CI_CO[3])
                                                      0.114    11.797 r  pix_data_reg[23]_i_1134/CO[3]
                         net (fo=1, routed)           0.000    11.797    pix_data_reg[23]_i_1134_n_0
    SLICE_X97Y58         CARRY4 (Prop_carry4_CI_CO[3])
                                                      0.114    11.911 r  pix_data_reg[23]_i_921/CO[3]
                         net (fo=1, routed)           0.000    11.911    pix_data_reg[23]_i_921_n_0
    SLICE_X97Y59         CARRY4 (Prop_carry4_CI_O[2])
                                                      0.239    12.150 r  pix_data_reg[23]_i_634/O[2]
                         net (fo=4, routed)           0.975    13.124    pix_data_reg[23]_i_634_n_5
    SLICE_X95Y61         LUT3 (Prop_lut3_I1_O)        0.330    13.454 r  pix_data[23]_i_638/O
                         net (fo=1, routed)           0.832    14.287    pix_data[23]_i_638_n_0
    SLICE_X96Y60         LUT6 (Prop_lut6_I2_O)        0.332    14.619 r  pix_data[23]_i_406/O
                         net (fo=1, routed)           0.000    14.619    pix_data[23]_i_406_n_0
    SLICE_X96Y60         CARRY4 (Prop_carry4_S[0]_O[2])
                                                      0.544    15.163 r  pix_data_reg[23]_i_233/O[2]
                         net (fo=3, routed)           0.627    15.790    pix_data_reg[23]_i_233_n_5
    SLICE_X98Y60         LUT2 (Prop_lut2_I0_O)        0.301    16.091 r  pix_data[23]_i_396/O
                         net (fo=1, routed)           0.000    16.091    pix_data[23]_i_396_n_0
    SLICE_X98Y60         CARRY4 (Prop_carry4_S[1]_CO[3])
                                                      0.533    16.624 r  pix_data_reg[23]_i_229/CO[3]
                         net (fo=1, routed)           0.000    16.624    pix_data_reg[23]_i_229_n_0
    SLICE_X98Y61         CARRY4 (Prop_carry4_CI_O[0])
                                                      0.219    16.843 r  pix_data_reg[23]_i_118/O[0]
                         net (fo=3, routed)           0.661    17.503    pix_data_reg[23]_i_118_n_7
    SLICE_X99Y61         LUT3 (Prop_lut3_I2_O)        0.295    17.798 r  pix_data[23]_i_249/O
                         net (fo=1, routed)           0.000    17.798    pix_data[23]_i_249_n_0
    SLICE_X99Y61         CARRY4 (Prop_carry4_S[0]_CO[3])
                                                      0.532    18.330 r  pix_data_reg[23]_i_120/CO[3]
                         net (fo=1, routed)           0.000    18.330    pix_data_reg[23]_i_120_n_0
    SLICE_X99Y62         CARRY4 (Prop_carry4_CI_CO[0])
                                                      0.271    18.601 r  pix_data_reg[23]_i_54/CO[0]
                         net (fo=15, routed)          0.998    19.599    pix_data_reg[23]_i_54_n_3
    SLICE_X98Y48         LUT6 (Prop_lut6_I1_O)        0.373    19.972 r  pix_data[23]_i_222/O
                         net (fo=54, routed)          1.342    21.313    pix_data[23]_i_222_n_0
    SLICE_X106Y40        LUT6 (Prop_lut6_I2_O)        0.124    21.437 f  pix_data[23]_i_273/O
                         net (fo=1, routed)           0.521    21.959    pix_data[23]_i_273_n_0
    SLICE_X104Y40        LUT4 (Prop_lut4_I2_O)        0.124    22.083 r  pix_data[23]_i_139/O
                         net (fo=1, routed)           0.585    22.668    pix_data[23]_i_139_n_0
    SLICE_X104Y42        LUT5 (Prop_lut5_I0_O)        0.124    22.792 r  pix_data[23]_i_59/O
                         net (fo=1, routed)           0.579    23.371    pix_data[23]_i_59_n_0
    SLICE_X103Y42        LUT6 (Prop_lut6_I3_O)        0.124    23.495 f  pix_data[23]_i_14/O
                         net (fo=2, routed)           1.005    24.500    pix_data[23]_i_14_n_0
    SLICE_X103Y47        LUT6 (Prop_lut6_I2_O)        0.124    24.624 f  pix_data[23]_i_5/O
                         net (fo=2, routed)           0.550    25.174    pix_data[23]_i_5_n_0
    SLICE_X103Y50        LUT5 (Prop_lut5_I4_O)        0.124    25.298 r  pix_data[22]_i_1/O
                         net (fo=1, routed)           0.000    25.298    pix_data[22]_i_1_n_0
    SLICE_X103Y50        FDRE                                         r  pix_data_reg[22]/D
  -------------------------------------------------------------------    -------------------

                         (clock clk_out1_clk_wiz_0 rise edge)
                                                     30.303    30.303 r  
    Y9                                                0.000    30.303 r  sys_clk (IN)
                         net (fo=0)                   0.000    30.303    clk_wiz_inst/inst/clk_in1
    Y9                   IBUF (Prop_ibuf_I_O)         1.420    31.723 r  clk_wiz_inst/inst/clkin1_ibufg/O
                         net (fo=1, routed)           1.181    32.904    clk_wiz_inst/inst/clk_in1_clk_wiz_0
    PLLE2_ADV_X0Y0       PLLE2_ADV (Prop_plle2_adv_CLKIN1_CLKOUT0)
                                                     -7.970    24.934 r  clk_wiz_inst/inst/plle2_adv_inst/CLKOUT0
                         net (fo=1, routed)           1.686    26.620    clk_wiz_inst/inst/clk_out1_clk_wiz_0
    BUFGCTRL_X0Y0        BUFG (Prop_bufg_I_O)         0.091    26.711 r  clk_wiz_inst/inst/clkout1_buf/O
                         net (fo=291, routed)         1.613    28.324    lcd_clk_OBUF
    SLICE_X103Y50        FDRE                                         r  pix_data_reg[22]/C
                         clock pessimism             -0.414    27.910    
                         clock uncertainty           -0.170    27.740    
    SLICE_X103Y50        FDRE (Setup_fdre_C_D)        0.031    27.771    pix_data_reg[22]
  -------------------------------------------------------------------
                         required time                         27.771    
                         arrival time                         -25.298    
  -------------------------------------------------------------------
                         slack                                  2.473    

Slack (MET) :             2.522ns  (required time - arrival time)
  Source:                 cnt_v_reg[2]/C
                            (rising edge-triggered cell FDCE clocked by clk_out1_clk_wiz_0  {rise@0.000ns fall@15.152ns period=30.303ns})
  Destination:            pix_data_reg[23]/D
                            (rising edge-triggered cell FDRE clocked by clk_out1_clk_wiz_0  {rise@0.000ns fall@15.152ns period=30.303ns})
  Path Group:             clk_out1_clk_wiz_0
  Path Type:              Setup (Max at Slow Process Corner)
  Requirement:            30.303ns  (clk_out1_clk_wiz_0 rise@30.303ns - clk_out1_clk_wiz_0 rise@0.000ns)
  Data Path Delay:        27.624ns  (logic 10.255ns (37.124%)  route 17.369ns (62.876%))
  Logic Levels:           33  (CARRY4=14 LUT1=1 LUT2=2 LUT3=3 LUT4=2 LUT5=4 LUT6=7)
  Clock Path Skew:        -0.062ns (DCD - SCD + CPR)
    Destination Clock Delay (DCD):    -1.979ns = ( 28.324 - 30.303 ) 
    Source Clock Delay      (SCD):    -2.331ns
    Clock Pessimism Removal (CPR):    -0.414ns
  Clock Uncertainty:      0.170ns  ((TSJ^2 + DJ^2)^1/2) / 2 + PE
    Total System Jitter     (TSJ):    0.071ns
    Discrete Jitter          (DJ):    0.333ns
    Phase Error              (PE):    0.000ns

    Location             Delay type                Incr(ns)  Path(ns)    Netlist Resource(s)
  -------------------------------------------------------------------    -------------------
                         (clock clk_out1_clk_wiz_0 rise edge)
                                                      0.000     0.000 r  
    Y9                                                0.000     0.000 r  sys_clk (IN)
                         net (fo=0)                   0.000     0.000    clk_wiz_inst/inst/clk_in1
    Y9                   IBUF (Prop_ibuf_I_O)         1.490     1.490 r  clk_wiz_inst/inst/clkin1_ibufg/O
                         net (fo=1, routed)           1.306     2.796    clk_wiz_inst/inst/clk_in1_clk_wiz_0
    PLLE2_ADV_X0Y0       PLLE2_ADV (Prop_plle2_adv_CLKIN1_CLKOUT0)
                                                     -8.866    -6.070 r  clk_wiz_inst/inst/plle2_adv_inst/CLKOUT0
                         net (fo=1, routed)           1.849    -4.221    clk_wiz_inst/inst/clk_out1_clk_wiz_0
    BUFGCTRL_X0Y0        BUFG (Prop_bufg_I_O)         0.101    -4.120 r  clk_wiz_inst/inst/clkout1_buf/O
                         net (fo=291, routed)         1.789    -2.331    lcd_clk_OBUF
    SLICE_X100Y50        FDCE                                         r  cnt_v_reg[2]/C
  -------------------------------------------------------------------    -------------------
    SLICE_X100Y50        FDCE (Prop_fdce_C_Q)         0.518    -1.813 r  cnt_v_reg[2]/Q
                         net (fo=63, routed)          1.026    -0.787    cnt_v_reg_n_0_[2]
    SLICE_X100Y49        LUT5 (Prop_lut5_I1_O)        0.152    -0.635 r  vsync_OBUF_inst_i_2/O
                         net (fo=10, routed)          0.537    -0.098    vsync_OBUF_inst_i_2_n_0
    SLICE_X101Y48        LUT6 (Prop_lut6_I3_O)        0.348     0.250 f  lcd_de_OBUF_inst_i_2/O
                         net (fo=15, routed)          0.775     1.025    lcd_de_OBUF_inst_i_2_n_0
    SLICE_X106Y47        LUT6 (Prop_lut6_I0_O)        0.124     1.149 f  pix_data[23]_i_83/O
                         net (fo=101, routed)         1.207     2.356    pix_data[23]_i_83_n_0
    SLICE_X99Y50         LUT5 (Prop_lut5_I4_O)        0.150     2.506 r  pix_data[23]_i_974/O
                         net (fo=2, routed)           0.421     2.928    pix_data[23]_i_974_n_0
    SLICE_X99Y50         LUT3 (Prop_lut3_I2_O)        0.332     3.260 f  pix_data[23]_i_700/O
                         net (fo=20, routed)          0.693     3.953    pix_data[23]_i_700_n_0
    SLICE_X97Y50         LUT2 (Prop_lut2_I1_O)        0.149     4.102 f  pix_data[23]_i_704/O
                         net (fo=45, routed)          1.097     5.200    pix_data[23]_i_1178_n_0
    SLICE_X92Y51         LUT4 (Prop_lut4_I0_O)        0.354     5.554 r  pix_data[23]_i_968/O
                         net (fo=4, routed)           0.540     6.093    pix_data[23]_i_968_n_0
    SLICE_X95Y50         CARRY4 (Prop_carry4_DI[1]_CO[3])
                                                      0.711     6.804 r  pix_data_reg[23]_i_1175/CO[3]
                         net (fo=1, routed)           0.000     6.804    pix_data_reg[23]_i_1175_n_0
    SLICE_X95Y51         CARRY4 (Prop_carry4_CI_CO[3])
                                                      0.114     6.918 r  pix_data_reg[23]_i_977/CO[3]
                         net (fo=1, routed)           0.000     6.918    pix_data_reg[23]_i_977_n_0
    SLICE_X95Y52         CARRY4 (Prop_carry4_CI_CO[0])
                                                      0.271     7.189 r  pix_data_reg[23]_i_708/CO[0]
                         net (fo=41, routed)          0.768     7.957    pix_data_reg[23]_i_708_n_3
    SLICE_X99Y54         CARRY4 (Prop_carry4_CYINIT_CO[3])
                                                      0.829     8.786 r  pix_data_reg[23]_i_701/CO[3]
                         net (fo=6, routed)           0.810     9.596    pix_data_reg[23]_i_701_n_0
    SLICE_X100Y56        CARRY4 (Prop_carry4_CYINIT_CO[2])
                                                      0.608    10.204 f  pix_data_reg[23]_i_453/CO[2]
                         net (fo=21, routed)          0.820    11.024    pix_data_reg[23]_i_453_n_1
    SLICE_X97Y56         LUT1 (Prop_lut1_I0_O)        0.306    11.330 r  pix_data[23]_i_452/O
                         net (fo=1, routed)           0.000    11.330    pix_data[23]_i_452_n_0
    SLICE_X97Y56         CARRY4 (Prop_carry4_DI[2]_CO[3])
                                                      0.353    11.683 r  pix_data_reg[23]_i_262/CO[3]
                         net (fo=1, routed)           0.000    11.683    pix_data_reg[23]_i_262_n_0
    SLICE_X97Y57         CARRY4 (Prop_carry4_CI_CO[3])
                                                      0.114    11.797 r  pix_data_reg[23]_i_1134/CO[3]
                         net (fo=1, routed)           0.000    11.797    pix_data_reg[23]_i_1134_n_0
    SLICE_X97Y58         CARRY4 (Prop_carry4_CI_CO[3])
                                                      0.114    11.911 r  pix_data_reg[23]_i_921/CO[3]
                         net (fo=1, routed)           0.000    11.911    pix_data_reg[23]_i_921_n_0
    SLICE_X97Y59         CARRY4 (Prop_carry4_CI_O[2])
                                                      0.239    12.150 r  pix_data_reg[23]_i_634/O[2]
                         net (fo=4, routed)           0.975    13.124    pix_data_reg[23]_i_634_n_5
    SLICE_X95Y61         LUT3 (Prop_lut3_I1_O)        0.330    13.454 r  pix_data[23]_i_638/O
                         net (fo=1, routed)           0.832    14.287    pix_data[23]_i_638_n_0
    SLICE_X96Y60         LUT6 (Prop_lut6_I2_O)        0.332    14.619 r  pix_data[23]_i_406/O
                         net (fo=1, routed)           0.000    14.619    pix_data[23]_i_406_n_0
    SLICE_X96Y60         CARRY4 (Prop_carry4_S[0]_O[2])
                                                      0.544    15.163 r  pix_data_reg[23]_i_233/O[2]
                         net (fo=3, routed)           0.627    15.790    pix_data_reg[23]_i_233_n_5
    SLICE_X98Y60         LUT2 (Prop_lut2_I0_O)        0.301    16.091 r  pix_data[23]_i_396/O
                         net (fo=1, routed)           0.000    16.091    pix_data[23]_i_396_n_0
    SLICE_X98Y60         CARRY4 (Prop_carry4_S[1]_CO[3])
                                                      0.533    16.624 r  pix_data_reg[23]_i_229/CO[3]
                         net (fo=1, routed)           0.000    16.624    pix_data_reg[23]_i_229_n_0
    SLICE_X98Y61         CARRY4 (Prop_carry4_CI_O[0])
                                                      0.219    16.843 r  pix_data_reg[23]_i_118/O[0]
                         net (fo=3, routed)           0.661    17.503    pix_data_reg[23]_i_118_n_7
    SLICE_X99Y61         LUT3 (Prop_lut3_I2_O)        0.295    17.798 r  pix_data[23]_i_249/O
                         net (fo=1, routed)           0.000    17.798    pix_data[23]_i_249_n_0
    SLICE_X99Y61         CARRY4 (Prop_carry4_S[0]_CO[3])
                                                      0.532    18.330 r  pix_data_reg[23]_i_120/CO[3]
                         net (fo=1, routed)           0.000    18.330    pix_data_reg[23]_i_120_n_0
    SLICE_X99Y62         CARRY4 (Prop_carry4_CI_CO[0])
                                                      0.271    18.601 r  pix_data_reg[23]_i_54/CO[0]
                         net (fo=15, routed)          0.998    19.599    pix_data_reg[23]_i_54_n_3
    SLICE_X98Y48         LUT6 (Prop_lut6_I1_O)        0.373    19.972 r  pix_data[23]_i_222/O
                         net (fo=54, routed)          1.342    21.313    pix_data[23]_i_222_n_0
    SLICE_X106Y40        LUT6 (Prop_lut6_I2_O)        0.124    21.437 f  pix_data[23]_i_273/O
                         net (fo=1, routed)           0.521    21.959    pix_data[23]_i_273_n_0
    SLICE_X104Y40        LUT4 (Prop_lut4_I2_O)        0.124    22.083 r  pix_data[23]_i_139/O
                         net (fo=1, routed)           0.585    22.668    pix_data[23]_i_139_n_0
    SLICE_X104Y42        LUT5 (Prop_lut5_I0_O)        0.124    22.792 r  pix_data[23]_i_59/O
                         net (fo=1, routed)           0.579    23.371    pix_data[23]_i_59_n_0
    SLICE_X103Y42        LUT6 (Prop_lut6_I3_O)        0.124    23.495 f  pix_data[23]_i_14/O
                         net (fo=2, routed)           1.005    24.500    pix_data[23]_i_14_n_0
    SLICE_X103Y47        LUT6 (Prop_lut6_I2_O)        0.124    24.624 f  pix_data[23]_i_5/O
                         net (fo=2, routed)           0.550    25.174    pix_data[23]_i_5_n_0
    SLICE_X103Y50        LUT5 (Prop_lut5_I3_O)        0.119    25.293 r  pix_data[23]_i_1/O
                         net (fo=1, routed)           0.000    25.293    pix_data[23]_i_1_n_0
    SLICE_X103Y50        FDRE                                         r  pix_data_reg[23]/D
  -------------------------------------------------------------------    -------------------

                         (clock clk_out1_clk_wiz_0 rise edge)
                                                     30.303    30.303 r  
    Y9                                                0.000    30.303 r  sys_clk (IN)
                         net (fo=0)                   0.000    30.303    clk_wiz_inst/inst/clk_in1
    Y9                   IBUF (Prop_ibuf_I_O)         1.420    31.723 r  clk_wiz_inst/inst/clkin1_ibufg/O
                         net (fo=1, routed)           1.181    32.904    clk_wiz_inst/inst/clk_in1_clk_wiz_0
    PLLE2_ADV_X0Y0       PLLE2_ADV (Prop_plle2_adv_CLKIN1_CLKOUT0)
                                                     -7.970    24.934 r  clk_wiz_inst/inst/plle2_adv_inst/CLKOUT0
                         net (fo=1, routed)           1.686    26.620    clk_wiz_inst/inst/clk_out1_clk_wiz_0
    BUFGCTRL_X0Y0        BUFG (Prop_bufg_I_O)         0.091    26.711 r  clk_wiz_inst/inst/clkout1_buf/O
                         net (fo=291, routed)         1.613    28.324    lcd_clk_OBUF
    SLICE_X103Y50        FDRE                                         r  pix_data_reg[23]/C
                         clock pessimism             -0.414    27.910    
                         clock uncertainty           -0.170    27.740    
    SLICE_X103Y50        FDRE (Setup_fdre_C_D)        0.075    27.815    pix_data_reg[23]
  -------------------------------------------------------------------
                         required time                         27.815    
                         arrival time                         -25.293    
  -------------------------------------------------------------------
                         slack                                  2.522    

Slack (MET) :             9.729ns  (required time - arrival time)
  Source:                 cnt_v_reg[2]/C
                            (rising edge-triggered cell FDCE clocked by clk_out1_clk_wiz_0  {rise@0.000ns fall@15.152ns period=30.303ns})
  Destination:            pix_data_reg[14]/D
                            (rising edge-triggered cell FDRE clocked by clk_out1_clk_wiz_0  {rise@0.000ns fall@15.152ns period=30.303ns})
  Path Group:             clk_out1_clk_wiz_0
  Path Type:              Setup (Max at Slow Process Corner)
  Requirement:            30.303ns  (clk_out1_clk_wiz_0 rise@30.303ns - clk_out1_clk_wiz_0 rise@0.000ns)
  Data Path Delay:        20.371ns  (logic 7.965ns (39.101%)  route 12.406ns (60.899%))
  Logic Levels:           23  (CARRY4=9 LUT2=2 LUT3=2 LUT4=3 LUT5=3 LUT6=4)
  Clock Path Skew:        -0.062ns (DCD - SCD + CPR)
    Destination Clock Delay (DCD):    -1.979ns = ( 28.324 - 30.303 ) 
    Source Clock Delay      (SCD):    -2.331ns
    Clock Pessimism Removal (CPR):    -0.414ns
  Clock Uncertainty:      0.170ns  ((TSJ^2 + DJ^2)^1/2) / 2 + PE
    Total System Jitter     (TSJ):    0.071ns
    Discrete Jitter          (DJ):    0.333ns
    Phase Error              (PE):    0.000ns

    Location             Delay type                Incr(ns)  Path(ns)    Netlist Resource(s)
  -------------------------------------------------------------------    -------------------
                         (clock clk_out1_clk_wiz_0 rise edge)
                                                      0.000     0.000 r  
    Y9                                                0.000     0.000 r  sys_clk (IN)
                         net (fo=0)                   0.000     0.000    clk_wiz_inst/inst/clk_in1
    Y9                   IBUF (Prop_ibuf_I_O)         1.490     1.490 r  clk_wiz_inst/inst/clkin1_ibufg/O
                         net (fo=1, routed)           1.306     2.796    clk_wiz_inst/inst/clk_in1_clk_wiz_0
    PLLE2_ADV_X0Y0       PLLE2_ADV (Prop_plle2_adv_CLKIN1_CLKOUT0)
                                                     -8.866    -6.070 r  clk_wiz_inst/inst/plle2_adv_inst/CLKOUT0
                         net (fo=1, routed)           1.849    -4.221    clk_wiz_inst/inst/clk_out1_clk_wiz_0
    BUFGCTRL_X0Y0        BUFG (Prop_bufg_I_O)         0.101    -4.120 r  clk_wiz_inst/inst/clkout1_buf/O
                         net (fo=291, routed)         1.789    -2.331    lcd_clk_OBUF
    SLICE_X100Y50        FDCE                                         r  cnt_v_reg[2]/C
  -------------------------------------------------------------------    -------------------
    SLICE_X100Y50        FDCE (Prop_fdce_C_Q)         0.518    -1.813 r  cnt_v_reg[2]/Q
                         net (fo=63, routed)          1.026    -0.787    cnt_v_reg_n_0_[2]
    SLICE_X100Y49        LUT5 (Prop_lut5_I1_O)        0.152    -0.635 r  vsync_OBUF_inst_i_2/O
                         net (fo=10, routed)          0.537    -0.098    vsync_OBUF_inst_i_2_n_0
    SLICE_X101Y48        LUT6 (Prop_lut6_I3_O)        0.348     0.250 f  lcd_de_OBUF_inst_i_2/O
                         net (fo=15, routed)          0.775     1.025    lcd_de_OBUF_inst_i_2_n_0
    SLICE_X106Y47        LUT6 (Prop_lut6_I0_O)        0.124     1.149 f  pix_data[23]_i_83/O
                         net (fo=101, routed)         1.207     2.356    pix_data[23]_i_83_n_0
    SLICE_X99Y50         LUT5 (Prop_lut5_I4_O)        0.150     2.506 r  pix_data[23]_i_974/O
                         net (fo=2, routed)           0.421     2.928    pix_data[23]_i_974_n_0
    SLICE_X99Y50         LUT3 (Prop_lut3_I2_O)        0.332     3.260 f  pix_data[23]_i_700/O
                         net (fo=20, routed)          0.693     3.953    pix_data[23]_i_700_n_0
    SLICE_X97Y50         LUT2 (Prop_lut2_I1_O)        0.149     4.102 f  pix_data[23]_i_704/O
                         net (fo=45, routed)          1.097     5.200    pix_data[23]_i_1178_n_0
    SLICE_X92Y51         LUT4 (Prop_lut4_I0_O)        0.354     5.554 r  pix_data[23]_i_968/O
                         net (fo=4, routed)           0.771     6.325    pix_data[23]_i_968_n_0
    SLICE_X89Y50         CARRY4 (Prop_carry4_DI[1]_CO[3])
                                                      0.711     7.036 r  pix_data_reg[23]_i_1289/CO[3]
                         net (fo=1, routed)           0.000     7.036    pix_data_reg[23]_i_1289_n_0
    SLICE_X89Y51         CARRY4 (Prop_carry4_CI_CO[3])
                                                      0.114     7.150 r  pix_data_reg[23]_i_1107/CO[3]
                         net (fo=1, routed)           0.000     7.150    pix_data_reg[23]_i_1107_n_0
    SLICE_X89Y52         CARRY4 (Prop_carry4_CI_CO[0])
                                                      0.271     7.421 f  pix_data_reg[23]_i_865/CO[0]
                         net (fo=41, routed)          0.968     8.389    pix_data_reg[23]_i_865_n_3
    SLICE_X89Y53         LUT5 (Prop_lut5_I4_O)        0.403     8.792 r  pix_data[23]_i_886/O
                         net (fo=2, routed)           0.422     9.214    pix_data[23]_i_886_n_0
    SLICE_X89Y53         LUT4 (Prop_lut4_I0_O)        0.327     9.541 r  pix_data[23]_i_889/O
                         net (fo=1, routed)           0.000     9.541    pix_data[23]_i_889_n_0
    SLICE_X89Y53         CARRY4 (Prop_carry4_S[3]_CO[3])
                                                      0.401     9.942 r  pix_data_reg[23]_i_590/CO[3]
                         net (fo=1, routed)           0.000     9.942    pix_data_reg[23]_i_590_n_0
    SLICE_X89Y54         CARRY4 (Prop_carry4_CI_O[1])
                                                      0.334    10.276 r  pix_data_reg[23]_i_383/O[1]
                         net (fo=4, routed)           0.889    11.165    pix_data_reg[23]_i_383_n_6
    SLICE_X88Y56         LUT3 (Prop_lut3_I0_O)        0.329    11.494 r  pix_data[23]_i_594/O
                         net (fo=1, routed)           0.732    12.226    pix_data[23]_i_594_n_0
    SLICE_X88Y54         LUT6 (Prop_lut6_I2_O)        0.326    12.552 r  pix_data[23]_i_377/O
                         net (fo=1, routed)           0.000    12.552    pix_data[23]_i_377_n_0
    SLICE_X88Y54         CARRY4 (Prop_carry4_S[3]_CO[3])
                                                      0.401    12.953 r  pix_data_reg[23]_i_209/CO[3]
                         net (fo=1, routed)           0.000    12.953    pix_data_reg[23]_i_209_n_0
    SLICE_X88Y55         CARRY4 (Prop_carry4_CI_O[1])
                                                      0.334    13.287 r  pix_data_reg[23]_i_102/O[1]
                         net (fo=2, routed)           0.601    13.888    pix_data_reg[23]_i_102_n_6
    SLICE_X90Y55         CARRY4 (Prop_carry4_S[0]_O[1])
                                                      0.730    14.618 r  pix_data_reg[23]_i_101/O[1]
                         net (fo=1, routed)           0.440    15.058    pix_data_reg[23]_i_101_n_6
    SLICE_X91Y57         LUT2 (Prop_lut2_I1_O)        0.306    15.364 r  pix_data[23]_i_45/O
                         net (fo=1, routed)           0.000    15.364    pix_data[23]_i_45_n_0
    SLICE_X91Y57         CARRY4 (Prop_carry4_S[0]_O[1])
                                                      0.424    15.788 r  pix_data_reg[23]_i_10/O[1]
                         net (fo=1, routed)           0.420    16.208    pix_data_reg[23]_i_10_n_6
    SLICE_X90Y56         LUT6 (Prop_lut6_I4_O)        0.303    16.511 f  pix_data[23]_i_3/O
                         net (fo=5, routed)           1.405    17.916    pix_data[23]_i_3_n_0
    SLICE_X103Y50        LUT4 (Prop_lut4_I1_O)        0.124    18.040 r  pix_data[14]_i_1/O
                         net (fo=1, routed)           0.000    18.040    pix_data[14]_i_1_n_0
    SLICE_X103Y50        FDRE                                         r  pix_data_reg[14]/D
  -------------------------------------------------------------------    -------------------

                         (clock clk_out1_clk_wiz_0 rise edge)
                                                     30.303    30.303 r  
    Y9                                                0.000    30.303 r  sys_clk (IN)
                         net (fo=0)                   0.000    30.303    clk_wiz_inst/inst/clk_in1
    Y9                   IBUF (Prop_ibuf_I_O)         1.420    31.723 r  clk_wiz_inst/inst/clkin1_ibufg/O
                         net (fo=1, routed)           1.181    32.904    clk_wiz_inst/inst/clk_in1_clk_wiz_0
    PLLE2_ADV_X0Y0       PLLE2_ADV (Prop_plle2_adv_CLKIN1_CLKOUT0)
                                                     -7.970    24.934 r  clk_wiz_inst/inst/plle2_adv_inst/CLKOUT0
                         net (fo=1, routed)           1.686    26.620    clk_wiz_inst/inst/clk_out1_clk_wiz_0
    BUFGCTRL_X0Y0        BUFG (Prop_bufg_I_O)         0.091    26.711 r  clk_wiz_inst/inst/clkout1_buf/O
                         net (fo=291, routed)         1.613    28.324    lcd_clk_OBUF
    SLICE_X103Y50        FDRE                                         r  pix_data_reg[14]/C
                         clock pessimism             -0.414    27.910    
                         clock uncertainty           -0.170    27.740    
    SLICE_X103Y50        FDRE (Setup_fdre_C_D)        0.029    27.769    pix_data_reg[14]
  -------------------------------------------------------------------
                         required time                         27.769    
                         arrival time                         -18.040    
  -------------------------------------------------------------------
                         slack                                  9.729    

Slack (MET) :             21.825ns  (required time - arrival time)
  Source:                 cnt_v_reg[2]/C
                            (rising edge-triggered cell FDCE clocked by clk_out1_clk_wiz_0  {rise@0.000ns fall@15.152ns period=30.303ns})
  Destination:            pix_data_reg[15]/D
                            (rising edge-triggered cell FDRE clocked by clk_out1_clk_wiz_0  {rise@0.000ns fall@15.152ns period=30.303ns})
  Path Group:             clk_out1_clk_wiz_0
  Path Type:              Setup (Max at Slow Process Corner)
  Requirement:            30.303ns  (clk_out1_clk_wiz_0 rise@30.303ns - clk_out1_clk_wiz_0 rise@0.000ns)
  Data Path Delay:        8.322ns  (logic 1.762ns (21.172%)  route 6.560ns (78.828%))
  Logic Levels:           8  (LUT3=1 LUT5=1 LUT6=6)
  Clock Path Skew:        -0.062ns (DCD - SCD + CPR)
    Destination Clock Delay (DCD):    -1.979ns = ( 28.324 - 30.303 ) 
    Source Clock Delay      (SCD):    -2.331ns
    Clock Pessimism Removal (CPR):    -0.414ns
  Clock Uncertainty:      0.170ns  ((TSJ^2 + DJ^2)^1/2) / 2 + PE
    Total System Jitter     (TSJ):    0.071ns
    Discrete Jitter          (DJ):    0.333ns
    Phase Error              (PE):    0.000ns

    Location             Delay type                Incr(ns)  Path(ns)    Netlist Resource(s)
  -------------------------------------------------------------------    -------------------
                         (clock clk_out1_clk_wiz_0 rise edge)
                                                      0.000     0.000 r  
    Y9                                                0.000     0.000 r  sys_clk (IN)
                         net (fo=0)                   0.000     0.000    clk_wiz_inst/inst/clk_in1
    Y9                   IBUF (Prop_ibuf_I_O)         1.490     1.490 r  clk_wiz_inst/inst/clkin1_ibufg/O
                         net (fo=1, routed)           1.306     2.796    clk_wiz_inst/inst/clk_in1_clk_wiz_0
    PLLE2_ADV_X0Y0       PLLE2_ADV (Prop_plle2_adv_CLKIN1_CLKOUT0)
                                                     -8.866    -6.070 r  clk_wiz_inst/inst/plle2_adv_inst/CLKOUT0
                         net (fo=1, routed)           1.849    -4.221    clk_wiz_inst/inst/clk_out1_clk_wiz_0
    BUFGCTRL_X0Y0        BUFG (Prop_bufg_I_O)         0.101    -4.120 r  clk_wiz_inst/inst/clkout1_buf/O
                         net (fo=291, routed)         1.789    -2.331    lcd_clk_OBUF
    SLICE_X100Y50        FDCE                                         r  cnt_v_reg[2]/C
  -------------------------------------------------------------------    -------------------
    SLICE_X100Y50        FDCE (Prop_fdce_C_Q)         0.518    -1.813 r  cnt_v_reg[2]/Q
                         net (fo=63, routed)          1.026    -0.787    cnt_v_reg_n_0_[2]
    SLICE_X100Y49        LUT5 (Prop_lut5_I1_O)        0.152    -0.635 r  vsync_OBUF_inst_i_2/O
                         net (fo=10, routed)          0.537    -0.098    vsync_OBUF_inst_i_2_n_0
    SLICE_X101Y48        LUT6 (Prop_lut6_I3_O)        0.348     0.250 r  lcd_de_OBUF_inst_i_2/O
                         net (fo=15, routed)          0.775     1.025    lcd_de_OBUF_inst_i_2_n_0
    SLICE_X106Y47        LUT6 (Prop_lut6_I0_O)        0.124     1.149 r  pix_data[23]_i_83/O
                         net (fo=101, routed)         1.515     2.664    pix_data[23]_i_83_n_0
    SLICE_X101Y50        LUT6 (Prop_lut6_I1_O)        0.124     2.788 r  pix_data[23]_i_81/O
                         net (fo=2, routed)           0.465     3.254    pix_data[23]_i_81_n_0
    SLICE_X101Y49        LUT6 (Prop_lut6_I0_O)        0.124     3.378 r  pix_data[23]_i_20/O
                         net (fo=2, routed)           0.832     4.209    pix_data[23]_i_20_n_0
    SLICE_X104Y49        LUT6 (Prop_lut6_I0_O)        0.124     4.333 r  pix_data[15]_i_6/O
                         net (fo=1, routed)           0.813     5.147    pix_data[15]_i_6_n_0
    SLICE_X103Y49        LUT6 (Prop_lut6_I3_O)        0.124     5.271 r  pix_data[15]_i_2/O
                         net (fo=2, routed)           0.597     5.868    pix_data[15]_i_2_n_0
    SLICE_X102Y50        LUT3 (Prop_lut3_I1_O)        0.124     5.992 r  pix_data[15]_i_1/O
                         net (fo=1, routed)           0.000     5.992    pix_data[15]_i_1_n_0
    SLICE_X102Y50        FDRE                                         r  pix_data_reg[15]/D
  -------------------------------------------------------------------    -------------------

                         (clock clk_out1_clk_wiz_0 rise edge)
                                                     30.303    30.303 r  
    Y9                                                0.000    30.303 r  sys_clk (IN)
                         net (fo=0)                   0.000    30.303    clk_wiz_inst/inst/clk_in1
    Y9                   IBUF (Prop_ibuf_I_O)         1.420    31.723 r  clk_wiz_inst/inst/clkin1_ibufg/O
                         net (fo=1, routed)           1.181    32.904    clk_wiz_inst/inst/clk_in1_clk_wiz_0
    PLLE2_ADV_X0Y0       PLLE2_ADV (Prop_plle2_adv_CLKIN1_CLKOUT0)
                                                     -7.970    24.934 r  clk_wiz_inst/inst/plle2_adv_inst/CLKOUT0
                         net (fo=1, routed)           1.686    26.620    clk_wiz_inst/inst/clk_out1_clk_wiz_0
    BUFGCTRL_X0Y0        BUFG (Prop_bufg_I_O)         0.091    26.711 r  clk_wiz_inst/inst/clkout1_buf/O
                         net (fo=291, routed)         1.613    28.324    lcd_clk_OBUF
    SLICE_X102Y50        FDRE                                         r  pix_data_reg[15]/C
                         clock pessimism             -0.414    27.910    
                         clock uncertainty           -0.170    27.740    
    SLICE_X102Y50        FDRE (Setup_fdre_C_D)        0.077    27.817    pix_data_reg[15]
  -------------------------------------------------------------------
                         required time                         27.817    
                         arrival time                          -5.992    
  -------------------------------------------------------------------
                         slack                                 21.825    

Slack (MET) :             23.248ns  (required time - arrival time)
  Source:                 block_x_reg[3]/C
                            (rising edge-triggered cell FDCE clocked by clk_out1_clk_wiz_0  {rise@0.000ns fall@15.152ns period=30.303ns})
  Destination:            tetris_map_reg[6][4]/D
                            (rising edge-triggered cell FDCE clocked by clk_out1_clk_wiz_0  {rise@0.000ns fall@15.152ns period=30.303ns})
  Path Group:             clk_out1_clk_wiz_0
  Path Type:              Setup (Max at Slow Process Corner)
  Requirement:            30.303ns  (clk_out1_clk_wiz_0 rise@30.303ns - clk_out1_clk_wiz_0 rise@0.000ns)
  Data Path Delay:        6.823ns  (logic 0.956ns (14.011%)  route 5.867ns (85.989%))
  Logic Levels:           2  (LUT3=1 LUT5=1)
  Clock Path Skew:        -0.139ns (DCD - SCD + CPR)
    Destination Clock Delay (DCD):    -1.969ns = ( 28.334 - 30.303 ) 
    Source Clock Delay      (SCD):    -2.244ns
    Clock Pessimism Removal (CPR):    -0.413ns
  Clock Uncertainty:      0.170ns  ((TSJ^2 + DJ^2)^1/2) / 2 + PE
    Total System Jitter     (TSJ):    0.071ns
    Discrete Jitter          (DJ):    0.333ns
    Phase Error              (PE):    0.000ns

    Location             Delay type                Incr(ns)  Path(ns)    Netlist Resource(s)
  -------------------------------------------------------------------    -------------------
                         (clock clk_out1_clk_wiz_0 rise edge)
                                                      0.000     0.000 r  
    Y9                                                0.000     0.000 r  sys_clk (IN)
                         net (fo=0)                   0.000     0.000    clk_wiz_inst/inst/clk_in1
    Y9                   IBUF (Prop_ibuf_I_O)         1.490     1.490 r  clk_wiz_inst/inst/clkin1_ibufg/O
                         net (fo=1, routed)           1.306     2.796    clk_wiz_inst/inst/clk_in1_clk_wiz_0
    PLLE2_ADV_X0Y0       PLLE2_ADV (Prop_plle2_adv_CLKIN1_CLKOUT0)
                                                     -8.866    -6.070 r  clk_wiz_inst/inst/plle2_adv_inst/CLKOUT0
                         net (fo=1, routed)           1.849    -4.221    clk_wiz_inst/inst/clk_out1_clk_wiz_0
    BUFGCTRL_X0Y0        BUFG (Prop_bufg_I_O)         0.101    -4.120 r  clk_wiz_inst/inst/clkout1_buf/O
                         net (fo=291, routed)         1.876    -2.244    lcd_clk_OBUF
    SLICE_X109Y40        FDCE                                         r  block_x_reg[3]/C
  -------------------------------------------------------------------    -------------------
    SLICE_X109Y40        FDCE (Prop_fdce_C_Q)         0.456    -1.788 f  block_x_reg[3]/Q
                         net (fo=132, routed)         3.700     1.913    block_x_reg_n_0_[3]
    SLICE_X104Y44        LUT5 (Prop_lut5_I3_O)        0.152     2.065 r  tetris_map[3][4]_i_2/O
                         net (fo=17, routed)          2.167     4.232    tetris_map[3][4]_i_2_n_0
    SLICE_X98Y45         LUT3 (Prop_lut3_I1_O)        0.348     4.580 r  tetris_map[6][4]_i_1/O
                         net (fo=1, routed)           0.000     4.580    tetris_map[6][4]_i_1_n_0
    SLICE_X98Y45         FDCE                                         r  tetris_map_reg[6][4]/D
  -------------------------------------------------------------------    -------------------

                         (clock clk_out1_clk_wiz_0 rise edge)
                                                     30.303    30.303 r  
    Y9                                                0.000    30.303 r  sys_clk (IN)
                         net (fo=0)                   0.000    30.303    clk_wiz_inst/inst/clk_in1
    Y9                   IBUF (Prop_ibuf_I_O)         1.420    31.723 r  clk_wiz_inst/inst/clkin1_ibufg/O
                         net (fo=1, routed)           1.181    32.904    clk_wiz_inst/inst/clk_in1_clk_wiz_0
    PLLE2_ADV_X0Y0       PLLE2_ADV (Prop_plle2_adv_CLKIN1_CLKOUT0)
                                                     -7.970    24.934 r  clk_wiz_inst/inst/plle2_adv_inst/CLKOUT0
                         net (fo=1, routed)           1.686    26.620    clk_wiz_inst/inst/clk_out1_clk_wiz_0
    BUFGCTRL_X0Y0        BUFG (Prop_bufg_I_O)         0.091    26.711 r  clk_wiz_inst/inst/clkout1_buf/O
                         net (fo=291, routed)         1.622    28.334    lcd_clk_OBUF
    SLICE_X98Y45         FDCE                                         r  tetris_map_reg[6][4]/C
                         clock pessimism             -0.413    27.920    
                         clock uncertainty           -0.170    27.750    
    SLICE_X98Y45         FDCE (Setup_fdce_C_D)        0.077    27.827    tetris_map_reg[6][4]
  -------------------------------------------------------------------
                         required time                         27.827    
                         arrival time                          -4.580    
  -------------------------------------------------------------------
                         slack                                 23.248    

Slack (MET) :             23.261ns  (required time - arrival time)
  Source:                 block_x_reg[3]/C
                            (rising edge-triggered cell FDCE clocked by clk_out1_clk_wiz_0  {rise@0.000ns fall@15.152ns period=30.303ns})
  Destination:            tetris_map_reg[9][4]/D
                            (rising edge-triggered cell FDCE clocked by clk_out1_clk_wiz_0  {rise@0.000ns fall@15.152ns period=30.303ns})
  Path Group:             clk_out1_clk_wiz_0
  Path Type:              Setup (Max at Slow Process Corner)
  Requirement:            30.303ns  (clk_out1_clk_wiz_0 rise@30.303ns - clk_out1_clk_wiz_0 rise@0.000ns)
  Data Path Delay:        6.764ns  (logic 0.956ns (14.134%)  route 5.808ns (85.866%))
  Logic Levels:           2  (LUT3=1 LUT5=1)
  Clock Path Skew:        -0.139ns (DCD - SCD + CPR)
    Destination Clock Delay (DCD):    -1.969ns = ( 28.334 - 30.303 ) 
    Source Clock Delay      (SCD):    -2.244ns
    Clock Pessimism Removal (CPR):    -0.413ns
  Clock Uncertainty:      0.170ns  ((TSJ^2 + DJ^2)^1/2) / 2 + PE
    Total System Jitter     (TSJ):    0.071ns
    Discrete Jitter          (DJ):    0.333ns
    Phase Error              (PE):    0.000ns

    Location             Delay type                Incr(ns)  Path(ns)    Netlist Resource(s)
  -------------------------------------------------------------------    -------------------
                         (clock clk_out1_clk_wiz_0 rise edge)
                                                      0.000     0.000 r  
    Y9                                                0.000     0.000 r  sys_clk (IN)
                         net (fo=0)                   0.000     0.000    clk_wiz_inst/inst/clk_in1
    Y9                   IBUF (Prop_ibuf_I_O)         1.490     1.490 r  clk_wiz_inst/inst/clkin1_ibufg/O
                         net (fo=1, routed)           1.306     2.796    clk_wiz_inst/inst/clk_in1_clk_wiz_0
    PLLE2_ADV_X0Y0       PLLE2_ADV (Prop_plle2_adv_CLKIN1_CLKOUT0)
                                                     -8.866    -6.070 r  clk_wiz_inst/inst/plle2_adv_inst/CLKOUT0
                         net (fo=1, routed)           1.849    -4.221    clk_wiz_inst/inst/clk_out1_clk_wiz_0
    BUFGCTRL_X0Y0        BUFG (Prop_bufg_I_O)         0.101    -4.120 r  clk_wiz_inst/inst/clkout1_buf/O
                         net (fo=291, routed)         1.876    -2.244    lcd_clk_OBUF
    SLICE_X109Y40        FDCE                                         r  block_x_reg[3]/C
  -------------------------------------------------------------------    -------------------
    SLICE_X109Y40        FDCE (Prop_fdce_C_Q)         0.456    -1.788 f  block_x_reg[3]/Q
                         net (fo=132, routed)         3.700     1.913    block_x_reg_n_0_[3]
    SLICE_X104Y44        LUT5 (Prop_lut5_I3_O)        0.152     2.065 r  tetris_map[3][4]_i_2/O
                         net (fo=17, routed)          2.107     4.172    tetris_map[3][4]_i_2_n_0
    SLICE_X99Y45         LUT3 (Prop_lut3_I1_O)        0.348     4.520 r  tetris_map[9][4]_i_1/O
                         net (fo=1, routed)           0.000     4.520    tetris_map[9][4]_i_1_n_0
    SLICE_X99Y45         FDCE                                         r  tetris_map_reg[9][4]/D
  -------------------------------------------------------------------    -------------------

                         (clock clk_out1_clk_wiz_0 rise edge)
                                                     30.303    30.303 r  
    Y9                                                0.000    30.303 r  sys_clk (IN)
                         net (fo=0)                   0.000    30.303    clk_wiz_inst/inst/clk_in1
    Y9                   IBUF (Prop_ibuf_I_O)         1.420    31.723 r  clk_wiz_inst/inst/clkin1_ibufg/O
                         net (fo=1, routed)           1.181    32.904    clk_wiz_inst/inst/clk_in1_clk_wiz_0
    PLLE2_ADV_X0Y0       PLLE2_ADV (Prop_plle2_adv_CLKIN1_CLKOUT0)
                                                     -7.970    24.934 r  clk_wiz_inst/inst/plle2_adv_inst/CLKOUT0
                         net (fo=1, routed)           1.686    26.620    clk_wiz_inst/inst/clk_out1_clk_wiz_0
    BUFGCTRL_X0Y0        BUFG (Prop_bufg_I_O)         0.091    26.711 r  clk_wiz_inst/inst/clkout1_buf/O
                         net (fo=291, routed)         1.622    28.334    lcd_clk_OBUF
    SLICE_X99Y45         FDCE                                         r  tetris_map_reg[9][4]/C
                         clock pessimism             -0.413    27.920    
                         clock uncertainty           -0.170    27.750    
    SLICE_X99Y45         FDCE (Setup_fdce_C_D)        0.031    27.781    tetris_map_reg[9][4]
  -------------------------------------------------------------------
                         required time                         27.781    
                         arrival time                          -4.520    
  -------------------------------------------------------------------
                         slack                                 23.261    

Slack (MET) :             23.498ns  (required time - arrival time)
  Source:                 block_x_reg[3]/C
                            (rising edge-triggered cell FDCE clocked by clk_out1_clk_wiz_0  {rise@0.000ns fall@15.152ns period=30.303ns})
  Destination:            tetris_map_reg[12][6]/D
                            (rising edge-triggered cell FDCE clocked by clk_out1_clk_wiz_0  {rise@0.000ns fall@15.152ns period=30.303ns})
  Path Group:             clk_out1_clk_wiz_0
  Path Type:              Setup (Max at Slow Process Corner)
  Requirement:            30.303ns  (clk_out1_clk_wiz_0 rise@30.303ns - clk_out1_clk_wiz_0 rise@0.000ns)
  Data Path Delay:        6.524ns  (logic 0.704ns (10.791%)  route 5.820ns (89.209%))
  Logic Levels:           2  (LUT3=1 LUT5=1)
  Clock Path Skew:        -0.140ns (DCD - SCD + CPR)
    Destination Clock Delay (DCD):    -1.970ns = ( 28.333 - 30.303 ) 
    Source Clock Delay      (SCD):    -2.244ns
    Clock Pessimism Removal (CPR):    -0.413ns
  Clock Uncertainty:      0.170ns  ((TSJ^2 + DJ^2)^1/2) / 2 + PE
    Total System Jitter     (TSJ):    0.071ns
    Discrete Jitter          (DJ):    0.333ns
    Phase Error              (PE):    0.000ns

    Location             Delay type                Incr(ns)  Path(ns)    Netlist Resource(s)
  -------------------------------------------------------------------    -------------------
                         (clock clk_out1_clk_wiz_0 rise edge)
                                                      0.000     0.000 r  
    Y9                                                0.000     0.000 r  sys_clk (IN)
                         net (fo=0)                   0.000     0.000    clk_wiz_inst/inst/clk_in1
    Y9                   IBUF (Prop_ibuf_I_O)         1.490     1.490 r  clk_wiz_inst/inst/clkin1_ibufg/O
                         net (fo=1, routed)           1.306     2.796    clk_wiz_inst/inst/clk_in1_clk_wiz_0
    PLLE2_ADV_X0Y0       PLLE2_ADV (Prop_plle2_adv_CLKIN1_CLKOUT0)
                                                     -8.866    -6.070 r  clk_wiz_inst/inst/plle2_adv_inst/CLKOUT0
                         net (fo=1, routed)           1.849    -4.221    clk_wiz_inst/inst/clk_out1_clk_wiz_0
    BUFGCTRL_X0Y0        BUFG (Prop_bufg_I_O)         0.101    -4.120 r  clk_wiz_inst/inst/clkout1_buf/O
                         net (fo=291, routed)         1.876    -2.244    lcd_clk_OBUF
    SLICE_X109Y40        FDCE                                         r  block_x_reg[3]/C
  -------------------------------------------------------------------    -------------------
    SLICE_X109Y40        FDCE (Prop_fdce_C_Q)         0.456    -1.788 f  block_x_reg[3]/Q
                         net (fo=132, routed)         3.700     1.913    block_x_reg_n_0_[3]
    SLICE_X104Y44        LUT5 (Prop_lut5_I2_O)        0.124     2.037 r  tetris_map[0][6]_i_2/O
                         net (fo=20, routed)          2.120     4.157    tetris_map[0][6]_i_2_n_0
    SLICE_X97Y44         LUT3 (Prop_lut3_I1_O)        0.124     4.281 r  tetris_map[12][6]_i_1/O
                         net (fo=1, routed)           0.000     4.281    tetris_map[12][6]_i_1_n_0
    SLICE_X97Y44         FDCE                                         r  tetris_map_reg[12][6]/D
  -------------------------------------------------------------------    -------------------

                         (clock clk_out1_clk_wiz_0 rise edge)
                                                     30.303    30.303 r  
    Y9                                                0.000    30.303 r  sys_clk (IN)
                         net (fo=0)                   0.000    30.303    clk_wiz_inst/inst/clk_in1
    Y9                   IBUF (Prop_ibuf_I_O)         1.420    31.723 r  clk_wiz_inst/inst/clkin1_ibufg/O
                         net (fo=1, routed)           1.181    32.904    clk_wiz_inst/inst/clk_in1_clk_wiz_0
    PLLE2_ADV_X0Y0       PLLE2_ADV (Prop_plle2_adv_CLKIN1_CLKOUT0)
                                                     -7.970    24.934 r  clk_wiz_inst/inst/plle2_adv_inst/CLKOUT0
                         net (fo=1, routed)           1.686    26.620    clk_wiz_inst/inst/clk_out1_clk_wiz_0
    BUFGCTRL_X0Y0        BUFG (Prop_bufg_I_O)         0.091    26.711 r  clk_wiz_inst/inst/clkout1_buf/O
                         net (fo=291, routed)         1.621    28.333    lcd_clk_OBUF
    SLICE_X97Y44         FDCE                                         r  tetris_map_reg[12][6]/C
                         clock pessimism             -0.413    27.919    
                         clock uncertainty           -0.170    27.749    
    SLICE_X97Y44         FDCE (Setup_fdce_C_D)        0.029    27.778    tetris_map_reg[12][6]
  -------------------------------------------------------------------
                         required time                         27.778    
                         arrival time                          -4.281    
  -------------------------------------------------------------------
                         slack                                 23.498    

Slack (MET) :             23.501ns  (required time - arrival time)
  Source:                 block_x_reg[3]/C
                            (rising edge-triggered cell FDCE clocked by clk_out1_clk_wiz_0  {rise@0.000ns fall@15.152ns period=30.303ns})
  Destination:            tetris_map_reg[13][6]/D
                            (rising edge-triggered cell FDCE clocked by clk_out1_clk_wiz_0  {rise@0.000ns fall@15.152ns period=30.303ns})
  Path Group:             clk_out1_clk_wiz_0
  Path Type:              Setup (Max at Slow Process Corner)
  Requirement:            30.303ns  (clk_out1_clk_wiz_0 rise@30.303ns - clk_out1_clk_wiz_0 rise@0.000ns)
  Data Path Delay:        6.523ns  (logic 0.704ns (10.792%)  route 5.819ns (89.208%))
  Logic Levels:           2  (LUT3=1 LUT5=1)
  Clock Path Skew:        -0.140ns (DCD - SCD + CPR)
    Destination Clock Delay (DCD):    -1.970ns = ( 28.333 - 30.303 ) 
    Source Clock Delay      (SCD):    -2.244ns
    Clock Pessimism Removal (CPR):    -0.413ns
  Clock Uncertainty:      0.170ns  ((TSJ^2 + DJ^2)^1/2) / 2 + PE
    Total System Jitter     (TSJ):    0.071ns
    Discrete Jitter          (DJ):    0.333ns
    Phase Error              (PE):    0.000ns

    Location             Delay type                Incr(ns)  Path(ns)    Netlist Resource(s)
  -------------------------------------------------------------------    -------------------
                         (clock clk_out1_clk_wiz_0 rise edge)
                                                      0.000     0.000 r  
    Y9                                                0.000     0.000 r  sys_clk (IN)
                         net (fo=0)                   0.000     0.000    clk_wiz_inst/inst/clk_in1
    Y9                   IBUF (Prop_ibuf_I_O)         1.490     1.490 r  clk_wiz_inst/inst/clkin1_ibufg/O
                         net (fo=1, routed)           1.306     2.796    clk_wiz_inst/inst/clk_in1_clk_wiz_0
    PLLE2_ADV_X0Y0       PLLE2_ADV (Prop_plle2_adv_CLKIN1_CLKOUT0)
                                                     -8.866    -6.070 r  clk_wiz_inst/inst/plle2_adv_inst/CLKOUT0
                         net (fo=1, routed)           1.849    -4.221    clk_wiz_inst/inst/clk_out1_clk_wiz_0
    BUFGCTRL_X0Y0        BUFG (Prop_bufg_I_O)         0.101    -4.120 r  clk_wiz_inst/inst/clkout1_buf/O
                         net (fo=291, routed)         1.876    -2.244    lcd_clk_OBUF
    SLICE_X109Y40        FDCE                                         r  block_x_reg[3]/C
  -------------------------------------------------------------------    -------------------
    SLICE_X109Y40        FDCE (Prop_fdce_C_Q)         0.456    -1.788 f  block_x_reg[3]/Q
                         net (fo=132, routed)         3.700     1.913    block_x_reg_n_0_[3]
    SLICE_X104Y44        LUT5 (Prop_lut5_I2_O)        0.124     2.037 r  tetris_map[0][6]_i_2/O
                         net (fo=20, routed)          2.119     4.156    tetris_map[0][6]_i_2_n_0
    SLICE_X97Y44         LUT3 (Prop_lut3_I1_O)        0.124     4.280 r  tetris_map[13][6]_i_1/O
                         net (fo=1, routed)           0.000     4.280    tetris_map[13][6]_i_1_n_0
    SLICE_X97Y44         FDCE                                         r  tetris_map_reg[13][6]/D
  -------------------------------------------------------------------    -------------------

                         (clock clk_out1_clk_wiz_0 rise edge)
                                                     30.303    30.303 r  
    Y9                                                0.000    30.303 r  sys_clk (IN)
                         net (fo=0)                   0.000    30.303    clk_wiz_inst/inst/clk_in1
    Y9                   IBUF (Prop_ibuf_I_O)         1.420    31.723 r  clk_wiz_inst/inst/clkin1_ibufg/O
                         net (fo=1, routed)           1.181    32.904    clk_wiz_inst/inst/clk_in1_clk_wiz_0
    PLLE2_ADV_X0Y0       PLLE2_ADV (Prop_plle2_adv_CLKIN1_CLKOUT0)
                                                     -7.970    24.934 r  clk_wiz_inst/inst/plle2_adv_inst/CLKOUT0
                         net (fo=1, routed)           1.686    26.620    clk_wiz_inst/inst/clk_out1_clk_wiz_0
    BUFGCTRL_X0Y0        BUFG (Prop_bufg_I_O)         0.091    26.711 r  clk_wiz_inst/inst/clkout1_buf/O
                         net (fo=291, routed)         1.621    28.333    lcd_clk_OBUF
    SLICE_X97Y44         FDCE                                         r  tetris_map_reg[13][6]/C
                         clock pessimism             -0.413    27.919    
                         clock uncertainty           -0.170    27.749    
    SLICE_X97Y44         FDCE (Setup_fdce_C_D)        0.031    27.780    tetris_map_reg[13][6]
  -------------------------------------------------------------------
                         required time                         27.780    
                         arrival time                          -4.280    
  -------------------------------------------------------------------
                         slack                                 23.501    





Min Delay Paths
--------------------------------------------------------------------------------------
Slack (MET) :             0.167ns  (arrival time - required time)
  Source:                 cnt_v_reg[5]/C
                            (rising edge-triggered cell FDCE clocked by clk_out1_clk_wiz_0  {rise@0.000ns fall@15.152ns period=30.303ns})
  Destination:            cnt_v_reg[7]/D
                            (rising edge-triggered cell FDCE clocked by clk_out1_clk_wiz_0  {rise@0.000ns fall@15.152ns period=30.303ns})
  Path Group:             clk_out1_clk_wiz_0
  Path Type:              Hold (Min at Fast Process Corner)
  Requirement:            0.000ns  (clk_out1_clk_wiz_0 rise@0.000ns - clk_out1_clk_wiz_0 rise@0.000ns)
  Data Path Delay:        0.567ns  (logic 0.213ns (37.588%)  route 0.354ns (62.412%))
  Logic Levels:           1  (LUT4=1)
  Clock Path Skew:        0.268ns (DCD - SCD - CPR)
    Destination Clock Delay (DCD):    -0.283ns
    Source Clock Delay      (SCD):    -0.514ns
    Clock Pessimism Removal (CPR):    -0.038ns

    Location             Delay type                Incr(ns)  Path(ns)    Netlist Resource(s)
  -------------------------------------------------------------------    -------------------
                         (clock clk_out1_clk_wiz_0 rise edge)
                                                      0.000     0.000 r  
    Y9                                                0.000     0.000 r  sys_clk (IN)
                         net (fo=0)                   0.000     0.000    clk_wiz_inst/inst/clk_in1
    Y9                   IBUF (Prop_ibuf_I_O)         0.258     0.258 r  clk_wiz_inst/inst/clkin1_ibufg/O
                         net (fo=1, routed)           0.440     0.698    clk_wiz_inst/inst/clk_in1_clk_wiz_0
    PLLE2_ADV_X0Y0       PLLE2_ADV (Prop_plle2_adv_CLKIN1_CLKOUT0)
                                                     -2.384    -1.685 r  clk_wiz_inst/inst/plle2_adv_inst/CLKOUT0
                         net (fo=1, routed)           0.533    -1.152    clk_wiz_inst/inst/clk_out1_clk_wiz_0
    BUFGCTRL_X0Y0        BUFG (Prop_bufg_I_O)         0.026    -1.126 r  clk_wiz_inst/inst/clkout1_buf/O
                         net (fo=291, routed)         0.613    -0.514    lcd_clk_OBUF
    SLICE_X100Y49        FDCE                                         r  cnt_v_reg[5]/C
  -------------------------------------------------------------------    -------------------
    SLICE_X100Y49        FDCE (Prop_fdce_C_Q)         0.164    -0.350 r  cnt_v_reg[5]/Q
                         net (fo=19, routed)          0.354     0.004    cnt_v_reg_n_0_[5]
    SLICE_X100Y50        LUT4 (Prop_lut4_I2_O)        0.049     0.053 r  cnt_v[7]_i_1/O
                         net (fo=1, routed)           0.000     0.053    cnt_v[7]_i_1_n_0
    SLICE_X100Y50        FDCE                                         r  cnt_v_reg[7]/D
  -------------------------------------------------------------------    -------------------

                         (clock clk_out1_clk_wiz_0 rise edge)
                                                      0.000     0.000 r  
    Y9                                                0.000     0.000 r  sys_clk (IN)
                         net (fo=0)                   0.000     0.000    clk_wiz_inst/inst/clk_in1
    Y9                   IBUF (Prop_ibuf_I_O)         0.446     0.446 r  clk_wiz_inst/inst/clkin1_ibufg/O
                         net (fo=1, routed)           0.481     0.927    clk_wiz_inst/inst/clk_in1_clk_wiz_0
    PLLE2_ADV_X0Y0       PLLE2_ADV (Prop_plle2_adv_CLKIN1_CLKOUT0)
                                                     -2.700    -1.773 r  clk_wiz_inst/inst/plle2_adv_inst/CLKOUT0
                         net (fo=1, routed)           0.580    -1.193    clk_wiz_inst/inst/clk_out1_clk_wiz_0
    BUFGCTRL_X0Y0        BUFG (Prop_bufg_I_O)         0.029    -1.164 r  clk_wiz_inst/inst/clkout1_buf/O
                         net (fo=291, routed)         0.881    -0.283    lcd_clk_OBUF
    SLICE_X100Y50        FDCE                                         r  cnt_v_reg[7]/C
                         clock pessimism              0.038    -0.245    
    SLICE_X100Y50        FDCE (Hold_fdce_C_D)         0.131    -0.114    cnt_v_reg[7]
  -------------------------------------------------------------------
                         required time                          0.114    
                         arrival time                           0.053    
  -------------------------------------------------------------------
                         slack                                  0.167    

Slack (MET) :             0.173ns  (arrival time - required time)
  Source:                 cnt_v_reg[5]/C
                            (rising edge-triggered cell FDCE clocked by clk_out1_clk_wiz_0  {rise@0.000ns fall@15.152ns period=30.303ns})
  Destination:            cnt_v_reg[6]/D
                            (rising edge-triggered cell FDCE clocked by clk_out1_clk_wiz_0  {rise@0.000ns fall@15.152ns period=30.303ns})
  Path Group:             clk_out1_clk_wiz_0
  Path Type:              Hold (Min at Fast Process Corner)
  Requirement:            0.000ns  (clk_out1_clk_wiz_0 rise@0.000ns - clk_out1_clk_wiz_0 rise@0.000ns)
  Data Path Delay:        0.563ns  (logic 0.209ns (37.145%)  route 0.354ns (62.855%))
  Logic Levels:           1  (LUT3=1)
  Clock Path Skew:        0.268ns (DCD - SCD - CPR)
    Destination Clock Delay (DCD):    -0.283ns
    Source Clock Delay      (SCD):    -0.514ns
    Clock Pessimism Removal (CPR):    -0.038ns

    Location             Delay type                Incr(ns)  Path(ns)    Netlist Resource(s)
  -------------------------------------------------------------------    -------------------
                         (clock clk_out1_clk_wiz_0 rise edge)
                                                      0.000     0.000 r  
    Y9                                                0.000     0.000 r  sys_clk (IN)
                         net (fo=0)                   0.000     0.000    clk_wiz_inst/inst/clk_in1
    Y9                   IBUF (Prop_ibuf_I_O)         0.258     0.258 r  clk_wiz_inst/inst/clkin1_ibufg/O
                         net (fo=1, routed)           0.440     0.698    clk_wiz_inst/inst/clk_in1_clk_wiz_0
    PLLE2_ADV_X0Y0       PLLE2_ADV (Prop_plle2_adv_CLKIN1_CLKOUT0)
                                                     -2.384    -1.685 r  clk_wiz_inst/inst/plle2_adv_inst/CLKOUT0
                         net (fo=1, routed)           0.533    -1.152    clk_wiz_inst/inst/clk_out1_clk_wiz_0
    BUFGCTRL_X0Y0        BUFG (Prop_bufg_I_O)         0.026    -1.126 r  clk_wiz_inst/inst/clkout1_buf/O
                         net (fo=291, routed)         0.613    -0.514    lcd_clk_OBUF
    SLICE_X100Y49        FDCE                                         r  cnt_v_reg[5]/C
  -------------------------------------------------------------------    -------------------
    SLICE_X100Y49        FDCE (Prop_fdce_C_Q)         0.164    -0.350 r  cnt_v_reg[5]/Q
                         net (fo=19, routed)          0.354     0.004    cnt_v_reg_n_0_[5]
    SLICE_X100Y50        LUT3 (Prop_lut3_I1_O)        0.045     0.049 r  cnt_v[6]_i_1/O
                         net (fo=1, routed)           0.000     0.049    cnt_v[6]_i_1_n_0
    SLICE_X100Y50        FDCE                                         r  cnt_v_reg[6]/D
  -------------------------------------------------------------------    -------------------

                         (clock clk_out1_clk_wiz_0 rise edge)
                                                      0.000     0.000 r  
    Y9                                                0.000     0.000 r  sys_clk (IN)
                         net (fo=0)                   0.000     0.000    clk_wiz_inst/inst/clk_in1
    Y9                   IBUF (Prop_ibuf_I_O)         0.446     0.446 r  clk_wiz_inst/inst/clkin1_ibufg/O
                         net (fo=1, routed)           0.481     0.927    clk_wiz_inst/inst/clk_in1_clk_wiz_0
    PLLE2_ADV_X0Y0       PLLE2_ADV (Prop_plle2_adv_CLKIN1_CLKOUT0)
                                                     -2.700    -1.773 r  clk_wiz_inst/inst/plle2_adv_inst/CLKOUT0
                         net (fo=1, routed)           0.580    -1.193    clk_wiz_inst/inst/clk_out1_clk_wiz_0
    BUFGCTRL_X0Y0        BUFG (Prop_bufg_I_O)         0.029    -1.164 r  clk_wiz_inst/inst/clkout1_buf/O
                         net (fo=291, routed)         0.881    -0.283    lcd_clk_OBUF
    SLICE_X100Y50        FDCE                                         r  cnt_v_reg[6]/C
                         clock pessimism              0.038    -0.245    
    SLICE_X100Y50        FDCE (Hold_fdce_C_D)         0.121    -0.124    cnt_v_reg[6]
  -------------------------------------------------------------------
                         required time                          0.124    
                         arrival time                           0.049    
  -------------------------------------------------------------------
                         slack                                  0.173    

Slack (MET) :             0.208ns  (arrival time - required time)
  Source:                 FSM_onehot_state_reg[1]/C
                            (rising edge-triggered cell FDCE clocked by clk_out1_clk_wiz_0  {rise@0.000ns fall@15.152ns period=30.303ns})
  Destination:            block_y_reg[5]/D
                            (rising edge-triggered cell FDCE clocked by clk_out1_clk_wiz_0  {rise@0.000ns fall@15.152ns period=30.303ns})
  Path Group:             clk_out1_clk_wiz_0
  Path Type:              Hold (Min at Fast Process Corner)
  Requirement:            0.000ns  (clk_out1_clk_wiz_0 rise@0.000ns - clk_out1_clk_wiz_0 rise@0.000ns)
  Data Path Delay:        0.345ns  (logic 0.186ns (53.904%)  route 0.159ns (46.096%))
  Logic Levels:           1  (LUT6=1)
  Clock Path Skew:        0.016ns (DCD - SCD - CPR)
    Destination Clock Delay (DCD):    -0.255ns
    Source Clock Delay      (SCD):    -0.489ns
    Clock Pessimism Removal (CPR):    0.218ns

    Location             Delay type                Incr(ns)  Path(ns)    Netlist Resource(s)
  -------------------------------------------------------------------    -------------------
                         (clock clk_out1_clk_wiz_0 rise edge)
                                                      0.000     0.000 r  
    Y9                                                0.000     0.000 r  sys_clk (IN)
                         net (fo=0)                   0.000     0.000    clk_wiz_inst/inst/clk_in1
    Y9                   IBUF (Prop_ibuf_I_O)         0.258     0.258 r  clk_wiz_inst/inst/clkin1_ibufg/O
                         net (fo=1, routed)           0.440     0.698    clk_wiz_inst/inst/clk_in1_clk_wiz_0
    PLLE2_ADV_X0Y0       PLLE2_ADV (Prop_plle2_adv_CLKIN1_CLKOUT0)
                                                     -2.384    -1.685 r  clk_wiz_inst/inst/plle2_adv_inst/CLKOUT0
                         net (fo=1, routed)           0.533    -1.152    clk_wiz_inst/inst/clk_out1_clk_wiz_0
    BUFGCTRL_X0Y0        BUFG (Prop_bufg_I_O)         0.026    -1.126 r  clk_wiz_inst/inst/clkout1_buf/O
                         net (fo=291, routed)         0.638    -0.489    lcd_clk_OBUF
    SLICE_X107Y42        FDCE                                         r  FSM_onehot_state_reg[1]/C
  -------------------------------------------------------------------    -------------------
    SLICE_X107Y42        FDCE (Prop_fdce_C_Q)         0.141    -0.348 r  FSM_onehot_state_reg[1]/Q
                         net (fo=14, routed)          0.159    -0.189    FSM_onehot_state_reg_n_0_[1]
    SLICE_X108Y42        LUT6 (Prop_lut6_I0_O)        0.045    -0.144 r  block_y[5]_i_2/O
                         net (fo=1, routed)           0.000    -0.144    block_y[5]_i_2_n_0
    SLICE_X108Y42        FDCE                                         r  block_y_reg[5]/D
  -------------------------------------------------------------------    -------------------

                         (clock clk_out1_clk_wiz_0 rise edge)
                                                      0.000     0.000 r  
    Y9                                                0.000     0.000 r  sys_clk (IN)
                         net (fo=0)                   0.000     0.000    clk_wiz_inst/inst/clk_in1
    Y9                   IBUF (Prop_ibuf_I_O)         0.446     0.446 r  clk_wiz_inst/inst/clkin1_ibufg/O
                         net (fo=1, routed)           0.481     0.927    clk_wiz_inst/inst/clk_in1_clk_wiz_0
    PLLE2_ADV_X0Y0       PLLE2_ADV (Prop_plle2_adv_CLKIN1_CLKOUT0)
                                                     -2.700    -1.773 r  clk_wiz_inst/inst/plle2_adv_inst/CLKOUT0
                         net (fo=1, routed)           0.580    -1.193    clk_wiz_inst/inst/clk_out1_clk_wiz_0
    BUFGCTRL_X0Y0        BUFG (Prop_bufg_I_O)         0.029    -1.164 r  clk_wiz_inst/inst/clkout1_buf/O
                         net (fo=291, routed)         0.909    -0.255    lcd_clk_OBUF
    SLICE_X108Y42        FDCE                                         r  block_y_reg[5]/C
                         clock pessimism             -0.218    -0.473    
    SLICE_X108Y42        FDCE (Hold_fdce_C_D)         0.121    -0.352    block_y_reg[5]
  -------------------------------------------------------------------
                         required time                          0.352    
                         arrival time                          -0.144    
  -------------------------------------------------------------------
                         slack                                  0.208    

Slack (MET) :             0.209ns  (arrival time - required time)
  Source:                 tetris_map_reg[18][7]/C
                            (rising edge-triggered cell FDCE clocked by clk_out1_clk_wiz_0  {rise@0.000ns fall@15.152ns period=30.303ns})
  Destination:            tetris_map_reg[18][7]/D
                            (rising edge-triggered cell FDCE clocked by clk_out1_clk_wiz_0  {rise@0.000ns fall@15.152ns period=30.303ns})
  Path Group:             clk_out1_clk_wiz_0
  Path Type:              Hold (Min at Fast Process Corner)
  Requirement:            0.000ns  (clk_out1_clk_wiz_0 rise@0.000ns - clk_out1_clk_wiz_0 rise@0.000ns)
  Data Path Delay:        0.300ns  (logic 0.186ns (61.957%)  route 0.114ns (38.043%))
  Logic Levels:           1  (LUT6=1)
  Clock Path Skew:        0.000ns (DCD - SCD - CPR)
    Destination Clock Delay (DCD):    -0.285ns
    Source Clock Delay      (SCD):    -0.518ns
    Clock Pessimism Removal (CPR):    0.233ns

    Location             Delay type                Incr(ns)  Path(ns)    Netlist Resource(s)
  -------------------------------------------------------------------    -------------------
                         (clock clk_out1_clk_wiz_0 rise edge)
                                                      0.000     0.000 r  
    Y9                                                0.000     0.000 r  sys_clk (IN)
                         net (fo=0)                   0.000     0.000    clk_wiz_inst/inst/clk_in1
    Y9                   IBUF (Prop_ibuf_I_O)         0.258     0.258 r  clk_wiz_inst/inst/clkin1_ibufg/O
                         net (fo=1, routed)           0.440     0.698    clk_wiz_inst/inst/clk_in1_clk_wiz_0
    PLLE2_ADV_X0Y0       PLLE2_ADV (Prop_plle2_adv_CLKIN1_CLKOUT0)
                                                     -2.384    -1.685 r  clk_wiz_inst/inst/plle2_adv_inst/CLKOUT0
                         net (fo=1, routed)           0.533    -1.152    clk_wiz_inst/inst/clk_out1_clk_wiz_0
    BUFGCTRL_X0Y0        BUFG (Prop_bufg_I_O)         0.026    -1.126 r  clk_wiz_inst/inst/clkout1_buf/O
                         net (fo=291, routed)         0.609    -0.518    lcd_clk_OBUF
    SLICE_X97Y39         FDCE                                         r  tetris_map_reg[18][7]/C
  -------------------------------------------------------------------    -------------------
    SLICE_X97Y39         FDCE (Prop_fdce_C_Q)         0.141    -0.377 r  tetris_map_reg[18][7]/Q
                         net (fo=2, routed)           0.114    -0.262    tetris_map_reg[18][7]__1
    SLICE_X97Y39         LUT6 (Prop_lut6_I5_O)        0.045    -0.217 r  tetris_map[18][7]_i_1/O
                         net (fo=1, routed)           0.000    -0.217    tetris_map[18][7]_i_1_n_0
    SLICE_X97Y39         FDCE                                         r  tetris_map_reg[18][7]/D
  -------------------------------------------------------------------    -------------------

                         (clock clk_out1_clk_wiz_0 rise edge)
                                                      0.000     0.000 r  
    Y9                                                0.000     0.000 r  sys_clk (IN)
                         net (fo=0)                   0.000     0.000    clk_wiz_inst/inst/clk_in1
    Y9                   IBUF (Prop_ibuf_I_O)         0.446     0.446 r  clk_wiz_inst/inst/clkin1_ibufg/O
                         net (fo=1, routed)           0.481     0.927    clk_wiz_inst/inst/clk_in1_clk_wiz_0
    PLLE2_ADV_X0Y0       PLLE2_ADV (Prop_plle2_adv_CLKIN1_CLKOUT0)
                                                     -2.700    -1.773 r  clk_wiz_inst/inst/plle2_adv_inst/CLKOUT0
                         net (fo=1, routed)           0.580    -1.193    clk_wiz_inst/inst/clk_out1_clk_wiz_0
    BUFGCTRL_X0Y0        BUFG (Prop_bufg_I_O)         0.029    -1.164 r  clk_wiz_inst/inst/clkout1_buf/O
                         net (fo=291, routed)         0.879    -0.285    lcd_clk_OBUF
    SLICE_X97Y39         FDCE                                         r  tetris_map_reg[18][7]/C
                         clock pessimism             -0.233    -0.518    
    SLICE_X97Y39         FDCE (Hold_fdce_C_D)         0.091    -0.427    tetris_map_reg[18][7]
  -------------------------------------------------------------------
                         required time                          0.427    
                         arrival time                          -0.217    
  -------------------------------------------------------------------
                         slack                                  0.209    

Slack (MET) :             0.209ns  (arrival time - required time)
  Source:                 tetris_map_reg[3][7]/C
                            (rising edge-triggered cell FDCE clocked by clk_out1_clk_wiz_0  {rise@0.000ns fall@15.152ns period=30.303ns})
  Destination:            tetris_map_reg[3][7]/D
                            (rising edge-triggered cell FDCE clocked by clk_out1_clk_wiz_0  {rise@0.000ns fall@15.152ns period=30.303ns})
  Path Group:             clk_out1_clk_wiz_0
  Path Type:              Hold (Min at Fast Process Corner)
  Requirement:            0.000ns  (clk_out1_clk_wiz_0 rise@0.000ns - clk_out1_clk_wiz_0 rise@0.000ns)
  Data Path Delay:        0.300ns  (logic 0.186ns (61.957%)  route 0.114ns (38.043%))
  Logic Levels:           1  (LUT6=1)
  Clock Path Skew:        0.000ns (DCD - SCD - CPR)
    Destination Clock Delay (DCD):    -0.255ns
    Source Clock Delay      (SCD):    -0.489ns
    Clock Pessimism Removal (CPR):    0.234ns

    Location             Delay type                Incr(ns)  Path(ns)    Netlist Resource(s)
  -------------------------------------------------------------------    -------------------
                         (clock clk_out1_clk_wiz_0 rise edge)
                                                      0.000     0.000 r  
    Y9                                                0.000     0.000 r  sys_clk (IN)
                         net (fo=0)                   0.000     0.000    clk_wiz_inst/inst/clk_in1
    Y9                   IBUF (Prop_ibuf_I_O)         0.258     0.258 r  clk_wiz_inst/inst/clkin1_ibufg/O
                         net (fo=1, routed)           0.440     0.698    clk_wiz_inst/inst/clk_in1_clk_wiz_0
    PLLE2_ADV_X0Y0       PLLE2_ADV (Prop_plle2_adv_CLKIN1_CLKOUT0)
                                                     -2.384    -1.685 r  clk_wiz_inst/inst/plle2_adv_inst/CLKOUT0
                         net (fo=1, routed)           0.533    -1.152    clk_wiz_inst/inst/clk_out1_clk_wiz_0
    BUFGCTRL_X0Y0        BUFG (Prop_bufg_I_O)         0.026    -1.126 r  clk_wiz_inst/inst/clkout1_buf/O
                         net (fo=291, routed)         0.638    -0.489    lcd_clk_OBUF
    SLICE_X109Y42        FDCE                                         r  tetris_map_reg[3][7]/C
  -------------------------------------------------------------------    -------------------
    SLICE_X109Y42        FDCE (Prop_fdce_C_Q)         0.141    -0.348 r  tetris_map_reg[3][7]/Q
                         net (fo=2, routed)           0.114    -0.233    tetris_map_reg[3][7]__1
    SLICE_X109Y42        LUT6 (Prop_lut6_I5_O)        0.045    -0.188 r  tetris_map[3][7]_i_1/O
                         net (fo=1, routed)           0.000    -0.188    tetris_map[3][7]_i_1_n_0
    SLICE_X109Y42        FDCE                                         r  tetris_map_reg[3][7]/D
  -------------------------------------------------------------------    -------------------

                         (clock clk_out1_clk_wiz_0 rise edge)
                                                      0.000     0.000 r  
    Y9                                                0.000     0.000 r  sys_clk (IN)
                         net (fo=0)                   0.000     0.000    clk_wiz_inst/inst/clk_in1
    Y9                   IBUF (Prop_ibuf_I_O)         0.446     0.446 r  clk_wiz_inst/inst/clkin1_ibufg/O
                         net (fo=1, routed)           0.481     0.927    clk_wiz_inst/inst/clk_in1_clk_wiz_0
    PLLE2_ADV_X0Y0       PLLE2_ADV (Prop_plle2_adv_CLKIN1_CLKOUT0)
                                                     -2.700    -1.773 r  clk_wiz_inst/inst/plle2_adv_inst/CLKOUT0
                         net (fo=1, routed)           0.580    -1.193    clk_wiz_inst/inst/clk_out1_clk_wiz_0
    BUFGCTRL_X0Y0        BUFG (Prop_bufg_I_O)         0.029    -1.164 r  clk_wiz_inst/inst/clkout1_buf/O
                         net (fo=291, routed)         0.909    -0.255    lcd_clk_OBUF
    SLICE_X109Y42        FDCE                                         r  tetris_map_reg[3][7]/C
                         clock pessimism             -0.234    -0.489    
    SLICE_X109Y42        FDCE (Hold_fdce_C_D)         0.091    -0.398    tetris_map_reg[3][7]
  -------------------------------------------------------------------
                         required time                          0.398    
                         arrival time                          -0.188    
  -------------------------------------------------------------------
                         slack                                  0.209    

Slack (MET) :             0.210ns  (arrival time - required time)
  Source:                 tetris_map_reg[12][9]/C
                            (rising edge-triggered cell FDCE clocked by clk_out1_clk_wiz_0  {rise@0.000ns fall@15.152ns period=30.303ns})
  Destination:            tetris_map_reg[12][9]/D
                            (rising edge-triggered cell FDCE clocked by clk_out1_clk_wiz_0  {rise@0.000ns fall@15.152ns period=30.303ns})
  Path Group:             clk_out1_clk_wiz_0
  Path Type:              Hold (Min at Fast Process Corner)
  Requirement:            0.000ns  (clk_out1_clk_wiz_0 rise@0.000ns - clk_out1_clk_wiz_0 rise@0.000ns)
  Data Path Delay:        0.301ns  (logic 0.186ns (61.784%)  route 0.115ns (38.216%))
  Logic Levels:           1  (LUT6=1)
  Clock Path Skew:        0.000ns (DCD - SCD - CPR)
    Destination Clock Delay (DCD):    -0.283ns
    Source Clock Delay      (SCD):    -0.516ns
    Clock Pessimism Removal (CPR):    0.233ns

    Location             Delay type                Incr(ns)  Path(ns)    Netlist Resource(s)
  -------------------------------------------------------------------    -------------------
                         (clock clk_out1_clk_wiz_0 rise edge)
                                                      0.000     0.000 r  
    Y9                                                0.000     0.000 r  sys_clk (IN)
                         net (fo=0)                   0.000     0.000    clk_wiz_inst/inst/clk_in1
    Y9                   IBUF (Prop_ibuf_I_O)         0.258     0.258 r  clk_wiz_inst/inst/clkin1_ibufg/O
                         net (fo=1, routed)           0.440     0.698    clk_wiz_inst/inst/clk_in1_clk_wiz_0
    PLLE2_ADV_X0Y0       PLLE2_ADV (Prop_plle2_adv_CLKIN1_CLKOUT0)
                                                     -2.384    -1.685 r  clk_wiz_inst/inst/plle2_adv_inst/CLKOUT0
                         net (fo=1, routed)           0.533    -1.152    clk_wiz_inst/inst/clk_out1_clk_wiz_0
    BUFGCTRL_X0Y0        BUFG (Prop_bufg_I_O)         0.026    -1.126 r  clk_wiz_inst/inst/clkout1_buf/O
                         net (fo=291, routed)         0.611    -0.516    lcd_clk_OBUF
    SLICE_X95Y44         FDCE                                         r  tetris_map_reg[12][9]/C
  -------------------------------------------------------------------    -------------------
    SLICE_X95Y44         FDCE (Prop_fdce_C_Q)         0.141    -0.375 r  tetris_map_reg[12][9]/Q
                         net (fo=2, routed)           0.115    -0.260    tetris_map_reg[12][9]__1
    SLICE_X95Y44         LUT6 (Prop_lut6_I5_O)        0.045    -0.215 r  tetris_map[12][9]_i_1/O
                         net (fo=1, routed)           0.000    -0.215    tetris_map[12][9]_i_1_n_0
    SLICE_X95Y44         FDCE                                         r  tetris_map_reg[12][9]/D
  -------------------------------------------------------------------    -------------------

                         (clock clk_out1_clk_wiz_0 rise edge)
                                                      0.000     0.000 r  
    Y9                                                0.000     0.000 r  sys_clk (IN)
                         net (fo=0)                   0.000     0.000    clk_wiz_inst/inst/clk_in1
    Y9                   IBUF (Prop_ibuf_I_O)         0.446     0.446 r  clk_wiz_inst/inst/clkin1_ibufg/O
                         net (fo=1, routed)           0.481     0.927    clk_wiz_inst/inst/clk_in1_clk_wiz_0
    PLLE2_ADV_X0Y0       PLLE2_ADV (Prop_plle2_adv_CLKIN1_CLKOUT0)
                                                     -2.700    -1.773 r  clk_wiz_inst/inst/plle2_adv_inst/CLKOUT0
                         net (fo=1, routed)           0.580    -1.193    clk_wiz_inst/inst/clk_out1_clk_wiz_0
    BUFGCTRL_X0Y0        BUFG (Prop_bufg_I_O)         0.029    -1.164 r  clk_wiz_inst/inst/clkout1_buf/O
                         net (fo=291, routed)         0.881    -0.283    lcd_clk_OBUF
    SLICE_X95Y44         FDCE                                         r  tetris_map_reg[12][9]/C
                         clock pessimism             -0.233    -0.516    
    SLICE_X95Y44         FDCE (Hold_fdce_C_D)         0.091    -0.425    tetris_map_reg[12][9]
  -------------------------------------------------------------------
                         required time                          0.425    
                         arrival time                          -0.215    
  -------------------------------------------------------------------
                         slack                                  0.210    

Slack (MET) :             0.210ns  (arrival time - required time)
  Source:                 FSM_onehot_state_reg[0]/C
                            (rising edge-triggered cell FDPE clocked by clk_out1_clk_wiz_0  {rise@0.000ns fall@15.152ns period=30.303ns})
  Destination:            block_x_reg[2]/D
                            (rising edge-triggered cell FDPE clocked by clk_out1_clk_wiz_0  {rise@0.000ns fall@15.152ns period=30.303ns})
  Path Group:             clk_out1_clk_wiz_0
  Path Type:              Hold (Min at Fast Process Corner)
  Requirement:            0.000ns  (clk_out1_clk_wiz_0 rise@0.000ns - clk_out1_clk_wiz_0 rise@0.000ns)
  Data Path Delay:        0.315ns  (logic 0.209ns (66.264%)  route 0.106ns (33.736%))
  Logic Levels:           1  (LUT6=1)
  Clock Path Skew:        0.013ns (DCD - SCD - CPR)
    Destination Clock Delay (DCD):    -0.255ns
    Source Clock Delay      (SCD):    -0.489ns
    Clock Pessimism Removal (CPR):    0.221ns

    Location             Delay type                Incr(ns)  Path(ns)    Netlist Resource(s)
  -------------------------------------------------------------------    -------------------
                         (clock clk_out1_clk_wiz_0 rise edge)
                                                      0.000     0.000 r  
    Y9                                                0.000     0.000 r  sys_clk (IN)
                         net (fo=0)                   0.000     0.000    clk_wiz_inst/inst/clk_in1
    Y9                   IBUF (Prop_ibuf_I_O)         0.258     0.258 r  clk_wiz_inst/inst/clkin1_ibufg/O
                         net (fo=1, routed)           0.440     0.698    clk_wiz_inst/inst/clk_in1_clk_wiz_0
    PLLE2_ADV_X0Y0       PLLE2_ADV (Prop_plle2_adv_CLKIN1_CLKOUT0)
                                                     -2.384    -1.685 r  clk_wiz_inst/inst/plle2_adv_inst/CLKOUT0
                         net (fo=1, routed)           0.533    -1.152    clk_wiz_inst/inst/clk_out1_clk_wiz_0
    BUFGCTRL_X0Y0        BUFG (Prop_bufg_I_O)         0.026    -1.126 r  clk_wiz_inst/inst/clkout1_buf/O
                         net (fo=291, routed)         0.638    -0.489    lcd_clk_OBUF
    SLICE_X108Y40        FDPE                                         r  FSM_onehot_state_reg[0]/C
  -------------------------------------------------------------------    -------------------
    SLICE_X108Y40        FDPE (Prop_fdpe_C_Q)         0.164    -0.325 r  FSM_onehot_state_reg[0]/Q
                         net (fo=7, routed)           0.106    -0.218    FSM_onehot_state_reg_n_0_[0]
    SLICE_X109Y40        LUT6 (Prop_lut6_I0_O)        0.045    -0.173 r  block_x[2]_i_1/O
                         net (fo=1, routed)           0.000    -0.173    block_x[2]_i_1_n_0
    SLICE_X109Y40        FDPE                                         r  block_x_reg[2]/D
  -------------------------------------------------------------------    -------------------

                         (clock clk_out1_clk_wiz_0 rise edge)
                                                      0.000     0.000 r  
    Y9                                                0.000     0.000 r  sys_clk (IN)
                         net (fo=0)                   0.000     0.000    clk_wiz_inst/inst/clk_in1
    Y9                   IBUF (Prop_ibuf_I_O)         0.446     0.446 r  clk_wiz_inst/inst/clkin1_ibufg/O
                         net (fo=1, routed)           0.481     0.927    clk_wiz_inst/inst/clk_in1_clk_wiz_0
    PLLE2_ADV_X0Y0       PLLE2_ADV (Prop_plle2_adv_CLKIN1_CLKOUT0)
                                                     -2.700    -1.773 r  clk_wiz_inst/inst/plle2_adv_inst/CLKOUT0
                         net (fo=1, routed)           0.580    -1.193    clk_wiz_inst/inst/clk_out1_clk_wiz_0
    BUFGCTRL_X0Y0        BUFG (Prop_bufg_I_O)         0.029    -1.164 r  clk_wiz_inst/inst/clkout1_buf/O
                         net (fo=291, routed)         0.909    -0.255    lcd_clk_OBUF
    SLICE_X109Y40        FDPE                                         r  block_x_reg[2]/C
                         clock pessimism             -0.221    -0.476    
    SLICE_X109Y40        FDPE (Hold_fdpe_C_D)         0.092    -0.384    block_x_reg[2]
  -------------------------------------------------------------------
                         required time                          0.384    
                         arrival time                          -0.173    
  -------------------------------------------------------------------
                         slack                                  0.210    

Slack (MET) :             0.213ns  (arrival time - required time)
  Source:                 tetris_map_reg[13][1]/C
                            (rising edge-triggered cell FDCE clocked by clk_out1_clk_wiz_0  {rise@0.000ns fall@15.152ns period=30.303ns})
  Destination:            tetris_map_reg[13][1]/D
                            (rising edge-triggered cell FDCE clocked by clk_out1_clk_wiz_0  {rise@0.000ns fall@15.152ns period=30.303ns})
  Path Group:             clk_out1_clk_wiz_0
  Path Type:              Hold (Min at Fast Process Corner)
  Requirement:            0.000ns  (clk_out1_clk_wiz_0 rise@0.000ns - clk_out1_clk_wiz_0 rise@0.000ns)
  Data Path Delay:        0.334ns  (logic 0.209ns (62.484%)  route 0.125ns (37.516%))
  Logic Levels:           1  (LUT6=1)
  Clock Path Skew:        0.000ns (DCD - SCD - CPR)
    Destination Clock Delay (DCD):    -0.283ns
    Source Clock Delay      (SCD):    -0.515ns
    Clock Pessimism Removal (CPR):    0.232ns

    Location             Delay type                Incr(ns)  Path(ns)    Netlist Resource(s)
  -------------------------------------------------------------------    -------------------
                         (clock clk_out1_clk_wiz_0 rise edge)
                                                      0.000     0.000 r  
    Y9                                                0.000     0.000 r  sys_clk (IN)
                         net (fo=0)                   0.000     0.000    clk_wiz_inst/inst/clk_in1
    Y9                   IBUF (Prop_ibuf_I_O)         0.258     0.258 r  clk_wiz_inst/inst/clkin1_ibufg/O
                         net (fo=1, routed)           0.440     0.698    clk_wiz_inst/inst/clk_in1_clk_wiz_0
    PLLE2_ADV_X0Y0       PLLE2_ADV (Prop_plle2_adv_CLKIN1_CLKOUT0)
                                                     -2.384    -1.685 r  clk_wiz_inst/inst/plle2_adv_inst/CLKOUT0
                         net (fo=1, routed)           0.533    -1.152    clk_wiz_inst/inst/clk_out1_clk_wiz_0
    BUFGCTRL_X0Y0        BUFG (Prop_bufg_I_O)         0.026    -1.126 r  clk_wiz_inst/inst/clkout1_buf/O
                         net (fo=291, routed)         0.612    -0.515    lcd_clk_OBUF
    SLICE_X98Y43         FDCE                                         r  tetris_map_reg[13][1]/C
  -------------------------------------------------------------------    -------------------
    SLICE_X98Y43         FDCE (Prop_fdce_C_Q)         0.164    -0.351 r  tetris_map_reg[13][1]/Q
                         net (fo=2, routed)           0.125    -0.225    tetris_map_reg[13][1]__1
    SLICE_X98Y43         LUT6 (Prop_lut6_I5_O)        0.045    -0.180 r  tetris_map[13][1]_i_1/O
                         net (fo=1, routed)           0.000    -0.180    tetris_map[13][1]_i_1_n_0
    SLICE_X98Y43         FDCE                                         r  tetris_map_reg[13][1]/D
  -------------------------------------------------------------------    -------------------

                         (clock clk_out1_clk_wiz_0 rise edge)
                                                      0.000     0.000 r  
    Y9                                                0.000     0.000 r  sys_clk (IN)
                         net (fo=0)                   0.000     0.000    clk_wiz_inst/inst/clk_in1
    Y9                   IBUF (Prop_ibuf_I_O)         0.446     0.446 r  clk_wiz_inst/inst/clkin1_ibufg/O
                         net (fo=1, routed)           0.481     0.927    clk_wiz_inst/inst/clk_in1_clk_wiz_0
    PLLE2_ADV_X0Y0       PLLE2_ADV (Prop_plle2_adv_CLKIN1_CLKOUT0)
                                                     -2.700    -1.773 r  clk_wiz_inst/inst/plle2_adv_inst/CLKOUT0
                         net (fo=1, routed)           0.580    -1.193    clk_wiz_inst/inst/clk_out1_clk_wiz_0
    BUFGCTRL_X0Y0        BUFG (Prop_bufg_I_O)         0.029    -1.164 r  clk_wiz_inst/inst/clkout1_buf/O
                         net (fo=291, routed)         0.881    -0.283    lcd_clk_OBUF
    SLICE_X98Y43         FDCE                                         r  tetris_map_reg[13][1]/C
                         clock pessimism             -0.232    -0.515    
    SLICE_X98Y43         FDCE (Hold_fdce_C_D)         0.121    -0.394    tetris_map_reg[13][1]
  -------------------------------------------------------------------
                         required time                          0.394    
                         arrival time                          -0.180    
  -------------------------------------------------------------------
                         slack                                  0.213    

Slack (MET) :             0.214ns  (arrival time - required time)
  Source:                 tetris_map_reg[0][8]/C
                            (rising edge-triggered cell FDCE clocked by clk_out1_clk_wiz_0  {rise@0.000ns fall@15.152ns period=30.303ns})
  Destination:            tetris_map_reg[0][8]/D
                            (rising edge-triggered cell FDCE clocked by clk_out1_clk_wiz_0  {rise@0.000ns fall@15.152ns period=30.303ns})
  Path Group:             clk_out1_clk_wiz_0
  Path Type:              Hold (Min at Fast Process Corner)
  Requirement:            0.000ns  (clk_out1_clk_wiz_0 rise@0.000ns - clk_out1_clk_wiz_0 rise@0.000ns)
  Data Path Delay:        0.335ns  (logic 0.209ns (62.414%)  route 0.126ns (37.586%))
  Logic Levels:           1  (LUT6=1)
  Clock Path Skew:        0.000ns (DCD - SCD - CPR)
    Destination Clock Delay (DCD):    -0.282ns
    Source Clock Delay      (SCD):    -0.515ns
    Clock Pessimism Removal (CPR):    0.233ns

    Location             Delay type                Incr(ns)  Path(ns)    Netlist Resource(s)
  -------------------------------------------------------------------    -------------------
                         (clock clk_out1_clk_wiz_0 rise edge)
                                                      0.000     0.000 r  
    Y9                                                0.000     0.000 r  sys_clk (IN)
                         net (fo=0)                   0.000     0.000    clk_wiz_inst/inst/clk_in1
    Y9                   IBUF (Prop_ibuf_I_O)         0.258     0.258 r  clk_wiz_inst/inst/clkin1_ibufg/O
                         net (fo=1, routed)           0.440     0.698    clk_wiz_inst/inst/clk_in1_clk_wiz_0
    PLLE2_ADV_X0Y0       PLLE2_ADV (Prop_plle2_adv_CLKIN1_CLKOUT0)
                                                     -2.384    -1.685 r  clk_wiz_inst/inst/plle2_adv_inst/CLKOUT0
                         net (fo=1, routed)           0.533    -1.152    clk_wiz_inst/inst/clk_out1_clk_wiz_0
    BUFGCTRL_X0Y0        BUFG (Prop_bufg_I_O)         0.026    -1.126 r  clk_wiz_inst/inst/clkout1_buf/O
                         net (fo=291, routed)         0.612    -0.515    lcd_clk_OBUF
    SLICE_X102Y45        FDCE                                         r  tetris_map_reg[0][8]/C
  -------------------------------------------------------------------    -------------------
    SLICE_X102Y45        FDCE (Prop_fdce_C_Q)         0.164    -0.351 r  tetris_map_reg[0][8]/Q
                         net (fo=2, routed)           0.126    -0.225    tetris_map_reg_n_0_[0][8]
    SLICE_X102Y45        LUT6 (Prop_lut6_I5_O)        0.045    -0.180 r  tetris_map[0][8]_i_1/O
                         net (fo=1, routed)           0.000    -0.180    tetris_map[0][8]_i_1_n_0
    SLICE_X102Y45        FDCE                                         r  tetris_map_reg[0][8]/D
  -------------------------------------------------------------------    -------------------

                         (clock clk_out1_clk_wiz_0 rise edge)
                                                      0.000     0.000 r  
    Y9                                                0.000     0.000 r  sys_clk (IN)
                         net (fo=0)                   0.000     0.000    clk_wiz_inst/inst/clk_in1
    Y9                   IBUF (Prop_ibuf_I_O)         0.446     0.446 r  clk_wiz_inst/inst/clkin1_ibufg/O
                         net (fo=1, routed)           0.481     0.927    clk_wiz_inst/inst/clk_in1_clk_wiz_0
    PLLE2_ADV_X0Y0       PLLE2_ADV (Prop_plle2_adv_CLKIN1_CLKOUT0)
                                                     -2.700    -1.773 r  clk_wiz_inst/inst/plle2_adv_inst/CLKOUT0
                         net (fo=1, routed)           0.580    -1.193    clk_wiz_inst/inst/clk_out1_clk_wiz_0
    BUFGCTRL_X0Y0        BUFG (Prop_bufg_I_O)         0.029    -1.164 r  clk_wiz_inst/inst/clkout1_buf/O
                         net (fo=291, routed)         0.882    -0.282    lcd_clk_OBUF
    SLICE_X102Y45        FDCE                                         r  tetris_map_reg[0][8]/C
                         clock pessimism             -0.233    -0.515    
    SLICE_X102Y45        FDCE (Hold_fdce_C_D)         0.121    -0.394    tetris_map_reg[0][8]
  -------------------------------------------------------------------
                         required time                          0.394    
                         arrival time                          -0.180    
  -------------------------------------------------------------------
                         slack                                  0.214    

Slack (MET) :             0.214ns  (arrival time - required time)
  Source:                 tetris_map_reg[13][9]/C
                            (rising edge-triggered cell FDCE clocked by clk_out1_clk_wiz_0  {rise@0.000ns fall@15.152ns period=30.303ns})
  Destination:            tetris_map_reg[13][9]/D
                            (rising edge-triggered cell FDCE clocked by clk_out1_clk_wiz_0  {rise@0.000ns fall@15.152ns period=30.303ns})
  Path Group:             clk_out1_clk_wiz_0
  Path Type:              Hold (Min at Fast Process Corner)
  Requirement:            0.000ns  (clk_out1_clk_wiz_0 rise@0.000ns - clk_out1_clk_wiz_0 rise@0.000ns)
  Data Path Delay:        0.335ns  (logic 0.209ns (62.414%)  route 0.126ns (37.586%))
  Logic Levels:           1  (LUT6=1)
  Clock Path Skew:        0.000ns (DCD - SCD - CPR)
    Destination Clock Delay (DCD):    -0.283ns
    Source Clock Delay      (SCD):    -0.516ns
    Clock Pessimism Removal (CPR):    0.233ns

    Location             Delay type                Incr(ns)  Path(ns)    Netlist Resource(s)
  -------------------------------------------------------------------    -------------------
                         (clock clk_out1_clk_wiz_0 rise edge)
                                                      0.000     0.000 r  
    Y9                                                0.000     0.000 r  sys_clk (IN)
                         net (fo=0)                   0.000     0.000    clk_wiz_inst/inst/clk_in1
    Y9                   IBUF (Prop_ibuf_I_O)         0.258     0.258 r  clk_wiz_inst/inst/clkin1_ibufg/O
                         net (fo=1, routed)           0.440     0.698    clk_wiz_inst/inst/clk_in1_clk_wiz_0
    PLLE2_ADV_X0Y0       PLLE2_ADV (Prop_plle2_adv_CLKIN1_CLKOUT0)
                                                     -2.384    -1.685 r  clk_wiz_inst/inst/plle2_adv_inst/CLKOUT0
                         net (fo=1, routed)           0.533    -1.152    clk_wiz_inst/inst/clk_out1_clk_wiz_0
    BUFGCTRL_X0Y0        BUFG (Prop_bufg_I_O)         0.026    -1.126 r  clk_wiz_inst/inst/clkout1_buf/O
                         net (fo=291, routed)         0.611    -0.516    lcd_clk_OBUF
    SLICE_X96Y44         FDCE                                         r  tetris_map_reg[13][9]/C
  -------------------------------------------------------------------    -------------------
    SLICE_X96Y44         FDCE (Prop_fdce_C_Q)         0.164    -0.352 r  tetris_map_reg[13][9]/Q
                         net (fo=2, routed)           0.126    -0.226    tetris_map_reg[13][9]__1
    SLICE_X96Y44         LUT6 (Prop_lut6_I5_O)        0.045    -0.181 r  tetris_map[13][9]_i_1/O
                         net (fo=1, routed)           0.000    -0.181    tetris_map[13][9]_i_1_n_0
    SLICE_X96Y44         FDCE                                         r  tetris_map_reg[13][9]/D
  -------------------------------------------------------------------    -------------------

                         (clock clk_out1_clk_wiz_0 rise edge)
                                                      0.000     0.000 r  
    Y9                                                0.000     0.000 r  sys_clk (IN)
                         net (fo=0)                   0.000     0.000    clk_wiz_inst/inst/clk_in1
    Y9                   IBUF (Prop_ibuf_I_O)         0.446     0.446 r  clk_wiz_inst/inst/clkin1_ibufg/O
                         net (fo=1, routed)           0.481     0.927    clk_wiz_inst/inst/clk_in1_clk_wiz_0
    PLLE2_ADV_X0Y0       PLLE2_ADV (Prop_plle2_adv_CLKIN1_CLKOUT0)
                                                     -2.700    -1.773 r  clk_wiz_inst/inst/plle2_adv_inst/CLKOUT0
                         net (fo=1, routed)           0.580    -1.193    clk_wiz_inst/inst/clk_out1_clk_wiz_0
    BUFGCTRL_X0Y0        BUFG (Prop_bufg_I_O)         0.029    -1.164 r  clk_wiz_inst/inst/clkout1_buf/O
                         net (fo=291, routed)         0.881    -0.283    lcd_clk_OBUF
    SLICE_X96Y44         FDCE                                         r  tetris_map_reg[13][9]/C
                         clock pessimism             -0.233    -0.516    
    SLICE_X96Y44         FDCE (Hold_fdce_C_D)         0.121    -0.395    tetris_map_reg[13][9]
  -------------------------------------------------------------------
                         required time                          0.395    
                         arrival time                          -0.181    
  -------------------------------------------------------------------
                         slack                                  0.214    





Pulse Width Checks
--------------------------------------------------------------------------------------
Clock Name:         clk_out1_clk_wiz_0
Waveform(ns):       { 0.000 15.152 }
Period(ns):         30.303
Sources:            { clk_wiz_inst/inst/plle2_adv_inst/CLKOUT0 }

Check Type        Corner  Lib Pin            Reference Pin  Required(ns)  Actual(ns)  Slack(ns)  Location        Pin
Min Period        n/a     BUFG/I             n/a            2.155         30.303      28.148     BUFGCTRL_X0Y0   clk_wiz_inst/inst/clkout1_buf/I
Min Period        n/a     PLLE2_ADV/CLKOUT0  n/a            1.249         30.303      29.054     PLLE2_ADV_X0Y0  clk_wiz_inst/inst/plle2_adv_inst/CLKOUT0
Min Period        n/a     FDPE/C             n/a            1.000         30.303      29.303     SLICE_X108Y40   FSM_onehot_state_reg[0]/C
Min Period        n/a     FDCE/C             n/a            1.000         30.303      29.303     SLICE_X107Y42   FSM_onehot_state_reg[1]/C
Min Period        n/a     FDCE/C             n/a            1.000         30.303      29.303     SLICE_X107Y42   FSM_onehot_state_reg[2]/C
Min Period        n/a     FDCE/C             n/a            1.000         30.303      29.303     SLICE_X109Y40   block_x_reg[0]/C
Min Period        n/a     FDCE/C             n/a            1.000         30.303      29.303     SLICE_X109Y40   block_x_reg[1]/C
Min Period        n/a     FDPE/C             n/a            1.000         30.303      29.303     SLICE_X109Y40   block_x_reg[2]/C
Min Period        n/a     FDCE/C             n/a            1.000         30.303      29.303     SLICE_X109Y40   block_x_reg[3]/C
Min Period        n/a     FDCE/C             n/a            1.000         30.303      29.303     SLICE_X108Y42   block_y_reg[0]/C
Max Period        n/a     PLLE2_ADV/CLKOUT0  n/a            160.000       30.303      129.697    PLLE2_ADV_X0Y0  clk_wiz_inst/inst/plle2_adv_inst/CLKOUT0
Low Pulse Width   Slow    FDPE/C             n/a            0.500         15.152      14.652     SLICE_X108Y40   FSM_onehot_state_reg[0]/C
Low Pulse Width   Fast    FDPE/C             n/a            0.500         15.152      14.652     SLICE_X108Y40   FSM_onehot_state_reg[0]/C
Low Pulse Width   Slow    FDCE/C             n/a            0.500         15.152      14.652     SLICE_X107Y42   FSM_onehot_state_reg[1]/C
Low Pulse Width   Fast    FDCE/C             n/a            0.500         15.152      14.652     SLICE_X107Y42   FSM_onehot_state_reg[1]/C
Low Pulse Width   Slow    FDCE/C             n/a            0.500         15.152      14.652     SLICE_X107Y42   FSM_onehot_state_reg[2]/C
Low Pulse Width   Fast    FDCE/C             n/a            0.500         15.152      14.652     SLICE_X107Y42   FSM_onehot_state_reg[2]/C
Low Pulse Width   Slow    FDCE/C             n/a            0.500         15.152      14.652     SLICE_X109Y40   block_x_reg[0]/C
Low Pulse Width   Fast    FDCE/C             n/a            0.500         15.152      14.652     SLICE_X109Y40   block_x_reg[0]/C
Low Pulse Width   Slow    FDCE/C             n/a            0.500         15.152      14.652     SLICE_X109Y40   block_x_reg[1]/C
Low Pulse Width   Fast    FDCE/C             n/a            0.500         15.152      14.652     SLICE_X109Y40   block_x_reg[1]/C
High Pulse Width  Slow    FDPE/C             n/a            0.500         15.152      14.652     SLICE_X108Y40   FSM_onehot_state_reg[0]/C
High Pulse Width  Fast    FDPE/C             n/a            0.500         15.152      14.652     SLICE_X108Y40   FSM_onehot_state_reg[0]/C
High Pulse Width  Slow    FDCE/C             n/a            0.500         15.152      14.652     SLICE_X107Y42   FSM_onehot_state_reg[1]/C
High Pulse Width  Fast    FDCE/C             n/a            0.500         15.152      14.652     SLICE_X107Y42   FSM_onehot_state_reg[1]/C
High Pulse Width  Slow    FDCE/C             n/a            0.500         15.152      14.652     SLICE_X107Y42   FSM_onehot_state_reg[2]/C
High Pulse Width  Fast    FDCE/C             n/a            0.500         15.152      14.652     SLICE_X107Y42   FSM_onehot_state_reg[2]/C
High Pulse Width  Slow    FDCE/C             n/a            0.500         15.152      14.652     SLICE_X109Y40   block_x_reg[0]/C
High Pulse Width  Fast    FDCE/C             n/a            0.500         15.152      14.652     SLICE_X109Y40   block_x_reg[0]/C
High Pulse Width  Slow    FDCE/C             n/a            0.500         15.152      14.652     SLICE_X109Y40   block_x_reg[1]/C
High Pulse Width  Fast    FDCE/C             n/a            0.500         15.152      14.652     SLICE_X109Y40   block_x_reg[1]/C



---------------------------------------------------------------------------------------------------
From Clock:  clkfbout_clk_wiz_0
  To Clock:  clkfbout_clk_wiz_0

Setup :           NA  Failing Endpoints,  Worst Slack           NA  ,  Total Violation           NA
Hold  :           NA  Failing Endpoints,  Worst Slack           NA  ,  Total Violation           NA
PW    :            0  Failing Endpoints,  Worst Slack       12.633ns,  Total Violation        0.000ns
---------------------------------------------------------------------------------------------------


Pulse Width Checks
--------------------------------------------------------------------------------------
Clock Name:         clkfbout_clk_wiz_0
Waveform(ns):       { 0.000 20.000 }
Period(ns):         40.000
Sources:            { clk_wiz_inst/inst/plle2_adv_inst/CLKFBOUT }

Check Type  Corner  Lib Pin             Reference Pin  Required(ns)  Actual(ns)  Slack(ns)  Location        Pin
Min Period  n/a     BUFG/I              n/a            2.155         40.000      37.845     BUFGCTRL_X0Y1   clk_wiz_inst/inst/clkf_buf/I
Min Period  n/a     PLLE2_ADV/CLKFBOUT  n/a            1.249         40.000      38.751     PLLE2_ADV_X0Y0  clk_wiz_inst/inst/plle2_adv_inst/CLKFBOUT
Min Period  n/a     PLLE2_ADV/CLKFBIN   n/a            1.249         40.000      38.751     PLLE2_ADV_X0Y0  clk_wiz_inst/inst/plle2_adv_inst/CLKFBIN
Max Period  n/a     PLLE2_ADV/CLKFBIN   n/a            52.633        40.000      12.633     PLLE2_ADV_X0Y0  clk_wiz_inst/inst/plle2_adv_inst/CLKFBIN
Max Period  n/a     PLLE2_ADV/CLKFBOUT  n/a            160.000       40.000      120.000    PLLE2_ADV_X0Y0  clk_wiz_inst/inst/plle2_adv_inst/CLKFBOUT



--------------------------------------------------------------------------------------
Path Group:  (none)
From Clock:  clk_out1_clk_wiz_0
  To Clock:  

Max Delay            28 Endpoints
Min Delay            28 Endpoints
--------------------------------------------------------------------------------------


Max Delay Paths
--------------------------------------------------------------------------------------
Slack:                    inf
  Source:                 clk_wiz_inst/inst/plle2_adv_inst/CLKOUT0
                            (clock source 'clk_out1_clk_wiz_0'  {rise@0.000ns fall@15.152ns period=30.303ns})
  Destination:            lcd_clk
                            (output port)
  Path Group:             (none)
  Path Type:              Max at Slow Process Corner
  Data Path Delay:        8.605ns  (logic 3.603ns (41.864%)  route 5.003ns (58.136%))
  Logic Levels:           2  (BUFG=1 OBUF=1)
  Clock Uncertainty:      0.430ns  ((TSJ^2 + DJ^2)^1/2) / 2 + PE
    Total System Jitter     (TSJ):    0.050ns
    Discrete Jitter          (DJ):    0.333ns
    Phase Error              (PE):    0.262ns

    Location             Delay type                Incr(ns)  Path(ns)    Netlist Resource(s)
  -------------------------------------------------------------------    -------------------
                         (clock clk_out1_clk_wiz_0 fall edge)
                                                     15.152    15.152 f  
    Y9                                                0.000    15.152 f  sys_clk (IN)
                         net (fo=0)                   0.000    15.152    clk_wiz_inst/inst/clk_in1
    Y9                   IBUF (Prop_ibuf_I_O)         1.490    16.642 f  clk_wiz_inst/inst/clkin1_ibufg/O
                         net (fo=1, routed)           1.306    17.948    clk_wiz_inst/inst/clk_in1_clk_wiz_0
  -------------------------------------------------------------------    -------------------
    PLLE2_ADV_X0Y0       PLLE2_ADV (Prop_plle2_adv_CLKIN1_CLKOUT0)
                                                     -8.866     9.082 f  clk_wiz_inst/inst/plle2_adv_inst/CLKOUT0
                         net (fo=1, routed)           1.849    10.931    clk_wiz_inst/inst/clk_out1_clk_wiz_0
    BUFGCTRL_X0Y0        BUFG (Prop_bufg_I_O)         0.101    11.032 f  clk_wiz_inst/inst/clkout1_buf/O
                         net (fo=291, routed)         3.154    14.186    lcd_clk_OBUF
    L18                  OBUF (Prop_obuf_I_O)         3.502    17.687 f  lcd_clk_OBUF_inst/O
                         net (fo=0)                   0.000    17.687    lcd_clk
    L18                                                               f  lcd_clk (OUT)
  -------------------------------------------------------------------    -------------------

Slack:                    inf
  Source:                 cnt_v_reg[2]/C
                            (rising edge-triggered cell FDCE clocked by clk_out1_clk_wiz_0  {rise@0.000ns fall@15.152ns period=30.303ns})
  Destination:            rgb_lcd[12]
                            (output port)
  Path Group:             (none)
  Path Type:              Max at Slow Process Corner
  Data Path Delay:        14.312ns  (logic 4.995ns (34.905%)  route 9.316ns (65.095%))
  Logic Levels:           5  (LUT2=1 LUT5=1 LUT6=2 OBUF=1)
  Clock Uncertainty:      0.430ns  ((TSJ^2 + DJ^2)^1/2) / 2 + PE
    Total System Jitter     (TSJ):    0.050ns
    Discrete Jitter          (DJ):    0.333ns
    Phase Error              (PE):    0.262ns

    Location             Delay type                Incr(ns)  Path(ns)    Netlist Resource(s)
  -------------------------------------------------------------------    -------------------
                         (clock clk_out1_clk_wiz_0 rise edge)
                                                      0.000     0.000 r  
    Y9                                                0.000     0.000 r  sys_clk (IN)
                         net (fo=0)                   0.000     0.000    clk_wiz_inst/inst/clk_in1
    Y9                   IBUF (Prop_ibuf_I_O)         1.490     1.490 r  clk_wiz_inst/inst/clkin1_ibufg/O
                         net (fo=1, routed)           1.306     2.796    clk_wiz_inst/inst/clk_in1_clk_wiz_0
    PLLE2_ADV_X0Y0       PLLE2_ADV (Prop_plle2_adv_CLKIN1_CLKOUT0)
                                                     -8.866    -6.070 r  clk_wiz_inst/inst/plle2_adv_inst/CLKOUT0
                         net (fo=1, routed)           1.849    -4.221    clk_wiz_inst/inst/clk_out1_clk_wiz_0
    BUFGCTRL_X0Y0        BUFG (Prop_bufg_I_O)         0.101    -4.120 r  clk_wiz_inst/inst/clkout1_buf/O
                         net (fo=291, routed)         1.789    -2.331    lcd_clk_OBUF
    SLICE_X100Y50        FDCE                                         r  cnt_v_reg[2]/C
  -------------------------------------------------------------------    -------------------
    SLICE_X100Y50        FDCE (Prop_fdce_C_Q)         0.518    -1.813 r  cnt_v_reg[2]/Q
                         net (fo=63, routed)          1.026    -0.787    cnt_v_reg_n_0_[2]
    SLICE_X100Y49        LUT5 (Prop_lut5_I1_O)        0.152    -0.635 r  vsync_OBUF_inst_i_2/O
                         net (fo=10, routed)          0.537    -0.098    vsync_OBUF_inst_i_2_n_0
    SLICE_X101Y48        LUT6 (Prop_lut6_I3_O)        0.348     0.250 f  lcd_de_OBUF_inst_i_2/O
                         net (fo=15, routed)          1.291     1.542    lcd_de_OBUF_inst_i_2_n_0
    SLICE_X107Y47        LUT6 (Prop_lut6_I0_O)        0.124     1.666 r  lcd_de_OBUF_inst_i_1/O
                         net (fo=7, routed)           1.126     2.792    lcd_de_OBUF
    SLICE_X103Y50        LUT2 (Prop_lut2_I1_O)        0.149     2.941 r  rgb_lcd_OBUF[14]_inst_i_1/O
                         net (fo=7, routed)           5.336     8.277    rgb_lcd_OBUF[8]
    E18                  OBUF (Prop_obuf_I_O)         3.704    11.981 r  rgb_lcd_OBUF[12]_inst/O
                         net (fo=0)                   0.000    11.981    rgb_lcd[12]
    E18                                                               r  rgb_lcd[12] (OUT)
  -------------------------------------------------------------------    -------------------

Slack:                    inf
  Source:                 cnt_v_reg[2]/C
                            (rising edge-triggered cell FDCE clocked by clk_out1_clk_wiz_0  {rise@0.000ns fall@15.152ns period=30.303ns})
  Destination:            rgb_lcd[4]
                            (output port)
  Path Group:             (none)
  Path Type:              Max at Slow Process Corner
  Data Path Delay:        14.256ns  (logic 4.792ns (33.611%)  route 9.465ns (66.389%))
  Logic Levels:           5  (LUT2=1 LUT5=1 LUT6=2 OBUF=1)
  Clock Uncertainty:      0.430ns  ((TSJ^2 + DJ^2)^1/2) / 2 + PE
    Total System Jitter     (TSJ):    0.050ns
    Discrete Jitter          (DJ):    0.333ns
    Phase Error              (PE):    0.262ns

    Location             Delay type                Incr(ns)  Path(ns)    Netlist Resource(s)
  -------------------------------------------------------------------    -------------------
                         (clock clk_out1_clk_wiz_0 rise edge)
                                                      0.000     0.000 r  
    Y9                                                0.000     0.000 r  sys_clk (IN)
                         net (fo=0)                   0.000     0.000    clk_wiz_inst/inst/clk_in1
    Y9                   IBUF (Prop_ibuf_I_O)         1.490     1.490 r  clk_wiz_inst/inst/clkin1_ibufg/O
                         net (fo=1, routed)           1.306     2.796    clk_wiz_inst/inst/clk_in1_clk_wiz_0
    PLLE2_ADV_X0Y0       PLLE2_ADV (Prop_plle2_adv_CLKIN1_CLKOUT0)
                                                     -8.866    -6.070 r  clk_wiz_inst/inst/plle2_adv_inst/CLKOUT0
                         net (fo=1, routed)           1.849    -4.221    clk_wiz_inst/inst/clk_out1_clk_wiz_0
    BUFGCTRL_X0Y0        BUFG (Prop_bufg_I_O)         0.101    -4.120 r  clk_wiz_inst/inst/clkout1_buf/O
                         net (fo=291, routed)         1.789    -2.331    lcd_clk_OBUF
    SLICE_X100Y50        FDCE                                         r  cnt_v_reg[2]/C
  -------------------------------------------------------------------    -------------------
    SLICE_X100Y50        FDCE (Prop_fdce_C_Q)         0.518    -1.813 r  cnt_v_reg[2]/Q
                         net (fo=63, routed)          1.026    -0.787    cnt_v_reg_n_0_[2]
    SLICE_X100Y49        LUT5 (Prop_lut5_I1_O)        0.152    -0.635 r  vsync_OBUF_inst_i_2/O
                         net (fo=10, routed)          0.537    -0.098    vsync_OBUF_inst_i_2_n_0
    SLICE_X101Y48        LUT6 (Prop_lut6_I3_O)        0.348     0.250 f  lcd_de_OBUF_inst_i_2/O
                         net (fo=15, routed)          1.291     1.542    lcd_de_OBUF_inst_i_2_n_0
    SLICE_X107Y47        LUT6 (Prop_lut6_I0_O)        0.124     1.666 r  lcd_de_OBUF_inst_i_1/O
                         net (fo=7, routed)           1.081     2.747    lcd_de_OBUF
    SLICE_X104Y50        LUT2 (Prop_lut2_I1_O)        0.124     2.871 r  rgb_lcd_OBUF[6]_inst_i_1/O
                         net (fo=7, routed)           5.529     8.400    rgb_lcd_OBUF[0]
    G15                  OBUF (Prop_obuf_I_O)         3.526    11.926 r  rgb_lcd_OBUF[4]_inst/O
                         net (fo=0)                   0.000    11.926    rgb_lcd[4]
    G15                                                               r  rgb_lcd[4] (OUT)
  -------------------------------------------------------------------    -------------------

Slack:                    inf
  Source:                 cnt_v_reg[2]/C
                            (rising edge-triggered cell FDCE clocked by clk_out1_clk_wiz_0  {rise@0.000ns fall@15.152ns period=30.303ns})
  Destination:            rgb_lcd[2]
                            (output port)
  Path Group:             (none)
  Path Type:              Max at Slow Process Corner
  Data Path Delay:        14.109ns  (logic 4.785ns (33.915%)  route 9.324ns (66.085%))
  Logic Levels:           5  (LUT2=1 LUT5=1 LUT6=2 OBUF=1)
  Clock Uncertainty:      0.430ns  ((TSJ^2 + DJ^2)^1/2) / 2 + PE
    Total System Jitter     (TSJ):    0.050ns
    Discrete Jitter          (DJ):    0.333ns
    Phase Error              (PE):    0.262ns

    Location             Delay type                Incr(ns)  Path(ns)    Netlist Resource(s)
  -------------------------------------------------------------------    -------------------
                         (clock clk_out1_clk_wiz_0 rise edge)
                                                      0.000     0.000 r  
    Y9                                                0.000     0.000 r  sys_clk (IN)
                         net (fo=0)                   0.000     0.000    clk_wiz_inst/inst/clk_in1
    Y9                   IBUF (Prop_ibuf_I_O)         1.490     1.490 r  clk_wiz_inst/inst/clkin1_ibufg/O
                         net (fo=1, routed)           1.306     2.796    clk_wiz_inst/inst/clk_in1_clk_wiz_0
    PLLE2_ADV_X0Y0       PLLE2_ADV (Prop_plle2_adv_CLKIN1_CLKOUT0)
                                                     -8.866    -6.070 r  clk_wiz_inst/inst/plle2_adv_inst/CLKOUT0
                         net (fo=1, routed)           1.849    -4.221    clk_wiz_inst/inst/clk_out1_clk_wiz_0
    BUFGCTRL_X0Y0        BUFG (Prop_bufg_I_O)         0.101    -4.120 r  clk_wiz_inst/inst/clkout1_buf/O
                         net (fo=291, routed)         1.789    -2.331    lcd_clk_OBUF
    SLICE_X100Y50        FDCE                                         r  cnt_v_reg[2]/C
  -------------------------------------------------------------------    -------------------
    SLICE_X100Y50        FDCE (Prop_fdce_C_Q)         0.518    -1.813 r  cnt_v_reg[2]/Q
                         net (fo=63, routed)          1.026    -0.787    cnt_v_reg_n_0_[2]
    SLICE_X100Y49        LUT5 (Prop_lut5_I1_O)        0.152    -0.635 r  vsync_OBUF_inst_i_2/O
                         net (fo=10, routed)          0.537    -0.098    vsync_OBUF_inst_i_2_n_0
    SLICE_X101Y48        LUT6 (Prop_lut6_I3_O)        0.348     0.250 f  lcd_de_OBUF_inst_i_2/O
                         net (fo=15, routed)          1.291     1.542    lcd_de_OBUF_inst_i_2_n_0
    SLICE_X107Y47        LUT6 (Prop_lut6_I0_O)        0.124     1.666 r  lcd_de_OBUF_inst_i_1/O
                         net (fo=7, routed)           1.081     2.747    lcd_de_OBUF
    SLICE_X104Y50        LUT2 (Prop_lut2_I1_O)        0.124     2.871 r  rgb_lcd_OBUF[6]_inst_i_1/O
                         net (fo=7, routed)           5.388     8.259    rgb_lcd_OBUF[0]
    G16                  OBUF (Prop_obuf_I_O)         3.519    11.778 r  rgb_lcd_OBUF[2]_inst/O
                         net (fo=0)                   0.000    11.778    rgb_lcd[2]
    G16                                                               r  rgb_lcd[2] (OUT)
  -------------------------------------------------------------------    -------------------

Slack:                    inf
  Source:                 cnt_v_reg[2]/C
                            (rising edge-triggered cell FDCE clocked by clk_out1_clk_wiz_0  {rise@0.000ns fall@15.152ns period=30.303ns})
  Destination:            rgb_lcd[0]
                            (output port)
  Path Group:             (none)
  Path Type:              Max at Slow Process Corner
  Data Path Delay:        13.930ns  (logic 4.757ns (34.149%)  route 9.173ns (65.851%))
  Logic Levels:           5  (LUT2=1 LUT5=1 LUT6=2 OBUF=1)
  Clock Uncertainty:      0.430ns  ((TSJ^2 + DJ^2)^1/2) / 2 + PE
    Total System Jitter     (TSJ):    0.050ns
    Discrete Jitter          (DJ):    0.333ns
    Phase Error              (PE):    0.262ns

    Location             Delay type                Incr(ns)  Path(ns)    Netlist Resource(s)
  -------------------------------------------------------------------    -------------------
                         (clock clk_out1_clk_wiz_0 rise edge)
                                                      0.000     0.000 r  
    Y9                                                0.000     0.000 r  sys_clk (IN)
                         net (fo=0)                   0.000     0.000    clk_wiz_inst/inst/clk_in1
    Y9                   IBUF (Prop_ibuf_I_O)         1.490     1.490 r  clk_wiz_inst/inst/clkin1_ibufg/O
                         net (fo=1, routed)           1.306     2.796    clk_wiz_inst/inst/clk_in1_clk_wiz_0
    PLLE2_ADV_X0Y0       PLLE2_ADV (Prop_plle2_adv_CLKIN1_CLKOUT0)
                                                     -8.866    -6.070 r  clk_wiz_inst/inst/plle2_adv_inst/CLKOUT0
                         net (fo=1, routed)           1.849    -4.221    clk_wiz_inst/inst/clk_out1_clk_wiz_0
    BUFGCTRL_X0Y0        BUFG (Prop_bufg_I_O)         0.101    -4.120 r  clk_wiz_inst/inst/clkout1_buf/O
                         net (fo=291, routed)         1.789    -2.331    lcd_clk_OBUF
    SLICE_X100Y50        FDCE                                         r  cnt_v_reg[2]/C
  -------------------------------------------------------------------    -------------------
    SLICE_X100Y50        FDCE (Prop_fdce_C_Q)         0.518    -1.813 r  cnt_v_reg[2]/Q
                         net (fo=63, routed)          1.026    -0.787    cnt_v_reg_n_0_[2]
    SLICE_X100Y49        LUT5 (Prop_lut5_I1_O)        0.152    -0.635 r  vsync_OBUF_inst_i_2/O
                         net (fo=10, routed)          0.537    -0.098    vsync_OBUF_inst_i_2_n_0
    SLICE_X101Y48        LUT6 (Prop_lut6_I3_O)        0.348     0.250 f  lcd_de_OBUF_inst_i_2/O
                         net (fo=15, routed)          1.291     1.542    lcd_de_OBUF_inst_i_2_n_0
    SLICE_X107Y47        LUT6 (Prop_lut6_I0_O)        0.124     1.666 r  lcd_de_OBUF_inst_i_1/O
                         net (fo=7, routed)           1.081     2.747    lcd_de_OBUF
    SLICE_X104Y50        LUT2 (Prop_lut2_I1_O)        0.124     2.871 r  rgb_lcd_OBUF[6]_inst_i_1/O
                         net (fo=7, routed)           5.237     8.108    rgb_lcd_OBUF[0]
    F18                  OBUF (Prop_obuf_I_O)         3.491    11.599 r  rgb_lcd_OBUF[0]_inst/O
                         net (fo=0)                   0.000    11.599    rgb_lcd[0]
    F18                                                               r  rgb_lcd[0] (OUT)
  -------------------------------------------------------------------    -------------------

Slack:                    inf
  Source:                 cnt_v_reg[2]/C
                            (rising edge-triggered cell FDCE clocked by clk_out1_clk_wiz_0  {rise@0.000ns fall@15.152ns period=30.303ns})
  Destination:            rgb_lcd[10]
                            (output port)
  Path Group:             (none)
  Path Type:              Max at Slow Process Corner
  Data Path Delay:        13.870ns  (logic 5.032ns (36.281%)  route 8.838ns (63.719%))
  Logic Levels:           5  (LUT2=1 LUT5=1 LUT6=2 OBUF=1)
  Clock Uncertainty:      0.430ns  ((TSJ^2 + DJ^2)^1/2) / 2 + PE
    Total System Jitter     (TSJ):    0.050ns
    Discrete Jitter          (DJ):    0.333ns
    Phase Error              (PE):    0.262ns

    Location             Delay type                Incr(ns)  Path(ns)    Netlist Resource(s)
  -------------------------------------------------------------------    -------------------
                         (clock clk_out1_clk_wiz_0 rise edge)
                                                      0.000     0.000 r  
    Y9                                                0.000     0.000 r  sys_clk (IN)
                         net (fo=0)                   0.000     0.000    clk_wiz_inst/inst/clk_in1
    Y9                   IBUF (Prop_ibuf_I_O)         1.490     1.490 r  clk_wiz_inst/inst/clkin1_ibufg/O
                         net (fo=1, routed)           1.306     2.796    clk_wiz_inst/inst/clk_in1_clk_wiz_0
    PLLE2_ADV_X0Y0       PLLE2_ADV (Prop_plle2_adv_CLKIN1_CLKOUT0)
                                                     -8.866    -6.070 r  clk_wiz_inst/inst/plle2_adv_inst/CLKOUT0
                         net (fo=1, routed)           1.849    -4.221    clk_wiz_inst/inst/clk_out1_clk_wiz_0
    BUFGCTRL_X0Y0        BUFG (Prop_bufg_I_O)         0.101    -4.120 r  clk_wiz_inst/inst/clkout1_buf/O
                         net (fo=291, routed)         1.789    -2.331    lcd_clk_OBUF
    SLICE_X100Y50        FDCE                                         r  cnt_v_reg[2]/C
  -------------------------------------------------------------------    -------------------
    SLICE_X100Y50        FDCE (Prop_fdce_C_Q)         0.518    -1.813 r  cnt_v_reg[2]/Q
                         net (fo=63, routed)          1.026    -0.787    cnt_v_reg_n_0_[2]
    SLICE_X100Y49        LUT5 (Prop_lut5_I1_O)        0.152    -0.635 r  vsync_OBUF_inst_i_2/O
                         net (fo=10, routed)          0.537    -0.098    vsync_OBUF_inst_i_2_n_0
    SLICE_X101Y48        LUT6 (Prop_lut6_I3_O)        0.348     0.250 f  lcd_de_OBUF_inst_i_2/O
                         net (fo=15, routed)          1.291     1.542    lcd_de_OBUF_inst_i_2_n_0
    SLICE_X107Y47        LUT6 (Prop_lut6_I0_O)        0.124     1.666 r  lcd_de_OBUF_inst_i_1/O
                         net (fo=7, routed)           1.126     2.792    lcd_de_OBUF
    SLICE_X103Y50        LUT2 (Prop_lut2_I1_O)        0.149     2.941 r  rgb_lcd_OBUF[14]_inst_i_1/O
                         net (fo=7, routed)           4.858     7.798    rgb_lcd_OBUF[8]
    A18                  OBUF (Prop_obuf_I_O)         3.741    11.539 r  rgb_lcd_OBUF[10]_inst/O
                         net (fo=0)                   0.000    11.539    rgb_lcd[10]
    A18                                                               r  rgb_lcd[10] (OUT)
  -------------------------------------------------------------------    -------------------

Slack:                    inf
  Source:                 cnt_v_reg[2]/C
                            (rising edge-triggered cell FDCE clocked by clk_out1_clk_wiz_0  {rise@0.000ns fall@15.152ns period=30.303ns})
  Destination:            rgb_lcd[8]
                            (output port)
  Path Group:             (none)
  Path Type:              Max at Slow Process Corner
  Data Path Delay:        13.720ns  (logic 5.033ns (36.685%)  route 8.687ns (63.315%))
  Logic Levels:           5  (LUT2=1 LUT5=1 LUT6=2 OBUF=1)
  Clock Uncertainty:      0.430ns  ((TSJ^2 + DJ^2)^1/2) / 2 + PE
    Total System Jitter     (TSJ):    0.050ns
    Discrete Jitter          (DJ):    0.333ns
    Phase Error              (PE):    0.262ns

    Location             Delay type                Incr(ns)  Path(ns)    Netlist Resource(s)
  -------------------------------------------------------------------    -------------------
                         (clock clk_out1_clk_wiz_0 rise edge)
                                                      0.000     0.000 r  
    Y9                                                0.000     0.000 r  sys_clk (IN)
                         net (fo=0)                   0.000     0.000    clk_wiz_inst/inst/clk_in1
    Y9                   IBUF (Prop_ibuf_I_O)         1.490     1.490 r  clk_wiz_inst/inst/clkin1_ibufg/O
                         net (fo=1, routed)           1.306     2.796    clk_wiz_inst/inst/clk_in1_clk_wiz_0
    PLLE2_ADV_X0Y0       PLLE2_ADV (Prop_plle2_adv_CLKIN1_CLKOUT0)
                                                     -8.866    -6.070 r  clk_wiz_inst/inst/plle2_adv_inst/CLKOUT0
                         net (fo=1, routed)           1.849    -4.221    clk_wiz_inst/inst/clk_out1_clk_wiz_0
    BUFGCTRL_X0Y0        BUFG (Prop_bufg_I_O)         0.101    -4.120 r  clk_wiz_inst/inst/clkout1_buf/O
                         net (fo=291, routed)         1.789    -2.331    lcd_clk_OBUF
    SLICE_X100Y50        FDCE                                         r  cnt_v_reg[2]/C
  -------------------------------------------------------------------    -------------------
    SLICE_X100Y50        FDCE (Prop_fdce_C_Q)         0.518    -1.813 r  cnt_v_reg[2]/Q
                         net (fo=63, routed)          1.026    -0.787    cnt_v_reg_n_0_[2]
    SLICE_X100Y49        LUT5 (Prop_lut5_I1_O)        0.152    -0.635 r  vsync_OBUF_inst_i_2/O
                         net (fo=10, routed)          0.537    -0.098    vsync_OBUF_inst_i_2_n_0
    SLICE_X101Y48        LUT6 (Prop_lut6_I3_O)        0.348     0.250 f  lcd_de_OBUF_inst_i_2/O
                         net (fo=15, routed)          1.291     1.542    lcd_de_OBUF_inst_i_2_n_0
    SLICE_X107Y47        LUT6 (Prop_lut6_I0_O)        0.124     1.666 r  lcd_de_OBUF_inst_i_1/O
                         net (fo=7, routed)           1.126     2.792    lcd_de_OBUF
    SLICE_X103Y50        LUT2 (Prop_lut2_I1_O)        0.149     2.941 r  rgb_lcd_OBUF[14]_inst_i_1/O
                         net (fo=7, routed)           4.707     7.647    rgb_lcd_OBUF[8]
    A19                  OBUF (Prop_obuf_I_O)         3.742    11.389 r  rgb_lcd_OBUF[8]_inst/O
                         net (fo=0)                   0.000    11.389    rgb_lcd[8]
    A19                                                               r  rgb_lcd[8] (OUT)
  -------------------------------------------------------------------    -------------------

Slack:                    inf
  Source:                 cnt_v_reg[2]/C
                            (rising edge-triggered cell FDCE clocked by clk_out1_clk_wiz_0  {rise@0.000ns fall@15.152ns period=30.303ns})
  Destination:            rgb_lcd[17]
                            (output port)
  Path Group:             (none)
  Path Type:              Max at Slow Process Corner
  Data Path Delay:        13.534ns  (logic 4.803ns (35.488%)  route 8.731ns (64.512%))
  Logic Levels:           5  (LUT2=1 LUT5=1 LUT6=2 OBUF=1)
  Clock Uncertainty:      0.430ns  ((TSJ^2 + DJ^2)^1/2) / 2 + PE
    Total System Jitter     (TSJ):    0.050ns
    Discrete Jitter          (DJ):    0.333ns
    Phase Error              (PE):    0.262ns

    Location             Delay type                Incr(ns)  Path(ns)    Netlist Resource(s)
  -------------------------------------------------------------------    -------------------
                         (clock clk_out1_clk_wiz_0 rise edge)
                                                      0.000     0.000 r  
    Y9                                                0.000     0.000 r  sys_clk (IN)
                         net (fo=0)                   0.000     0.000    clk_wiz_inst/inst/clk_in1
    Y9                   IBUF (Prop_ibuf_I_O)         1.490     1.490 r  clk_wiz_inst/inst/clkin1_ibufg/O
                         net (fo=1, routed)           1.306     2.796    clk_wiz_inst/inst/clk_in1_clk_wiz_0
    PLLE2_ADV_X0Y0       PLLE2_ADV (Prop_plle2_adv_CLKIN1_CLKOUT0)
                                                     -8.866    -6.070 r  clk_wiz_inst/inst/plle2_adv_inst/CLKOUT0
                         net (fo=1, routed)           1.849    -4.221    clk_wiz_inst/inst/clk_out1_clk_wiz_0
    BUFGCTRL_X0Y0        BUFG (Prop_bufg_I_O)         0.101    -4.120 r  clk_wiz_inst/inst/clkout1_buf/O
                         net (fo=291, routed)         1.789    -2.331    lcd_clk_OBUF
    SLICE_X100Y50        FDCE                                         r  cnt_v_reg[2]/C
  -------------------------------------------------------------------    -------------------
    SLICE_X100Y50        FDCE (Prop_fdce_C_Q)         0.518    -1.813 r  cnt_v_reg[2]/Q
                         net (fo=63, routed)          1.026    -0.787    cnt_v_reg_n_0_[2]
    SLICE_X100Y49        LUT5 (Prop_lut5_I1_O)        0.152    -0.635 r  vsync_OBUF_inst_i_2/O
                         net (fo=10, routed)          0.537    -0.098    vsync_OBUF_inst_i_2_n_0
    SLICE_X101Y48        LUT6 (Prop_lut6_I3_O)        0.348     0.250 f  lcd_de_OBUF_inst_i_2/O
                         net (fo=15, routed)          1.291     1.542    lcd_de_OBUF_inst_i_2_n_0
    SLICE_X107Y47        LUT6 (Prop_lut6_I0_O)        0.124     1.666 r  lcd_de_OBUF_inst_i_1/O
                         net (fo=7, routed)           1.084     2.750    lcd_de_OBUF
    SLICE_X104Y50        LUT2 (Prop_lut2_I1_O)        0.124     2.874 r  rgb_lcd_OBUF[22]_inst_i_1/O
                         net (fo=7, routed)           4.792     7.666    rgb_lcd_OBUF[16]
    B16                  OBUF (Prop_obuf_I_O)         3.537    11.203 r  rgb_lcd_OBUF[17]_inst/O
                         net (fo=0)                   0.000    11.203    rgb_lcd[17]
    B16                                                               r  rgb_lcd[17] (OUT)
  -------------------------------------------------------------------    -------------------

Slack:                    inf
  Source:                 cnt_v_reg[2]/C
                            (rising edge-triggered cell FDCE clocked by clk_out1_clk_wiz_0  {rise@0.000ns fall@15.152ns period=30.303ns})
  Destination:            rgb_lcd[11]
                            (output port)
  Path Group:             (none)
  Path Type:              Max at Slow Process Corner
  Data Path Delay:        13.448ns  (logic 5.039ns (37.467%)  route 8.410ns (62.533%))
  Logic Levels:           5  (LUT2=1 LUT5=1 LUT6=2 OBUF=1)
  Clock Uncertainty:      0.430ns  ((TSJ^2 + DJ^2)^1/2) / 2 + PE
    Total System Jitter     (TSJ):    0.050ns
    Discrete Jitter          (DJ):    0.333ns
    Phase Error              (PE):    0.262ns

    Location             Delay type                Incr(ns)  Path(ns)    Netlist Resource(s)
  -------------------------------------------------------------------    -------------------
                         (clock clk_out1_clk_wiz_0 rise edge)
                                                      0.000     0.000 r  
    Y9                                                0.000     0.000 r  sys_clk (IN)
                         net (fo=0)                   0.000     0.000    clk_wiz_inst/inst/clk_in1
    Y9                   IBUF (Prop_ibuf_I_O)         1.490     1.490 r  clk_wiz_inst/inst/clkin1_ibufg/O
                         net (fo=1, routed)           1.306     2.796    clk_wiz_inst/inst/clk_in1_clk_wiz_0
    PLLE2_ADV_X0Y0       PLLE2_ADV (Prop_plle2_adv_CLKIN1_CLKOUT0)
                                                     -8.866    -6.070 r  clk_wiz_inst/inst/plle2_adv_inst/CLKOUT0
                         net (fo=1, routed)           1.849    -4.221    clk_wiz_inst/inst/clk_out1_clk_wiz_0
    BUFGCTRL_X0Y0        BUFG (Prop_bufg_I_O)         0.101    -4.120 r  clk_wiz_inst/inst/clkout1_buf/O
                         net (fo=291, routed)         1.789    -2.331    lcd_clk_OBUF
    SLICE_X100Y50        FDCE                                         r  cnt_v_reg[2]/C
  -------------------------------------------------------------------    -------------------
    SLICE_X100Y50        FDCE (Prop_fdce_C_Q)         0.518    -1.813 r  cnt_v_reg[2]/Q
                         net (fo=63, routed)          1.026    -0.787    cnt_v_reg_n_0_[2]
    SLICE_X100Y49        LUT5 (Prop_lut5_I1_O)        0.152    -0.635 r  vsync_OBUF_inst_i_2/O
                         net (fo=10, routed)          0.537    -0.098    vsync_OBUF_inst_i_2_n_0
    SLICE_X101Y48        LUT6 (Prop_lut6_I3_O)        0.348     0.250 f  lcd_de_OBUF_inst_i_2/O
                         net (fo=15, routed)          1.291     1.542    lcd_de_OBUF_inst_i_2_n_0
    SLICE_X107Y47        LUT6 (Prop_lut6_I0_O)        0.124     1.666 r  lcd_de_OBUF_inst_i_1/O
                         net (fo=7, routed)           1.126     2.792    lcd_de_OBUF
    SLICE_X103Y50        LUT2 (Prop_lut2_I1_O)        0.149     2.941 r  rgb_lcd_OBUF[14]_inst_i_1/O
                         net (fo=7, routed)           4.430     7.370    rgb_lcd_OBUF[8]
    D22                  OBUF (Prop_obuf_I_O)         3.748    11.118 r  rgb_lcd_OBUF[11]_inst/O
                         net (fo=0)                   0.000    11.118    rgb_lcd[11]
    D22                                                               r  rgb_lcd[11] (OUT)
  -------------------------------------------------------------------    -------------------

Slack:                    inf
  Source:                 cnt_v_reg[2]/C
                            (rising edge-triggered cell FDCE clocked by clk_out1_clk_wiz_0  {rise@0.000ns fall@15.152ns period=30.303ns})
  Destination:            rgb_lcd[16]
                            (output port)
  Path Group:             (none)
  Path Type:              Max at Slow Process Corner
  Data Path Delay:        13.394ns  (logic 4.804ns (35.868%)  route 8.590ns (64.132%))
  Logic Levels:           5  (LUT2=1 LUT5=1 LUT6=2 OBUF=1)
  Clock Uncertainty:      0.430ns  ((TSJ^2 + DJ^2)^1/2) / 2 + PE
    Total System Jitter     (TSJ):    0.050ns
    Discrete Jitter          (DJ):    0.333ns
    Phase Error              (PE):    0.262ns

    Location             Delay type                Incr(ns)  Path(ns)    Netlist Resource(s)
  -------------------------------------------------------------------    -------------------
                         (clock clk_out1_clk_wiz_0 rise edge)
                                                      0.000     0.000 r  
    Y9                                                0.000     0.000 r  sys_clk (IN)
                         net (fo=0)                   0.000     0.000    clk_wiz_inst/inst/clk_in1
    Y9                   IBUF (Prop_ibuf_I_O)         1.490     1.490 r  clk_wiz_inst/inst/clkin1_ibufg/O
                         net (fo=1, routed)           1.306     2.796    clk_wiz_inst/inst/clk_in1_clk_wiz_0
    PLLE2_ADV_X0Y0       PLLE2_ADV (Prop_plle2_adv_CLKIN1_CLKOUT0)
                                                     -8.866    -6.070 r  clk_wiz_inst/inst/plle2_adv_inst/CLKOUT0
                         net (fo=1, routed)           1.849    -4.221    clk_wiz_inst/inst/clk_out1_clk_wiz_0
    BUFGCTRL_X0Y0        BUFG (Prop_bufg_I_O)         0.101    -4.120 r  clk_wiz_inst/inst/clkout1_buf/O
                         net (fo=291, routed)         1.789    -2.331    lcd_clk_OBUF
    SLICE_X100Y50        FDCE                                         r  cnt_v_reg[2]/C
  -------------------------------------------------------------------    -------------------
    SLICE_X100Y50        FDCE (Prop_fdce_C_Q)         0.518    -1.813 r  cnt_v_reg[2]/Q
                         net (fo=63, routed)          1.026    -0.787    cnt_v_reg_n_0_[2]
    SLICE_X100Y49        LUT5 (Prop_lut5_I1_O)        0.152    -0.635 r  vsync_OBUF_inst_i_2/O
                         net (fo=10, routed)          0.537    -0.098    vsync_OBUF_inst_i_2_n_0
    SLICE_X101Y48        LUT6 (Prop_lut6_I3_O)        0.348     0.250 f  lcd_de_OBUF_inst_i_2/O
                         net (fo=15, routed)          1.291     1.542    lcd_de_OBUF_inst_i_2_n_0
    SLICE_X107Y47        LUT6 (Prop_lut6_I0_O)        0.124     1.666 r  lcd_de_OBUF_inst_i_1/O
                         net (fo=7, routed)           1.084     2.750    lcd_de_OBUF
    SLICE_X104Y50        LUT2 (Prop_lut2_I1_O)        0.124     2.874 r  rgb_lcd_OBUF[22]_inst_i_1/O
                         net (fo=7, routed)           4.651     7.525    rgb_lcd_OBUF[16]
    B17                  OBUF (Prop_obuf_I_O)         3.538    11.064 r  rgb_lcd_OBUF[16]_inst/O
                         net (fo=0)                   0.000    11.064    rgb_lcd[16]
    B17                                                               r  rgb_lcd[16] (OUT)
  -------------------------------------------------------------------    -------------------





Min Delay Paths
--------------------------------------------------------------------------------------
Slack:                    inf
  Source:                 clk_wiz_inst/inst/plle2_adv_inst/CLKOUT0
                            (clock source 'clk_out1_clk_wiz_0'  {rise@0.000ns fall@15.152ns period=30.303ns})
  Destination:            lcd_clk
                            (output port)
  Path Group:             (none)
  Path Type:              Min at Fast Process Corner
  Data Path Delay:        2.542ns  (logic 1.229ns (48.334%)  route 1.313ns (51.666%))
  Logic Levels:           2  (BUFG=1 OBUF=1)
  Clock Uncertainty:      0.430ns  ((TSJ^2 + DJ^2)^1/2) / 2 + PE
    Total System Jitter     (TSJ):    0.050ns
    Discrete Jitter          (DJ):    0.333ns
    Phase Error              (PE):    0.262ns

    Location             Delay type                Incr(ns)  Path(ns)    Netlist Resource(s)
  -------------------------------------------------------------------    -------------------
                         (clock clk_out1_clk_wiz_0 rise edge)
                                                      0.000     0.000 r  
    Y9                                                0.000     0.000 r  sys_clk (IN)
                         net (fo=0)                   0.000     0.000    clk_wiz_inst/inst/clk_in1
    Y9                   IBUF (Prop_ibuf_I_O)         0.258     0.258 r  clk_wiz_inst/inst/clkin1_ibufg/O
                         net (fo=1, routed)           0.440     0.698    clk_wiz_inst/inst/clk_in1_clk_wiz_0
  -------------------------------------------------------------------    -------------------
    PLLE2_ADV_X0Y0       PLLE2_ADV (Prop_plle2_adv_CLKIN1_CLKOUT0)
                                                     -2.384    -1.685 r  clk_wiz_inst/inst/plle2_adv_inst/CLKOUT0
                         net (fo=1, routed)           0.533    -1.152    clk_wiz_inst/inst/clk_out1_clk_wiz_0
    BUFGCTRL_X0Y0        BUFG (Prop_bufg_I_O)         0.026    -1.126 r  clk_wiz_inst/inst/clkout1_buf/O
                         net (fo=291, routed)         0.780    -0.346    lcd_clk_OBUF
    L18                  OBUF (Prop_obuf_I_O)         1.203     0.857 r  lcd_clk_OBUF_inst/O
                         net (fo=0)                   0.000     0.857    lcd_clk
    L18                                                               r  lcd_clk (OUT)
  -------------------------------------------------------------------    -------------------

Slack:                    inf
  Source:                 cnt_v_reg[6]/C
                            (rising edge-triggered cell FDCE clocked by clk_out1_clk_wiz_0  {rise@0.000ns fall@15.152ns period=30.303ns})
  Destination:            vsync
                            (output port)
  Path Group:             (none)
  Path Type:              Min at Fast Process Corner
  Data Path Delay:        2.786ns  (logic 1.412ns (50.684%)  route 1.374ns (49.316%))
  Logic Levels:           2  (LUT6=1 OBUF=1)
  Clock Uncertainty:      0.430ns  ((TSJ^2 + DJ^2)^1/2) / 2 + PE
    Total System Jitter     (TSJ):    0.050ns
    Discrete Jitter          (DJ):    0.333ns
    Phase Error              (PE):    0.262ns

    Location             Delay type                Incr(ns)  Path(ns)    Netlist Resource(s)
  -------------------------------------------------------------------    -------------------
                         (clock clk_out1_clk_wiz_0 rise edge)
                                                      0.000     0.000 r  
    Y9                                                0.000     0.000 r  sys_clk (IN)
                         net (fo=0)                   0.000     0.000    clk_wiz_inst/inst/clk_in1
    Y9                   IBUF (Prop_ibuf_I_O)         0.258     0.258 r  clk_wiz_inst/inst/clkin1_ibufg/O
                         net (fo=1, routed)           0.440     0.698    clk_wiz_inst/inst/clk_in1_clk_wiz_0
    PLLE2_ADV_X0Y0       PLLE2_ADV (Prop_plle2_adv_CLKIN1_CLKOUT0)
                                                     -2.384    -1.685 r  clk_wiz_inst/inst/plle2_adv_inst/CLKOUT0
                         net (fo=1, routed)           0.533    -1.152    clk_wiz_inst/inst/clk_out1_clk_wiz_0
    BUFGCTRL_X0Y0        BUFG (Prop_bufg_I_O)         0.026    -1.126 r  clk_wiz_inst/inst/clkout1_buf/O
                         net (fo=291, routed)         0.611    -0.516    lcd_clk_OBUF
    SLICE_X100Y50        FDCE                                         r  cnt_v_reg[6]/C
  -------------------------------------------------------------------    -------------------
    SLICE_X100Y50        FDCE (Prop_fdce_C_Q)         0.164    -0.352 f  cnt_v_reg[6]/Q
                         net (fo=16, routed)          0.206    -0.146    cnt_v_reg_n_0_[6]
    SLICE_X101Y50        LUT6 (Prop_lut6_I1_O)        0.045    -0.101 r  vsync_OBUF_inst_i_1/O
                         net (fo=1, routed)           1.168     1.067    vsync_OBUF
    J17                  OBUF (Prop_obuf_I_O)         1.203     2.270 r  vsync_OBUF_inst/O
                         net (fo=0)                   0.000     2.270    vsync
    J17                                                               r  vsync (OUT)
  -------------------------------------------------------------------    -------------------

Slack:                    inf
  Source:                 cnt_h_reg[10]/C
                            (rising edge-triggered cell FDCE clocked by clk_out1_clk_wiz_0  {rise@0.000ns fall@15.152ns period=30.303ns})
  Destination:            hsync
                            (output port)
  Path Group:             (none)
  Path Type:              Min at Fast Process Corner
  Data Path Delay:        2.857ns  (logic 1.458ns (51.041%)  route 1.399ns (48.959%))
  Logic Levels:           2  (LUT5=1 OBUF=1)
  Clock Uncertainty:      0.430ns  ((TSJ^2 + DJ^2)^1/2) / 2 + PE
    Total System Jitter     (TSJ):    0.050ns
    Discrete Jitter          (DJ):    0.333ns
    Phase Error              (PE):    0.262ns

    Location             Delay type                Incr(ns)  Path(ns)    Netlist Resource(s)
  -------------------------------------------------------------------    -------------------
                         (clock clk_out1_clk_wiz_0 rise edge)
                                                      0.000     0.000 r  
    Y9                                                0.000     0.000 r  sys_clk (IN)
                         net (fo=0)                   0.000     0.000    clk_wiz_inst/inst/clk_in1
    Y9                   IBUF (Prop_ibuf_I_O)         0.258     0.258 r  clk_wiz_inst/inst/clkin1_ibufg/O
                         net (fo=1, routed)           0.440     0.698    clk_wiz_inst/inst/clk_in1_clk_wiz_0
    PLLE2_ADV_X0Y0       PLLE2_ADV (Prop_plle2_adv_CLKIN1_CLKOUT0)
                                                     -2.384    -1.685 r  clk_wiz_inst/inst/plle2_adv_inst/CLKOUT0
                         net (fo=1, routed)           0.533    -1.152    clk_wiz_inst/inst/clk_out1_clk_wiz_0
    BUFGCTRL_X0Y0        BUFG (Prop_bufg_I_O)         0.026    -1.126 r  clk_wiz_inst/inst/clkout1_buf/O
                         net (fo=291, routed)         0.640    -0.487    lcd_clk_OBUF
    SLICE_X108Y47        FDCE                                         r  cnt_h_reg[10]/C
  -------------------------------------------------------------------    -------------------
    SLICE_X108Y47        FDCE (Prop_fdce_C_Q)         0.164    -0.323 f  cnt_h_reg[10]/Q
                         net (fo=4, routed)           0.301    -0.022    cnt_h_reg_n_0_[10]
    SLICE_X107Y47        LUT5 (Prop_lut5_I3_O)        0.045     0.023 r  hsync_OBUF_inst_i_1/O
                         net (fo=2, routed)           1.098     1.121    hsync_OBUF
    J16                  OBUF (Prop_obuf_I_O)         1.249     2.371 r  hsync_OBUF_inst/O
                         net (fo=0)                   0.000     2.371    hsync
    J16                                                               r  hsync (OUT)
  -------------------------------------------------------------------    -------------------

Slack:                    inf
  Source:                 pix_data_reg[14]/C
                            (rising edge-triggered cell FDRE clocked by clk_out1_clk_wiz_0  {rise@0.000ns fall@15.152ns period=30.303ns})
  Destination:            rgb_lcd[13]
                            (output port)
  Path Group:             (none)
  Path Type:              Min at Fast Process Corner
  Data Path Delay:        2.944ns  (logic 1.515ns (51.463%)  route 1.429ns (48.537%))
  Logic Levels:           2  (LUT2=1 OBUF=1)
  Clock Uncertainty:      0.430ns  ((TSJ^2 + DJ^2)^1/2) / 2 + PE
    Total System Jitter     (TSJ):    0.050ns
    Discrete Jitter          (DJ):    0.333ns
    Phase Error              (PE):    0.262ns

    Location             Delay type                Incr(ns)  Path(ns)    Netlist Resource(s)
  -------------------------------------------------------------------    -------------------
                         (clock clk_out1_clk_wiz_0 rise edge)
                                                      0.000     0.000 r  
    Y9                                                0.000     0.000 r  sys_clk (IN)
                         net (fo=0)                   0.000     0.000    clk_wiz_inst/inst/clk_in1
    Y9                   IBUF (Prop_ibuf_I_O)         0.258     0.258 r  clk_wiz_inst/inst/clkin1_ibufg/O
                         net (fo=1, routed)           0.440     0.698    clk_wiz_inst/inst/clk_in1_clk_wiz_0
    PLLE2_ADV_X0Y0       PLLE2_ADV (Prop_plle2_adv_CLKIN1_CLKOUT0)
                                                     -2.384    -1.685 r  clk_wiz_inst/inst/plle2_adv_inst/CLKOUT0
                         net (fo=1, routed)           0.533    -1.152    clk_wiz_inst/inst/clk_out1_clk_wiz_0
    BUFGCTRL_X0Y0        BUFG (Prop_bufg_I_O)         0.026    -1.126 r  clk_wiz_inst/inst/clkout1_buf/O
                         net (fo=291, routed)         0.611    -0.516    lcd_clk_OBUF
    SLICE_X103Y50        FDRE                                         r  pix_data_reg[14]/C
  -------------------------------------------------------------------    -------------------
    SLICE_X103Y50        FDRE (Prop_fdre_C_Q)         0.141    -0.375 r  pix_data_reg[14]/Q
                         net (fo=1, routed)           0.136    -0.238    pix_data[14]
    SLICE_X103Y50        LUT2 (Prop_lut2_I0_O)        0.049    -0.189 r  rgb_lcd_OBUF[14]_inst_i_1/O
                         net (fo=7, routed)           1.293     1.103    rgb_lcd_OBUF[8]
    E20                  OBUF (Prop_obuf_I_O)         1.325     2.428 r  rgb_lcd_OBUF[13]_inst/O
                         net (fo=0)                   0.000     2.428    rgb_lcd[13]
    E20                                                               r  rgb_lcd[13] (OUT)
  -------------------------------------------------------------------    -------------------

Slack:                    inf
  Source:                 pix_data_reg[6]/C
                            (rising edge-triggered cell FDRE clocked by clk_out1_clk_wiz_0  {rise@0.000ns fall@15.152ns period=30.303ns})
  Destination:            rgb_lcd[5]
                            (output port)
  Path Group:             (none)
  Path Type:              Min at Fast Process Corner
  Data Path Delay:        2.952ns  (logic 1.441ns (48.818%)  route 1.511ns (51.182%))
  Logic Levels:           2  (LUT2=1 OBUF=1)
  Clock Uncertainty:      0.430ns  ((TSJ^2 + DJ^2)^1/2) / 2 + PE
    Total System Jitter     (TSJ):    0.050ns
    Discrete Jitter          (DJ):    0.333ns
    Phase Error              (PE):    0.262ns

    Location             Delay type                Incr(ns)  Path(ns)    Netlist Resource(s)
  -------------------------------------------------------------------    -------------------
                         (clock clk_out1_clk_wiz_0 rise edge)
                                                      0.000     0.000 r  
    Y9                                                0.000     0.000 r  sys_clk (IN)
                         net (fo=0)                   0.000     0.000    clk_wiz_inst/inst/clk_in1
    Y9                   IBUF (Prop_ibuf_I_O)         0.258     0.258 r  clk_wiz_inst/inst/clkin1_ibufg/O
                         net (fo=1, routed)           0.440     0.698    clk_wiz_inst/inst/clk_in1_clk_wiz_0
    PLLE2_ADV_X0Y0       PLLE2_ADV (Prop_plle2_adv_CLKIN1_CLKOUT0)
                                                     -2.384    -1.685 r  clk_wiz_inst/inst/plle2_adv_inst/CLKOUT0
                         net (fo=1, routed)           0.533    -1.152    clk_wiz_inst/inst/clk_out1_clk_wiz_0
    BUFGCTRL_X0Y0        BUFG (Prop_bufg_I_O)         0.026    -1.126 r  clk_wiz_inst/inst/clkout1_buf/O
                         net (fo=291, routed)         0.611    -0.516    lcd_clk_OBUF
    SLICE_X103Y50        FDRE                                         r  pix_data_reg[6]/C
  -------------------------------------------------------------------    -------------------
    SLICE_X103Y50        FDRE (Prop_fdre_C_Q)         0.128    -0.388 r  pix_data_reg[6]/Q
                         net (fo=1, routed)           0.289    -0.099    pix_data[6]
    SLICE_X104Y50        LUT2 (Prop_lut2_I0_O)        0.099     0.000 r  rgb_lcd_OBUF[6]_inst_i_1/O
                         net (fo=7, routed)           1.222     1.223    rgb_lcd_OBUF[0]
    G21                  OBUF (Prop_obuf_I_O)         1.214     2.437 r  rgb_lcd_OBUF[5]_inst/O
                         net (fo=0)                   0.000     2.437    rgb_lcd[5]
    G21                                                               r  rgb_lcd[5] (OUT)
  -------------------------------------------------------------------    -------------------

Slack:                    inf
  Source:                 pix_data_reg[14]/C
                            (rising edge-triggered cell FDRE clocked by clk_out1_clk_wiz_0  {rise@0.000ns fall@15.152ns period=30.303ns})
  Destination:            rgb_lcd[14]
                            (output port)
  Path Group:             (none)
  Path Type:              Min at Fast Process Corner
  Data Path Delay:        2.974ns  (logic 1.474ns (49.567%)  route 1.500ns (50.433%))
  Logic Levels:           2  (LUT2=1 OBUF=1)
  Clock Uncertainty:      0.430ns  ((TSJ^2 + DJ^2)^1/2) / 2 + PE
    Total System Jitter     (TSJ):    0.050ns
    Discrete Jitter          (DJ):    0.333ns
    Phase Error              (PE):    0.262ns

    Location             Delay type                Incr(ns)  Path(ns)    Netlist Resource(s)
  -------------------------------------------------------------------    -------------------
                         (clock clk_out1_clk_wiz_0 rise edge)
                                                      0.000     0.000 r  
    Y9                                                0.000     0.000 r  sys_clk (IN)
                         net (fo=0)                   0.000     0.000    clk_wiz_inst/inst/clk_in1
    Y9                   IBUF (Prop_ibuf_I_O)         0.258     0.258 r  clk_wiz_inst/inst/clkin1_ibufg/O
                         net (fo=1, routed)           0.440     0.698    clk_wiz_inst/inst/clk_in1_clk_wiz_0
    PLLE2_ADV_X0Y0       PLLE2_ADV (Prop_plle2_adv_CLKIN1_CLKOUT0)
                                                     -2.384    -1.685 r  clk_wiz_inst/inst/plle2_adv_inst/CLKOUT0
                         net (fo=1, routed)           0.533    -1.152    clk_wiz_inst/inst/clk_out1_clk_wiz_0
    BUFGCTRL_X0Y0        BUFG (Prop_bufg_I_O)         0.026    -1.126 r  clk_wiz_inst/inst/clkout1_buf/O
                         net (fo=291, routed)         0.611    -0.516    lcd_clk_OBUF
    SLICE_X103Y50        FDRE                                         r  pix_data_reg[14]/C
  -------------------------------------------------------------------    -------------------
    SLICE_X103Y50        FDRE (Prop_fdre_C_Q)         0.141    -0.375 r  pix_data_reg[14]/Q
                         net (fo=1, routed)           0.136    -0.238    pix_data[14]
    SLICE_X103Y50        LUT2 (Prop_lut2_I0_O)        0.049    -0.189 r  rgb_lcd_OBUF[14]_inst_i_1/O
                         net (fo=7, routed)           1.364     1.174    rgb_lcd_OBUF[8]
    F19                  OBUF (Prop_obuf_I_O)         1.284     2.459 r  rgb_lcd_OBUF[14]_inst/O
                         net (fo=0)                   0.000     2.459    rgb_lcd[14]
    F19                                                               r  rgb_lcd[14] (OUT)
  -------------------------------------------------------------------    -------------------

Slack:                    inf
  Source:                 pix_data_reg[6]/C
                            (rising edge-triggered cell FDRE clocked by clk_out1_clk_wiz_0  {rise@0.000ns fall@15.152ns period=30.303ns})
  Destination:            rgb_lcd[6]
                            (output port)
  Path Group:             (none)
  Path Type:              Min at Fast Process Corner
  Data Path Delay:        3.014ns  (logic 1.438ns (47.705%)  route 1.576ns (52.295%))
  Logic Levels:           2  (LUT2=1 OBUF=1)
  Clock Uncertainty:      0.430ns  ((TSJ^2 + DJ^2)^1/2) / 2 + PE
    Total System Jitter     (TSJ):    0.050ns
    Discrete Jitter          (DJ):    0.333ns
    Phase Error              (PE):    0.262ns

    Location             Delay type                Incr(ns)  Path(ns)    Netlist Resource(s)
  -------------------------------------------------------------------    -------------------
                         (clock clk_out1_clk_wiz_0 rise edge)
                                                      0.000     0.000 r  
    Y9                                                0.000     0.000 r  sys_clk (IN)
                         net (fo=0)                   0.000     0.000    clk_wiz_inst/inst/clk_in1
    Y9                   IBUF (Prop_ibuf_I_O)         0.258     0.258 r  clk_wiz_inst/inst/clkin1_ibufg/O
                         net (fo=1, routed)           0.440     0.698    clk_wiz_inst/inst/clk_in1_clk_wiz_0
    PLLE2_ADV_X0Y0       PLLE2_ADV (Prop_plle2_adv_CLKIN1_CLKOUT0)
                                                     -2.384    -1.685 r  clk_wiz_inst/inst/plle2_adv_inst/CLKOUT0
                         net (fo=1, routed)           0.533    -1.152    clk_wiz_inst/inst/clk_out1_clk_wiz_0
    BUFGCTRL_X0Y0        BUFG (Prop_bufg_I_O)         0.026    -1.126 r  clk_wiz_inst/inst/clkout1_buf/O
                         net (fo=291, routed)         0.611    -0.516    lcd_clk_OBUF
    SLICE_X103Y50        FDRE                                         r  pix_data_reg[6]/C
  -------------------------------------------------------------------    -------------------
    SLICE_X103Y50        FDRE (Prop_fdre_C_Q)         0.128    -0.388 r  pix_data_reg[6]/Q
                         net (fo=1, routed)           0.289    -0.099    pix_data[6]
    SLICE_X104Y50        LUT2 (Prop_lut2_I0_O)        0.099     0.000 r  rgb_lcd_OBUF[6]_inst_i_1/O
                         net (fo=7, routed)           1.287     1.287    rgb_lcd_OBUF[0]
    G20                  OBUF (Prop_obuf_I_O)         1.211     2.498 r  rgb_lcd_OBUF[6]_inst/O
                         net (fo=0)                   0.000     2.498    rgb_lcd[6]
    G20                                                               r  rgb_lcd[6] (OUT)
  -------------------------------------------------------------------    -------------------

Slack:                    inf
  Source:                 pix_data_reg[22]/C
                            (rising edge-triggered cell FDRE clocked by clk_out1_clk_wiz_0  {rise@0.000ns fall@15.152ns period=30.303ns})
  Destination:            rgb_lcd[19]
                            (output port)
  Path Group:             (none)
  Path Type:              Min at Fast Process Corner
  Data Path Delay:        3.024ns  (logic 1.413ns (46.722%)  route 1.611ns (53.278%))
  Logic Levels:           2  (LUT2=1 OBUF=1)
  Clock Uncertainty:      0.430ns  ((TSJ^2 + DJ^2)^1/2) / 2 + PE
    Total System Jitter     (TSJ):    0.050ns
    Discrete Jitter          (DJ):    0.333ns
    Phase Error              (PE):    0.262ns

    Location             Delay type                Incr(ns)  Path(ns)    Netlist Resource(s)
  -------------------------------------------------------------------    -------------------
                         (clock clk_out1_clk_wiz_0 rise edge)
                                                      0.000     0.000 r  
    Y9                                                0.000     0.000 r  sys_clk (IN)
                         net (fo=0)                   0.000     0.000    clk_wiz_inst/inst/clk_in1
    Y9                   IBUF (Prop_ibuf_I_O)         0.258     0.258 r  clk_wiz_inst/inst/clkin1_ibufg/O
                         net (fo=1, routed)           0.440     0.698    clk_wiz_inst/inst/clk_in1_clk_wiz_0
    PLLE2_ADV_X0Y0       PLLE2_ADV (Prop_plle2_adv_CLKIN1_CLKOUT0)
                                                     -2.384    -1.685 r  clk_wiz_inst/inst/plle2_adv_inst/CLKOUT0
                         net (fo=1, routed)           0.533    -1.152    clk_wiz_inst/inst/clk_out1_clk_wiz_0
    BUFGCTRL_X0Y0        BUFG (Prop_bufg_I_O)         0.026    -1.126 r  clk_wiz_inst/inst/clkout1_buf/O
                         net (fo=291, routed)         0.611    -0.516    lcd_clk_OBUF
    SLICE_X103Y50        FDRE                                         r  pix_data_reg[22]/C
  -------------------------------------------------------------------    -------------------
    SLICE_X103Y50        FDRE (Prop_fdre_C_Q)         0.141    -0.375 r  pix_data_reg[22]/Q
                         net (fo=1, routed)           0.221    -0.153    pix_data[22]
    SLICE_X104Y50        LUT2 (Prop_lut2_I0_O)        0.045    -0.108 r  rgb_lcd_OBUF[22]_inst_i_1/O
                         net (fo=7, routed)           1.390     1.282    rgb_lcd_OBUF[16]
    C20                  OBUF (Prop_obuf_I_O)         1.227     2.509 r  rgb_lcd_OBUF[19]_inst/O
                         net (fo=0)                   0.000     2.509    rgb_lcd[19]
    C20                                                               r  rgb_lcd[19] (OUT)
  -------------------------------------------------------------------    -------------------

Slack:                    inf
  Source:                 pix_data_reg[15]/C
                            (rising edge-triggered cell FDRE clocked by clk_out1_clk_wiz_0  {rise@0.000ns fall@15.152ns period=30.303ns})
  Destination:            rgb_lcd[15]
                            (output port)
  Path Group:             (none)
  Path Type:              Min at Fast Process Corner
  Data Path Delay:        3.047ns  (logic 1.471ns (48.285%)  route 1.576ns (51.715%))
  Logic Levels:           2  (LUT2=1 OBUF=1)
  Clock Uncertainty:      0.430ns  ((TSJ^2 + DJ^2)^1/2) / 2 + PE
    Total System Jitter     (TSJ):    0.050ns
    Discrete Jitter          (DJ):    0.333ns
    Phase Error              (PE):    0.262ns

    Location             Delay type                Incr(ns)  Path(ns)    Netlist Resource(s)
  -------------------------------------------------------------------    -------------------
                         (clock clk_out1_clk_wiz_0 rise edge)
                                                      0.000     0.000 r  
    Y9                                                0.000     0.000 r  sys_clk (IN)
                         net (fo=0)                   0.000     0.000    clk_wiz_inst/inst/clk_in1
    Y9                   IBUF (Prop_ibuf_I_O)         0.258     0.258 r  clk_wiz_inst/inst/clkin1_ibufg/O
                         net (fo=1, routed)           0.440     0.698    clk_wiz_inst/inst/clk_in1_clk_wiz_0
    PLLE2_ADV_X0Y0       PLLE2_ADV (Prop_plle2_adv_CLKIN1_CLKOUT0)
                                                     -2.384    -1.685 r  clk_wiz_inst/inst/plle2_adv_inst/CLKOUT0
                         net (fo=1, routed)           0.533    -1.152    clk_wiz_inst/inst/clk_out1_clk_wiz_0
    BUFGCTRL_X0Y0        BUFG (Prop_bufg_I_O)         0.026    -1.126 r  clk_wiz_inst/inst/clkout1_buf/O
                         net (fo=291, routed)         0.611    -0.516    lcd_clk_OBUF
    SLICE_X102Y50        FDRE                                         r  pix_data_reg[15]/C
  -------------------------------------------------------------------    -------------------
    SLICE_X102Y50        FDRE (Prop_fdre_C_Q)         0.164    -0.352 r  pix_data_reg[15]/Q
                         net (fo=1, routed)           0.223    -0.128    pix_data[15]
    SLICE_X103Y50        LUT2 (Prop_lut2_I0_O)        0.045    -0.083 r  rgb_lcd_OBUF[15]_inst_i_1/O
                         net (fo=1, routed)           1.353     1.269    rgb_lcd_OBUF[15]
    E19                  OBUF (Prop_obuf_I_O)         1.262     2.531 r  rgb_lcd_OBUF[15]_inst/O
                         net (fo=0)                   0.000     2.531    rgb_lcd[15]
    E19                                                               r  rgb_lcd[15] (OUT)
  -------------------------------------------------------------------    -------------------

Slack:                    inf
  Source:                 pix_data_reg[6]/C
                            (rising edge-triggered cell FDRE clocked by clk_out1_clk_wiz_0  {rise@0.000ns fall@15.152ns period=30.303ns})
  Destination:            rgb_lcd[1]
                            (output port)
  Path Group:             (none)
  Path Type:              Min at Fast Process Corner
  Data Path Delay:        3.135ns  (logic 1.427ns (45.532%)  route 1.707ns (54.468%))
  Logic Levels:           2  (LUT2=1 OBUF=1)
  Clock Uncertainty:      0.430ns  ((TSJ^2 + DJ^2)^1/2) / 2 + PE
    Total System Jitter     (TSJ):    0.050ns
    Discrete Jitter          (DJ):    0.333ns
    Phase Error              (PE):    0.262ns

    Location             Delay type                Incr(ns)  Path(ns)    Netlist Resource(s)
  -------------------------------------------------------------------    -------------------
                         (clock clk_out1_clk_wiz_0 rise edge)
                                                      0.000     0.000 r  
    Y9                                                0.000     0.000 r  sys_clk (IN)
                         net (fo=0)                   0.000     0.000    clk_wiz_inst/inst/clk_in1
    Y9                   IBUF (Prop_ibuf_I_O)         0.258     0.258 r  clk_wiz_inst/inst/clkin1_ibufg/O
                         net (fo=1, routed)           0.440     0.698    clk_wiz_inst/inst/clk_in1_clk_wiz_0
    PLLE2_ADV_X0Y0       PLLE2_ADV (Prop_plle2_adv_CLKIN1_CLKOUT0)
                                                     -2.384    -1.685 r  clk_wiz_inst/inst/plle2_adv_inst/CLKOUT0
                         net (fo=1, routed)           0.533    -1.152    clk_wiz_inst/inst/clk_out1_clk_wiz_0
    BUFGCTRL_X0Y0        BUFG (Prop_bufg_I_O)         0.026    -1.126 r  clk_wiz_inst/inst/clkout1_buf/O
                         net (fo=291, routed)         0.611    -0.516    lcd_clk_OBUF
    SLICE_X103Y50        FDRE                                         r  pix_data_reg[6]/C
  -------------------------------------------------------------------    -------------------
    SLICE_X103Y50        FDRE (Prop_fdre_C_Q)         0.128    -0.388 r  pix_data_reg[6]/Q
                         net (fo=1, routed)           0.289    -0.099    pix_data[6]
    SLICE_X104Y50        LUT2 (Prop_lut2_I0_O)        0.099     0.000 r  rgb_lcd_OBUF[6]_inst_i_1/O
                         net (fo=7, routed)           1.419     1.419    rgb_lcd_OBUF[0]
    G19                  OBUF (Prop_obuf_I_O)         1.200     2.619 r  rgb_lcd_OBUF[1]_inst/O
                         net (fo=0)                   0.000     2.619    rgb_lcd[1]
    G19                                                               r  rgb_lcd[1] (OUT)
  -------------------------------------------------------------------    -------------------





--------------------------------------------------------------------------------------
Path Group:  (none)
From Clock:  clkfbout_clk_wiz_0
  To Clock:  

Max Delay             1 Endpoint
Min Delay             1 Endpoint
--------------------------------------------------------------------------------------


Max Delay Paths
--------------------------------------------------------------------------------------
Slack:                    inf
  Source:                 clk_wiz_inst/inst/plle2_adv_inst/CLKFBOUT
                            (clock source 'clkfbout_clk_wiz_0'  {rise@0.000ns fall@20.000ns period=40.000ns})
  Destination:            clk_wiz_inst/inst/plle2_adv_inst/CLKFBIN
  Path Group:             (none)
  Path Type:              Max at Fast Process Corner
  Data Path Delay:        1.458ns  (logic 0.029ns (1.989%)  route 1.429ns (98.011%))
  Logic Levels:           1  (BUFG=1)
  Clock Uncertainty:      0.356ns  ((TSJ^2 + DJ^2)^1/2) / 2 + PE
    Total System Jitter     (TSJ):    0.050ns
    Discrete Jitter          (DJ):    0.182ns
    Phase Error              (PE):    0.262ns

    Location             Delay type                Incr(ns)  Path(ns)    Netlist Resource(s)
  -------------------------------------------------------------------    -------------------
                         (clock clkfbout_clk_wiz_0 fall edge)
                                                     20.000    20.000 f  
    Y9                                                0.000    20.000 f  sys_clk (IN)
                         net (fo=0)                   0.000    20.000    clk_wiz_inst/inst/clk_in1
    Y9                   IBUF (Prop_ibuf_I_O)         0.446    20.446 f  clk_wiz_inst/inst/clkin1_ibufg/O
                         net (fo=1, routed)           0.481    20.927    clk_wiz_inst/inst/clk_in1_clk_wiz_0
  -------------------------------------------------------------------    -------------------
    PLLE2_ADV_X0Y0       PLLE2_ADV (Prop_plle2_adv_CLKIN1_CLKFBOUT)
                                                     -2.700    18.227 f  clk_wiz_inst/inst/plle2_adv_inst/CLKFBOUT
                         net (fo=1, routed)           0.580    18.807    clk_wiz_inst/inst/clkfbout_clk_wiz_0
    BUFGCTRL_X0Y1        BUFG (Prop_bufg_I_O)         0.029    18.836 f  clk_wiz_inst/inst/clkf_buf/O
                         net (fo=1, routed)           0.849    19.685    clk_wiz_inst/inst/clkfbout_buf_clk_wiz_0
    PLLE2_ADV_X0Y0       PLLE2_ADV                                    f  clk_wiz_inst/inst/plle2_adv_inst/CLKFBIN
  -------------------------------------------------------------------    -------------------





Min Delay Paths
--------------------------------------------------------------------------------------
Slack:                    inf
  Source:                 clk_wiz_inst/inst/plle2_adv_inst/CLKFBOUT
                            (clock source 'clkfbout_clk_wiz_0'  {rise@0.000ns fall@20.000ns period=40.000ns})
  Destination:            clk_wiz_inst/inst/plle2_adv_inst/CLKFBIN
  Path Group:             (none)
  Path Type:              Min at Slow Process Corner
  Data Path Delay:        3.366ns  (logic 0.091ns (2.703%)  route 3.275ns (97.297%))
  Logic Levels:           1  (BUFG=1)
  Clock Uncertainty:      0.356ns  ((TSJ^2 + DJ^2)^1/2) / 2 + PE
    Total System Jitter     (TSJ):    0.050ns
    Discrete Jitter          (DJ):    0.182ns
    Phase Error              (PE):    0.262ns

    Location             Delay type                Incr(ns)  Path(ns)    Netlist Resource(s)
  -------------------------------------------------------------------    -------------------
                         (clock clkfbout_clk_wiz_0 rise edge)
                                                      0.000     0.000 r  
    Y9                                                0.000     0.000 r  sys_clk (IN)
                         net (fo=0)                   0.000     0.000    clk_wiz_inst/inst/clk_in1
    Y9                   IBUF (Prop_ibuf_I_O)         1.420     1.420 r  clk_wiz_inst/inst/clkin1_ibufg/O
                         net (fo=1, routed)           1.181     2.601    clk_wiz_inst/inst/clk_in1_clk_wiz_0
  -------------------------------------------------------------------    -------------------
    PLLE2_ADV_X0Y0       PLLE2_ADV (Prop_plle2_adv_CLKIN1_CLKFBOUT)
                                                     -7.970    -5.369 r  clk_wiz_inst/inst/plle2_adv_inst/CLKFBOUT
                         net (fo=1, routed)           1.686    -3.683    clk_wiz_inst/inst/clkfbout_clk_wiz_0
    BUFGCTRL_X0Y1        BUFG (Prop_bufg_I_O)         0.091    -3.592 r  clk_wiz_inst/inst/clkf_buf/O
                         net (fo=1, routed)           1.589    -2.002    clk_wiz_inst/inst/clkfbout_buf_clk_wiz_0
    PLLE2_ADV_X0Y0       PLLE2_ADV                                    r  clk_wiz_inst/inst/plle2_adv_inst/CLKFBIN
  -------------------------------------------------------------------    -------------------





--------------------------------------------------------------------------------------
Path Group:  (none)
From Clock:  
  To Clock:  clk_out1_clk_wiz_0

Max Delay           293 Endpoints
Min Delay           293 Endpoints
--------------------------------------------------------------------------------------


Max Delay Paths
--------------------------------------------------------------------------------------
Slack:                    inf
  Source:                 sys_rst_n
                            (input port)
  Destination:            cnt_h_reg[5]/CLR
                            (recovery check against rising-edge clock clk_out1_clk_wiz_0  {rise@0.000ns fall@15.152ns period=30.303ns})
  Path Group:             (none)
  Path Type:              Recovery (Max at Slow Process Corner)
  Data Path Delay:        9.834ns  (logic 1.611ns (16.380%)  route 8.223ns (83.620%))
  Logic Levels:           2  (IBUF=1 LUT2=1)
  Clock Path Skew:        -1.894ns (DCD - SCD + CPR)
    Destination Clock Delay (DCD):    -1.894ns
    Source Clock Delay      (SCD):    0.000ns
    Clock Pessimism Removal (CPR):    0.000ns
  Clock Uncertainty:      0.430ns  ((TSJ^2 + DJ^2)^1/2) / 2 + PE
    Total System Jitter     (TSJ):    0.050ns
    Discrete Jitter          (DJ):    0.333ns
    Phase Error              (PE):    0.262ns

    Location             Delay type                Incr(ns)  Path(ns)    Netlist Resource(s)
  -------------------------------------------------------------------    -------------------
    F22                                               0.000     0.000 r  sys_rst_n (IN)
                         net (fo=0)                   0.000     0.000    sys_rst_n
    F22                  IBUF (Prop_ibuf_I_O)         1.487     1.487 r  sys_rst_n_IBUF_inst/O
                         net (fo=2, routed)           3.619     5.105    sys_rst_n_IBUF
    SLICE_X90Y48         LUT2 (Prop_lut2_I0_O)        0.124     5.229 f  FSM_onehot_state[2]_i_2/O
                         net (fo=284, routed)         4.605     9.834    FSM_onehot_state[2]_i_2_n_0
    SLICE_X108Y46        FDCE                                         f  cnt_h_reg[5]/CLR
  -------------------------------------------------------------------    -------------------

                         (clock clk_out1_clk_wiz_0 rise edge)
                                                      0.000     0.000 r  
    Y9                                                0.000     0.000 r  sys_clk (IN)
                         net (fo=0)                   0.000     0.000    clk_wiz_inst/inst/clk_in1
    Y9                   IBUF (Prop_ibuf_I_O)         1.420     1.420 r  clk_wiz_inst/inst/clkin1_ibufg/O
                         net (fo=1, routed)           1.181     2.601    clk_wiz_inst/inst/clk_in1_clk_wiz_0
    PLLE2_ADV_X0Y0       PLLE2_ADV (Prop_plle2_adv_CLKIN1_CLKOUT0)
                                                     -7.970    -5.369 r  clk_wiz_inst/inst/plle2_adv_inst/CLKOUT0
                         net (fo=1, routed)           1.686    -3.683    clk_wiz_inst/inst/clk_out1_clk_wiz_0
    BUFGCTRL_X0Y0        BUFG (Prop_bufg_I_O)         0.091    -3.592 r  clk_wiz_inst/inst/clkout1_buf/O
                         net (fo=291, routed)         1.697    -1.894    lcd_clk_OBUF
    SLICE_X108Y46        FDCE                                         r  cnt_h_reg[5]/C

Slack:                    inf
  Source:                 sys_rst_n
                            (input port)
  Destination:            cnt_h_reg[6]/CLR
                            (recovery check against rising-edge clock clk_out1_clk_wiz_0  {rise@0.000ns fall@15.152ns period=30.303ns})
  Path Group:             (none)
  Path Type:              Recovery (Max at Slow Process Corner)
  Data Path Delay:        9.834ns  (logic 1.611ns (16.380%)  route 8.223ns (83.620%))
  Logic Levels:           2  (IBUF=1 LUT2=1)
  Clock Path Skew:        -1.894ns (DCD - SCD + CPR)
    Destination Clock Delay (DCD):    -1.894ns
    Source Clock Delay      (SCD):    0.000ns
    Clock Pessimism Removal (CPR):    0.000ns
  Clock Uncertainty:      0.430ns  ((TSJ^2 + DJ^2)^1/2) / 2 + PE
    Total System Jitter     (TSJ):    0.050ns
    Discrete Jitter          (DJ):    0.333ns
    Phase Error              (PE):    0.262ns

    Location             Delay type                Incr(ns)  Path(ns)    Netlist Resource(s)
  -------------------------------------------------------------------    -------------------
    F22                                               0.000     0.000 r  sys_rst_n (IN)
                         net (fo=0)                   0.000     0.000    sys_rst_n
    F22                  IBUF (Prop_ibuf_I_O)         1.487     1.487 r  sys_rst_n_IBUF_inst/O
                         net (fo=2, routed)           3.619     5.105    sys_rst_n_IBUF
    SLICE_X90Y48         LUT2 (Prop_lut2_I0_O)        0.124     5.229 f  FSM_onehot_state[2]_i_2/O
                         net (fo=284, routed)         4.605     9.834    FSM_onehot_state[2]_i_2_n_0
    SLICE_X108Y46        FDCE                                         f  cnt_h_reg[6]/CLR
  -------------------------------------------------------------------    -------------------

                         (clock clk_out1_clk_wiz_0 rise edge)
                                                      0.000     0.000 r  
    Y9                                                0.000     0.000 r  sys_clk (IN)
                         net (fo=0)                   0.000     0.000    clk_wiz_inst/inst/clk_in1
    Y9                   IBUF (Prop_ibuf_I_O)         1.420     1.420 r  clk_wiz_inst/inst/clkin1_ibufg/O
                         net (fo=1, routed)           1.181     2.601    clk_wiz_inst/inst/clk_in1_clk_wiz_0
    PLLE2_ADV_X0Y0       PLLE2_ADV (Prop_plle2_adv_CLKIN1_CLKOUT0)
                                                     -7.970    -5.369 r  clk_wiz_inst/inst/plle2_adv_inst/CLKOUT0
                         net (fo=1, routed)           1.686    -3.683    clk_wiz_inst/inst/clk_out1_clk_wiz_0
    BUFGCTRL_X0Y0        BUFG (Prop_bufg_I_O)         0.091    -3.592 r  clk_wiz_inst/inst/clkout1_buf/O
                         net (fo=291, routed)         1.697    -1.894    lcd_clk_OBUF
    SLICE_X108Y46        FDCE                                         r  cnt_h_reg[6]/C

Slack:                    inf
  Source:                 sys_rst_n
                            (input port)
  Destination:            cnt_h_reg[7]/CLR
                            (recovery check against rising-edge clock clk_out1_clk_wiz_0  {rise@0.000ns fall@15.152ns period=30.303ns})
  Path Group:             (none)
  Path Type:              Recovery (Max at Slow Process Corner)
  Data Path Delay:        9.834ns  (logic 1.611ns (16.380%)  route 8.223ns (83.620%))
  Logic Levels:           2  (IBUF=1 LUT2=1)
  Clock Path Skew:        -1.894ns (DCD - SCD + CPR)
    Destination Clock Delay (DCD):    -1.894ns
    Source Clock Delay      (SCD):    0.000ns
    Clock Pessimism Removal (CPR):    0.000ns
  Clock Uncertainty:      0.430ns  ((TSJ^2 + DJ^2)^1/2) / 2 + PE
    Total System Jitter     (TSJ):    0.050ns
    Discrete Jitter          (DJ):    0.333ns
    Phase Error              (PE):    0.262ns

    Location             Delay type                Incr(ns)  Path(ns)    Netlist Resource(s)
  -------------------------------------------------------------------    -------------------
    F22                                               0.000     0.000 r  sys_rst_n (IN)
                         net (fo=0)                   0.000     0.000    sys_rst_n
    F22                  IBUF (Prop_ibuf_I_O)         1.487     1.487 r  sys_rst_n_IBUF_inst/O
                         net (fo=2, routed)           3.619     5.105    sys_rst_n_IBUF
    SLICE_X90Y48         LUT2 (Prop_lut2_I0_O)        0.124     5.229 f  FSM_onehot_state[2]_i_2/O
                         net (fo=284, routed)         4.605     9.834    FSM_onehot_state[2]_i_2_n_0
    SLICE_X108Y46        FDCE                                         f  cnt_h_reg[7]/CLR
  -------------------------------------------------------------------    -------------------

                         (clock clk_out1_clk_wiz_0 rise edge)
                                                      0.000     0.000 r  
    Y9                                                0.000     0.000 r  sys_clk (IN)
                         net (fo=0)                   0.000     0.000    clk_wiz_inst/inst/clk_in1
    Y9                   IBUF (Prop_ibuf_I_O)         1.420     1.420 r  clk_wiz_inst/inst/clkin1_ibufg/O
                         net (fo=1, routed)           1.181     2.601    clk_wiz_inst/inst/clk_in1_clk_wiz_0
    PLLE2_ADV_X0Y0       PLLE2_ADV (Prop_plle2_adv_CLKIN1_CLKOUT0)
                                                     -7.970    -5.369 r  clk_wiz_inst/inst/plle2_adv_inst/CLKOUT0
                         net (fo=1, routed)           1.686    -3.683    clk_wiz_inst/inst/clk_out1_clk_wiz_0
    BUFGCTRL_X0Y0        BUFG (Prop_bufg_I_O)         0.091    -3.592 r  clk_wiz_inst/inst/clkout1_buf/O
                         net (fo=291, routed)         1.697    -1.894    lcd_clk_OBUF
    SLICE_X108Y46        FDCE                                         r  cnt_h_reg[7]/C

Slack:                    inf
  Source:                 sys_rst_n
                            (input port)
  Destination:            cnt_h_reg[1]/CLR
                            (recovery check against rising-edge clock clk_out1_clk_wiz_0  {rise@0.000ns fall@15.152ns period=30.303ns})
  Path Group:             (none)
  Path Type:              Recovery (Max at Slow Process Corner)
  Data Path Delay:        9.544ns  (logic 1.611ns (16.878%)  route 7.933ns (83.122%))
  Logic Levels:           2  (IBUF=1 LUT2=1)
  Clock Path Skew:        -1.894ns (DCD - SCD + CPR)
    Destination Clock Delay (DCD):    -1.894ns
    Source Clock Delay      (SCD):    0.000ns
    Clock Pessimism Removal (CPR):    0.000ns
  Clock Uncertainty:      0.430ns  ((TSJ^2 + DJ^2)^1/2) / 2 + PE
    Total System Jitter     (TSJ):    0.050ns
    Discrete Jitter          (DJ):    0.333ns
    Phase Error              (PE):    0.262ns

    Location             Delay type                Incr(ns)  Path(ns)    Netlist Resource(s)
  -------------------------------------------------------------------    -------------------
    F22                                               0.000     0.000 r  sys_rst_n (IN)
                         net (fo=0)                   0.000     0.000    sys_rst_n
    F22                  IBUF (Prop_ibuf_I_O)         1.487     1.487 r  sys_rst_n_IBUF_inst/O
                         net (fo=2, routed)           3.619     5.105    sys_rst_n_IBUF
    SLICE_X90Y48         LUT2 (Prop_lut2_I0_O)        0.124     5.229 f  FSM_onehot_state[2]_i_2/O
                         net (fo=284, routed)         4.314     9.544    FSM_onehot_state[2]_i_2_n_0
    SLICE_X108Y45        FDCE                                         f  cnt_h_reg[1]/CLR
  -------------------------------------------------------------------    -------------------

                         (clock clk_out1_clk_wiz_0 rise edge)
                                                      0.000     0.000 r  
    Y9                                                0.000     0.000 r  sys_clk (IN)
                         net (fo=0)                   0.000     0.000    clk_wiz_inst/inst/clk_in1
    Y9                   IBUF (Prop_ibuf_I_O)         1.420     1.420 r  clk_wiz_inst/inst/clkin1_ibufg/O
                         net (fo=1, routed)           1.181     2.601    clk_wiz_inst/inst/clk_in1_clk_wiz_0
    PLLE2_ADV_X0Y0       PLLE2_ADV (Prop_plle2_adv_CLKIN1_CLKOUT0)
                                                     -7.970    -5.369 r  clk_wiz_inst/inst/plle2_adv_inst/CLKOUT0
                         net (fo=1, routed)           1.686    -3.683    clk_wiz_inst/inst/clk_out1_clk_wiz_0
    BUFGCTRL_X0Y0        BUFG (Prop_bufg_I_O)         0.091    -3.592 r  clk_wiz_inst/inst/clkout1_buf/O
                         net (fo=291, routed)         1.697    -1.894    lcd_clk_OBUF
    SLICE_X108Y45        FDCE                                         r  cnt_h_reg[1]/C

Slack:                    inf
  Source:                 sys_rst_n
                            (input port)
  Destination:            cnt_h_reg[2]/CLR
                            (recovery check against rising-edge clock clk_out1_clk_wiz_0  {rise@0.000ns fall@15.152ns period=30.303ns})
  Path Group:             (none)
  Path Type:              Recovery (Max at Slow Process Corner)
  Data Path Delay:        9.544ns  (logic 1.611ns (16.878%)  route 7.933ns (83.122%))
  Logic Levels:           2  (IBUF=1 LUT2=1)
  Clock Path Skew:        -1.894ns (DCD - SCD + CPR)
    Destination Clock Delay (DCD):    -1.894ns
    Source Clock Delay      (SCD):    0.000ns
    Clock Pessimism Removal (CPR):    0.000ns
  Clock Uncertainty:      0.430ns  ((TSJ^2 + DJ^2)^1/2) / 2 + PE
    Total System Jitter     (TSJ):    0.050ns
    Discrete Jitter          (DJ):    0.333ns
    Phase Error              (PE):    0.262ns

    Location             Delay type                Incr(ns)  Path(ns)    Netlist Resource(s)
  -------------------------------------------------------------------    -------------------
    F22                                               0.000     0.000 r  sys_rst_n (IN)
                         net (fo=0)                   0.000     0.000    sys_rst_n
    F22                  IBUF (Prop_ibuf_I_O)         1.487     1.487 r  sys_rst_n_IBUF_inst/O
                         net (fo=2, routed)           3.619     5.105    sys_rst_n_IBUF
    SLICE_X90Y48         LUT2 (Prop_lut2_I0_O)        0.124     5.229 f  FSM_onehot_state[2]_i_2/O
                         net (fo=284, routed)         4.314     9.544    FSM_onehot_state[2]_i_2_n_0
    SLICE_X108Y45        FDCE                                         f  cnt_h_reg[2]/CLR
  -------------------------------------------------------------------    -------------------

                         (clock clk_out1_clk_wiz_0 rise edge)
                                                      0.000     0.000 r  
    Y9                                                0.000     0.000 r  sys_clk (IN)
                         net (fo=0)                   0.000     0.000    clk_wiz_inst/inst/clk_in1
    Y9                   IBUF (Prop_ibuf_I_O)         1.420     1.420 r  clk_wiz_inst/inst/clkin1_ibufg/O
                         net (fo=1, routed)           1.181     2.601    clk_wiz_inst/inst/clk_in1_clk_wiz_0
    PLLE2_ADV_X0Y0       PLLE2_ADV (Prop_plle2_adv_CLKIN1_CLKOUT0)
                                                     -7.970    -5.369 r  clk_wiz_inst/inst/plle2_adv_inst/CLKOUT0
                         net (fo=1, routed)           1.686    -3.683    clk_wiz_inst/inst/clk_out1_clk_wiz_0
    BUFGCTRL_X0Y0        BUFG (Prop_bufg_I_O)         0.091    -3.592 r  clk_wiz_inst/inst/clkout1_buf/O
                         net (fo=291, routed)         1.697    -1.894    lcd_clk_OBUF
    SLICE_X108Y45        FDCE                                         r  cnt_h_reg[2]/C

Slack:                    inf
  Source:                 sys_rst_n
                            (input port)
  Destination:            cnt_h_reg[3]/CLR
                            (recovery check against rising-edge clock clk_out1_clk_wiz_0  {rise@0.000ns fall@15.152ns period=30.303ns})
  Path Group:             (none)
  Path Type:              Recovery (Max at Slow Process Corner)
  Data Path Delay:        9.544ns  (logic 1.611ns (16.878%)  route 7.933ns (83.122%))
  Logic Levels:           2  (IBUF=1 LUT2=1)
  Clock Path Skew:        -1.894ns (DCD - SCD + CPR)
    Destination Clock Delay (DCD):    -1.894ns
    Source Clock Delay      (SCD):    0.000ns
    Clock Pessimism Removal (CPR):    0.000ns
  Clock Uncertainty:      0.430ns  ((TSJ^2 + DJ^2)^1/2) / 2 + PE
    Total System Jitter     (TSJ):    0.050ns
    Discrete Jitter          (DJ):    0.333ns
    Phase Error              (PE):    0.262ns

    Location             Delay type                Incr(ns)  Path(ns)    Netlist Resource(s)
  -------------------------------------------------------------------    -------------------
    F22                                               0.000     0.000 r  sys_rst_n (IN)
                         net (fo=0)                   0.000     0.000    sys_rst_n
    F22                  IBUF (Prop_ibuf_I_O)         1.487     1.487 r  sys_rst_n_IBUF_inst/O
                         net (fo=2, routed)           3.619     5.105    sys_rst_n_IBUF
    SLICE_X90Y48         LUT2 (Prop_lut2_I0_O)        0.124     5.229 f  FSM_onehot_state[2]_i_2/O
                         net (fo=284, routed)         4.314     9.544    FSM_onehot_state[2]_i_2_n_0
    SLICE_X108Y45        FDCE                                         f  cnt_h_reg[3]/CLR
  -------------------------------------------------------------------    -------------------

                         (clock clk_out1_clk_wiz_0 rise edge)
                                                      0.000     0.000 r  
    Y9                                                0.000     0.000 r  sys_clk (IN)
                         net (fo=0)                   0.000     0.000    clk_wiz_inst/inst/clk_in1
    Y9                   IBUF (Prop_ibuf_I_O)         1.420     1.420 r  clk_wiz_inst/inst/clkin1_ibufg/O
                         net (fo=1, routed)           1.181     2.601    clk_wiz_inst/inst/clk_in1_clk_wiz_0
    PLLE2_ADV_X0Y0       PLLE2_ADV (Prop_plle2_adv_CLKIN1_CLKOUT0)
                                                     -7.970    -5.369 r  clk_wiz_inst/inst/plle2_adv_inst/CLKOUT0
                         net (fo=1, routed)           1.686    -3.683    clk_wiz_inst/inst/clk_out1_clk_wiz_0
    BUFGCTRL_X0Y0        BUFG (Prop_bufg_I_O)         0.091    -3.592 r  clk_wiz_inst/inst/clkout1_buf/O
                         net (fo=291, routed)         1.697    -1.894    lcd_clk_OBUF
    SLICE_X108Y45        FDCE                                         r  cnt_h_reg[3]/C

Slack:                    inf
  Source:                 sys_rst_n
                            (input port)
  Destination:            block_y_reg[1]/CLR
                            (recovery check against rising-edge clock clk_out1_clk_wiz_0  {rise@0.000ns fall@15.152ns period=30.303ns})
  Path Group:             (none)
  Path Type:              Recovery (Max at Slow Process Corner)
  Data Path Delay:        9.521ns  (logic 1.611ns (16.919%)  route 7.910ns (83.081%))
  Logic Levels:           2  (IBUF=1 LUT2=1)
  Clock Path Skew:        -1.894ns (DCD - SCD + CPR)
    Destination Clock Delay (DCD):    -1.894ns
    Source Clock Delay      (SCD):    0.000ns
    Clock Pessimism Removal (CPR):    0.000ns
  Clock Uncertainty:      0.430ns  ((TSJ^2 + DJ^2)^1/2) / 2 + PE
    Total System Jitter     (TSJ):    0.050ns
    Discrete Jitter          (DJ):    0.333ns
    Phase Error              (PE):    0.262ns

    Location             Delay type                Incr(ns)  Path(ns)    Netlist Resource(s)
  -------------------------------------------------------------------    -------------------
    F22                                               0.000     0.000 r  sys_rst_n (IN)
                         net (fo=0)                   0.000     0.000    sys_rst_n
    F22                  IBUF (Prop_ibuf_I_O)         1.487     1.487 r  sys_rst_n_IBUF_inst/O
                         net (fo=2, routed)           3.619     5.105    sys_rst_n_IBUF
    SLICE_X90Y48         LUT2 (Prop_lut2_I0_O)        0.124     5.229 f  FSM_onehot_state[2]_i_2/O
                         net (fo=284, routed)         4.291     9.521    FSM_onehot_state[2]_i_2_n_0
    SLICE_X108Y43        FDCE                                         f  block_y_reg[1]/CLR
  -------------------------------------------------------------------    -------------------

                         (clock clk_out1_clk_wiz_0 rise edge)
                                                      0.000     0.000 r  
    Y9                                                0.000     0.000 r  sys_clk (IN)
                         net (fo=0)                   0.000     0.000    clk_wiz_inst/inst/clk_in1
    Y9                   IBUF (Prop_ibuf_I_O)         1.420     1.420 r  clk_wiz_inst/inst/clkin1_ibufg/O
                         net (fo=1, routed)           1.181     2.601    clk_wiz_inst/inst/clk_in1_clk_wiz_0
    PLLE2_ADV_X0Y0       PLLE2_ADV (Prop_plle2_adv_CLKIN1_CLKOUT0)
                                                     -7.970    -5.369 r  clk_wiz_inst/inst/plle2_adv_inst/CLKOUT0
                         net (fo=1, routed)           1.686    -3.683    clk_wiz_inst/inst/clk_out1_clk_wiz_0
    BUFGCTRL_X0Y0        BUFG (Prop_bufg_I_O)         0.091    -3.592 r  clk_wiz_inst/inst/clkout1_buf/O
                         net (fo=291, routed)         1.697    -1.894    lcd_clk_OBUF
    SLICE_X108Y43        FDCE                                         r  block_y_reg[1]/C

Slack:                    inf
  Source:                 sys_rst_n
                            (input port)
  Destination:            block_y_reg[3]/CLR
                            (recovery check against rising-edge clock clk_out1_clk_wiz_0  {rise@0.000ns fall@15.152ns period=30.303ns})
  Path Group:             (none)
  Path Type:              Recovery (Max at Slow Process Corner)
  Data Path Delay:        9.521ns  (logic 1.611ns (16.919%)  route 7.910ns (83.081%))
  Logic Levels:           2  (IBUF=1 LUT2=1)
  Clock Path Skew:        -1.894ns (DCD - SCD + CPR)
    Destination Clock Delay (DCD):    -1.894ns
    Source Clock Delay      (SCD):    0.000ns
    Clock Pessimism Removal (CPR):    0.000ns
  Clock Uncertainty:      0.430ns  ((TSJ^2 + DJ^2)^1/2) / 2 + PE
    Total System Jitter     (TSJ):    0.050ns
    Discrete Jitter          (DJ):    0.333ns
    Phase Error              (PE):    0.262ns

    Location             Delay type                Incr(ns)  Path(ns)    Netlist Resource(s)
  -------------------------------------------------------------------    -------------------
    F22                                               0.000     0.000 r  sys_rst_n (IN)
                         net (fo=0)                   0.000     0.000    sys_rst_n
    F22                  IBUF (Prop_ibuf_I_O)         1.487     1.487 r  sys_rst_n_IBUF_inst/O
                         net (fo=2, routed)           3.619     5.105    sys_rst_n_IBUF
    SLICE_X90Y48         LUT2 (Prop_lut2_I0_O)        0.124     5.229 f  FSM_onehot_state[2]_i_2/O
                         net (fo=284, routed)         4.291     9.521    FSM_onehot_state[2]_i_2_n_0
    SLICE_X108Y43        FDCE                                         f  block_y_reg[3]/CLR
  -------------------------------------------------------------------    -------------------

                         (clock clk_out1_clk_wiz_0 rise edge)
                                                      0.000     0.000 r  
    Y9                                                0.000     0.000 r  sys_clk (IN)
                         net (fo=0)                   0.000     0.000    clk_wiz_inst/inst/clk_in1
    Y9                   IBUF (Prop_ibuf_I_O)         1.420     1.420 r  clk_wiz_inst/inst/clkin1_ibufg/O
                         net (fo=1, routed)           1.181     2.601    clk_wiz_inst/inst/clk_in1_clk_wiz_0
    PLLE2_ADV_X0Y0       PLLE2_ADV (Prop_plle2_adv_CLKIN1_CLKOUT0)
                                                     -7.970    -5.369 r  clk_wiz_inst/inst/plle2_adv_inst/CLKOUT0
                         net (fo=1, routed)           1.686    -3.683    clk_wiz_inst/inst/clk_out1_clk_wiz_0
    BUFGCTRL_X0Y0        BUFG (Prop_bufg_I_O)         0.091    -3.592 r  clk_wiz_inst/inst/clkout1_buf/O
                         net (fo=291, routed)         1.697    -1.894    lcd_clk_OBUF
    SLICE_X108Y43        FDCE                                         r  block_y_reg[3]/C

Slack:                    inf
  Source:                 sys_rst_n
                            (input port)
  Destination:            cnt_h_reg[8]/CLR
                            (recovery check against rising-edge clock clk_out1_clk_wiz_0  {rise@0.000ns fall@15.152ns period=30.303ns})
  Path Group:             (none)
  Path Type:              Recovery (Max at Slow Process Corner)
  Data Path Delay:        9.386ns  (logic 1.611ns (17.162%)  route 7.775ns (82.838%))
  Logic Levels:           2  (IBUF=1 LUT2=1)
  Clock Path Skew:        -1.894ns (DCD - SCD + CPR)
    Destination Clock Delay (DCD):    -1.894ns
    Source Clock Delay      (SCD):    0.000ns
    Clock Pessimism Removal (CPR):    0.000ns
  Clock Uncertainty:      0.430ns  ((TSJ^2 + DJ^2)^1/2) / 2 + PE
    Total System Jitter     (TSJ):    0.050ns
    Discrete Jitter          (DJ):    0.333ns
    Phase Error              (PE):    0.262ns

    Location             Delay type                Incr(ns)  Path(ns)    Netlist Resource(s)
  -------------------------------------------------------------------    -------------------
    F22                                               0.000     0.000 r  sys_rst_n (IN)
                         net (fo=0)                   0.000     0.000    sys_rst_n
    F22                  IBUF (Prop_ibuf_I_O)         1.487     1.487 r  sys_rst_n_IBUF_inst/O
                         net (fo=2, routed)           3.619     5.105    sys_rst_n_IBUF
    SLICE_X90Y48         LUT2 (Prop_lut2_I0_O)        0.124     5.229 f  FSM_onehot_state[2]_i_2/O
                         net (fo=284, routed)         4.156     9.386    FSM_onehot_state[2]_i_2_n_0
    SLICE_X107Y46        FDCE                                         f  cnt_h_reg[8]/CLR
  -------------------------------------------------------------------    -------------------

                         (clock clk_out1_clk_wiz_0 rise edge)
                                                      0.000     0.000 r  
    Y9                                                0.000     0.000 r  sys_clk (IN)
                         net (fo=0)                   0.000     0.000    clk_wiz_inst/inst/clk_in1
    Y9                   IBUF (Prop_ibuf_I_O)         1.420     1.420 r  clk_wiz_inst/inst/clkin1_ibufg/O
                         net (fo=1, routed)           1.181     2.601    clk_wiz_inst/inst/clk_in1_clk_wiz_0
    PLLE2_ADV_X0Y0       PLLE2_ADV (Prop_plle2_adv_CLKIN1_CLKOUT0)
                                                     -7.970    -5.369 r  clk_wiz_inst/inst/plle2_adv_inst/CLKOUT0
                         net (fo=1, routed)           1.686    -3.683    clk_wiz_inst/inst/clk_out1_clk_wiz_0
    BUFGCTRL_X0Y0        BUFG (Prop_bufg_I_O)         0.091    -3.592 r  clk_wiz_inst/inst/clkout1_buf/O
                         net (fo=291, routed)         1.697    -1.894    lcd_clk_OBUF
    SLICE_X107Y46        FDCE                                         r  cnt_h_reg[8]/C

Slack:                    inf
  Source:                 sys_rst_n
                            (input port)
  Destination:            tetris_map_reg[3][1]/CLR
                            (recovery check against rising-edge clock clk_out1_clk_wiz_0  {rise@0.000ns fall@15.152ns period=30.303ns})
  Path Group:             (none)
  Path Type:              Recovery (Max at Slow Process Corner)
  Data Path Delay:        9.380ns  (logic 1.611ns (17.173%)  route 7.769ns (82.827%))
  Logic Levels:           2  (IBUF=1 LUT2=1)
  Clock Path Skew:        -1.894ns (DCD - SCD + CPR)
    Destination Clock Delay (DCD):    -1.894ns
    Source Clock Delay      (SCD):    0.000ns
    Clock Pessimism Removal (CPR):    0.000ns
  Clock Uncertainty:      0.430ns  ((TSJ^2 + DJ^2)^1/2) / 2 + PE
    Total System Jitter     (TSJ):    0.050ns
    Discrete Jitter          (DJ):    0.333ns
    Phase Error              (PE):    0.262ns

    Location             Delay type                Incr(ns)  Path(ns)    Netlist Resource(s)
  -------------------------------------------------------------------    -------------------
    F22                                               0.000     0.000 r  sys_rst_n (IN)
                         net (fo=0)                   0.000     0.000    sys_rst_n
    F22                  IBUF (Prop_ibuf_I_O)         1.487     1.487 r  sys_rst_n_IBUF_inst/O
                         net (fo=2, routed)           3.619     5.105    sys_rst_n_IBUF
    SLICE_X90Y48         LUT2 (Prop_lut2_I0_O)        0.124     5.229 f  FSM_onehot_state[2]_i_2/O
                         net (fo=284, routed)         4.151     9.380    FSM_onehot_state[2]_i_2_n_0
    SLICE_X108Y44        FDCE                                         f  tetris_map_reg[3][1]/CLR
  -------------------------------------------------------------------    -------------------

                         (clock clk_out1_clk_wiz_0 rise edge)
                                                      0.000     0.000 r  
    Y9                                                0.000     0.000 r  sys_clk (IN)
                         net (fo=0)                   0.000     0.000    clk_wiz_inst/inst/clk_in1
    Y9                   IBUF (Prop_ibuf_I_O)         1.420     1.420 r  clk_wiz_inst/inst/clkin1_ibufg/O
                         net (fo=1, routed)           1.181     2.601    clk_wiz_inst/inst/clk_in1_clk_wiz_0
    PLLE2_ADV_X0Y0       PLLE2_ADV (Prop_plle2_adv_CLKIN1_CLKOUT0)
                                                     -7.970    -5.369 r  clk_wiz_inst/inst/plle2_adv_inst/CLKOUT0
                         net (fo=1, routed)           1.686    -3.683    clk_wiz_inst/inst/clk_out1_clk_wiz_0
    BUFGCTRL_X0Y0        BUFG (Prop_bufg_I_O)         0.091    -3.592 r  clk_wiz_inst/inst/clkout1_buf/O
                         net (fo=291, routed)         1.697    -1.894    lcd_clk_OBUF
    SLICE_X108Y44        FDCE                                         r  tetris_map_reg[3][1]/C





Min Delay Paths
--------------------------------------------------------------------------------------
Slack:                    inf
  Source:                 key_in[3]
                            (input port)
  Destination:            key_right_d_reg/D
                            (rising edge-triggered cell FDPE clocked by clk_out1_clk_wiz_0  {rise@0.000ns fall@15.152ns period=30.303ns})
  Path Group:             (none)
  Path Type:              Hold (Min at Fast Process Corner)
  Data Path Delay:        0.763ns  (logic 0.241ns (31.549%)  route 0.522ns (68.451%))
  Logic Levels:           1  (IBUF=1)
  Clock Path Skew:        -0.254ns (DCD - SCD - CPR)
    Destination Clock Delay (DCD):    -0.254ns
    Source Clock Delay      (SCD):    0.000ns
    Clock Pessimism Removal (CPR):    -0.000ns

    Location             Delay type                Incr(ns)  Path(ns)    Netlist Resource(s)
  -------------------------------------------------------------------    -------------------
    R16                                               0.000     0.000 r  key_in[3] (IN)
                         net (fo=0)                   0.000     0.000    key_in[3]
    R16                  IBUF (Prop_ibuf_I_O)         0.241     0.241 r  key_in_IBUF[3]_inst/O
                         net (fo=4, routed)           0.522     0.763    key_in_IBUF[3]
    SLICE_X110Y40        FDPE                                         r  key_right_d_reg/D
  -------------------------------------------------------------------    -------------------

                         (clock clk_out1_clk_wiz_0 rise edge)
                                                      0.000     0.000 r  
    Y9                                                0.000     0.000 r  sys_clk (IN)
                         net (fo=0)                   0.000     0.000    clk_wiz_inst/inst/clk_in1
    Y9                   IBUF (Prop_ibuf_I_O)         0.446     0.446 r  clk_wiz_inst/inst/clkin1_ibufg/O
                         net (fo=1, routed)           0.481     0.927    clk_wiz_inst/inst/clk_in1_clk_wiz_0
    PLLE2_ADV_X0Y0       PLLE2_ADV (Prop_plle2_adv_CLKIN1_CLKOUT0)
                                                     -2.700    -1.773 r  clk_wiz_inst/inst/plle2_adv_inst/CLKOUT0
                         net (fo=1, routed)           0.580    -1.193    clk_wiz_inst/inst/clk_out1_clk_wiz_0
    BUFGCTRL_X0Y0        BUFG (Prop_bufg_I_O)         0.029    -1.164 r  clk_wiz_inst/inst/clkout1_buf/O
                         net (fo=291, routed)         0.910    -0.254    lcd_clk_OBUF
    SLICE_X110Y40        FDPE                                         r  key_right_d_reg/C

Slack:                    inf
  Source:                 key_in[1]
                            (input port)
  Destination:            key_left_d_reg/D
                            (rising edge-triggered cell FDPE clocked by clk_out1_clk_wiz_0  {rise@0.000ns fall@15.152ns period=30.303ns})
  Path Group:             (none)
  Path Type:              Hold (Min at Fast Process Corner)
  Data Path Delay:        0.919ns  (logic 0.258ns (28.118%)  route 0.661ns (71.882%))
  Logic Levels:           1  (IBUF=1)
  Clock Path Skew:        -0.254ns (DCD - SCD - CPR)
    Destination Clock Delay (DCD):    -0.254ns
    Source Clock Delay      (SCD):    0.000ns
    Clock Pessimism Removal (CPR):    -0.000ns

    Location             Delay type                Incr(ns)  Path(ns)    Netlist Resource(s)
  -------------------------------------------------------------------    -------------------
    N15                                               0.000     0.000 r  key_in[1] (IN)
                         net (fo=0)                   0.000     0.000    key_in[1]
    N15                  IBUF (Prop_ibuf_I_O)         0.258     0.258 r  key_in_IBUF[1]_inst/O
                         net (fo=2, routed)           0.661     0.919    key_in_IBUF[1]
    SLICE_X110Y40        FDPE                                         r  key_left_d_reg/D
  -------------------------------------------------------------------    -------------------

                         (clock clk_out1_clk_wiz_0 rise edge)
                                                      0.000     0.000 r  
    Y9                                                0.000     0.000 r  sys_clk (IN)
                         net (fo=0)                   0.000     0.000    clk_wiz_inst/inst/clk_in1
    Y9                   IBUF (Prop_ibuf_I_O)         0.446     0.446 r  clk_wiz_inst/inst/clkin1_ibufg/O
                         net (fo=1, routed)           0.481     0.927    clk_wiz_inst/inst/clk_in1_clk_wiz_0
    PLLE2_ADV_X0Y0       PLLE2_ADV (Prop_plle2_adv_CLKIN1_CLKOUT0)
                                                     -2.700    -1.773 r  clk_wiz_inst/inst/plle2_adv_inst/CLKOUT0
                         net (fo=1, routed)           0.580    -1.193    clk_wiz_inst/inst/clk_out1_clk_wiz_0
    BUFGCTRL_X0Y0        BUFG (Prop_bufg_I_O)         0.029    -1.164 r  clk_wiz_inst/inst/clkout1_buf/O
                         net (fo=291, routed)         0.910    -0.254    lcd_clk_OBUF
    SLICE_X110Y40        FDPE                                         r  key_left_d_reg/C

Slack:                    inf
  Source:                 key_in[3]
                            (input port)
  Destination:            block_x_reg[1]/D
                            (rising edge-triggered cell FDCE clocked by clk_out1_clk_wiz_0  {rise@0.000ns fall@15.152ns period=30.303ns})
  Path Group:             (none)
  Path Type:              Hold (Min at Fast Process Corner)
  Data Path Delay:        1.025ns  (logic 0.286ns (27.869%)  route 0.740ns (72.131%))
  Logic Levels:           2  (IBUF=1 LUT6=1)
  Clock Path Skew:        -0.255ns (DCD - SCD - CPR)
    Destination Clock Delay (DCD):    -0.255ns
    Source Clock Delay      (SCD):    0.000ns
    Clock Pessimism Removal (CPR):    -0.000ns

    Location             Delay type                Incr(ns)  Path(ns)    Netlist Resource(s)
  -------------------------------------------------------------------    -------------------
    R16                                               0.000     0.000 r  key_in[3] (IN)
                         net (fo=0)                   0.000     0.000    key_in[3]
    R16                  IBUF (Prop_ibuf_I_O)         0.241     0.241 r  key_in_IBUF[3]_inst/O
                         net (fo=4, routed)           0.624     0.865    key_in_IBUF[3]
    SLICE_X110Y40        LUT6 (Prop_lut6_I1_O)        0.045     0.910 r  block_x[1]_i_1/O
                         net (fo=1, routed)           0.115     1.025    block_x[1]_i_1_n_0
    SLICE_X109Y40        FDCE                                         r  block_x_reg[1]/D
  -------------------------------------------------------------------    -------------------

                         (clock clk_out1_clk_wiz_0 rise edge)
                                                      0.000     0.000 r  
    Y9                                                0.000     0.000 r  sys_clk (IN)
                         net (fo=0)                   0.000     0.000    clk_wiz_inst/inst/clk_in1
    Y9                   IBUF (Prop_ibuf_I_O)         0.446     0.446 r  clk_wiz_inst/inst/clkin1_ibufg/O
                         net (fo=1, routed)           0.481     0.927    clk_wiz_inst/inst/clk_in1_clk_wiz_0
    PLLE2_ADV_X0Y0       PLLE2_ADV (Prop_plle2_adv_CLKIN1_CLKOUT0)
                                                     -2.700    -1.773 r  clk_wiz_inst/inst/plle2_adv_inst/CLKOUT0
                         net (fo=1, routed)           0.580    -1.193    clk_wiz_inst/inst/clk_out1_clk_wiz_0
    BUFGCTRL_X0Y0        BUFG (Prop_bufg_I_O)         0.029    -1.164 r  clk_wiz_inst/inst/clkout1_buf/O
                         net (fo=291, routed)         0.909    -0.255    lcd_clk_OBUF
    SLICE_X109Y40        FDCE                                         r  block_x_reg[1]/C

Slack:                    inf
  Source:                 key_in[3]
                            (input port)
  Destination:            block_x_reg[2]/D
                            (rising edge-triggered cell FDPE clocked by clk_out1_clk_wiz_0  {rise@0.000ns fall@15.152ns period=30.303ns})
  Path Group:             (none)
  Path Type:              Hold (Min at Fast Process Corner)
  Data Path Delay:        1.232ns  (logic 0.392ns (31.791%)  route 0.840ns (68.209%))
  Logic Levels:           3  (IBUF=1 LUT3=1 LUT6=1)
  Clock Path Skew:        -0.255ns (DCD - SCD - CPR)
    Destination Clock Delay (DCD):    -0.255ns
    Source Clock Delay      (SCD):    0.000ns
    Clock Pessimism Removal (CPR):    -0.000ns

    Location             Delay type                Incr(ns)  Path(ns)    Netlist Resource(s)
  -------------------------------------------------------------------    -------------------
    R16                                               0.000     0.000 f  key_in[3] (IN)
                         net (fo=0)                   0.000     0.000    key_in[3]
    R16                  IBUF (Prop_ibuf_I_O)         0.241     0.241 f  key_in_IBUF[3]_inst/O
                         net (fo=4, routed)           0.633     0.873    key_in_IBUF[3]
    SLICE_X110Y40        LUT3 (Prop_lut3_I0_O)        0.044     0.917 r  block_x[3]_i_4/O
                         net (fo=2, routed)           0.208     1.125    block_x[3]_i_4_n_0
    SLICE_X109Y40        LUT6 (Prop_lut6_I2_O)        0.107     1.232 r  block_x[2]_i_1/O
                         net (fo=1, routed)           0.000     1.232    block_x[2]_i_1_n_0
    SLICE_X109Y40        FDPE                                         r  block_x_reg[2]/D
  -------------------------------------------------------------------    -------------------

                         (clock clk_out1_clk_wiz_0 rise edge)
                                                      0.000     0.000 r  
    Y9                                                0.000     0.000 r  sys_clk (IN)
                         net (fo=0)                   0.000     0.000    clk_wiz_inst/inst/clk_in1
    Y9                   IBUF (Prop_ibuf_I_O)         0.446     0.446 r  clk_wiz_inst/inst/clkin1_ibufg/O
                         net (fo=1, routed)           0.481     0.927    clk_wiz_inst/inst/clk_in1_clk_wiz_0
    PLLE2_ADV_X0Y0       PLLE2_ADV (Prop_plle2_adv_CLKIN1_CLKOUT0)
                                                     -2.700    -1.773 r  clk_wiz_inst/inst/plle2_adv_inst/CLKOUT0
                         net (fo=1, routed)           0.580    -1.193    clk_wiz_inst/inst/clk_out1_clk_wiz_0
    BUFGCTRL_X0Y0        BUFG (Prop_bufg_I_O)         0.029    -1.164 r  clk_wiz_inst/inst/clkout1_buf/O
                         net (fo=291, routed)         0.909    -0.255    lcd_clk_OBUF
    SLICE_X109Y40        FDPE                                         r  block_x_reg[2]/C

Slack:                    inf
  Source:                 key_in[1]
                            (input port)
  Destination:            block_x_reg[0]/CE
                            (rising edge-triggered cell FDCE clocked by clk_out1_clk_wiz_0  {rise@0.000ns fall@15.152ns period=30.303ns})
  Path Group:             (none)
  Path Type:              Hold (Min at Fast Process Corner)
  Data Path Delay:        1.275ns  (logic 0.303ns (23.813%)  route 0.971ns (76.187%))
  Logic Levels:           2  (IBUF=1 LUT6=1)
  Clock Path Skew:        -0.255ns (DCD - SCD - CPR)
    Destination Clock Delay (DCD):    -0.255ns
    Source Clock Delay      (SCD):    0.000ns
    Clock Pessimism Removal (CPR):    -0.000ns

    Location             Delay type                Incr(ns)  Path(ns)    Netlist Resource(s)
  -------------------------------------------------------------------    -------------------
    N15                                               0.000     0.000 f  key_in[1] (IN)
                         net (fo=0)                   0.000     0.000    key_in[1]
    N15                  IBUF (Prop_ibuf_I_O)         0.258     0.258 f  key_in_IBUF[1]_inst/O
                         net (fo=2, routed)           0.794     1.053    key_in_IBUF[1]
    SLICE_X109Y40        LUT6 (Prop_lut6_I1_O)        0.045     1.098 r  block_x[3]_i_1/O
                         net (fo=4, routed)           0.177     1.275    block_x
    SLICE_X109Y40        FDCE                                         r  block_x_reg[0]/CE
  -------------------------------------------------------------------    -------------------

                         (clock clk_out1_clk_wiz_0 rise edge)
                                                      0.000     0.000 r  
    Y9                                                0.000     0.000 r  sys_clk (IN)
                         net (fo=0)                   0.000     0.000    clk_wiz_inst/inst/clk_in1
    Y9                   IBUF (Prop_ibuf_I_O)         0.446     0.446 r  clk_wiz_inst/inst/clkin1_ibufg/O
                         net (fo=1, routed)           0.481     0.927    clk_wiz_inst/inst/clk_in1_clk_wiz_0
    PLLE2_ADV_X0Y0       PLLE2_ADV (Prop_plle2_adv_CLKIN1_CLKOUT0)
                                                     -2.700    -1.773 r  clk_wiz_inst/inst/plle2_adv_inst/CLKOUT0
                         net (fo=1, routed)           0.580    -1.193    clk_wiz_inst/inst/clk_out1_clk_wiz_0
    BUFGCTRL_X0Y0        BUFG (Prop_bufg_I_O)         0.029    -1.164 r  clk_wiz_inst/inst/clkout1_buf/O
                         net (fo=291, routed)         0.909    -0.255    lcd_clk_OBUF
    SLICE_X109Y40        FDCE                                         r  block_x_reg[0]/C

Slack:                    inf
  Source:                 key_in[1]
                            (input port)
  Destination:            block_x_reg[1]/CE
                            (rising edge-triggered cell FDCE clocked by clk_out1_clk_wiz_0  {rise@0.000ns fall@15.152ns period=30.303ns})
  Path Group:             (none)
  Path Type:              Hold (Min at Fast Process Corner)
  Data Path Delay:        1.275ns  (logic 0.303ns (23.813%)  route 0.971ns (76.187%))
  Logic Levels:           2  (IBUF=1 LUT6=1)
  Clock Path Skew:        -0.255ns (DCD - SCD - CPR)
    Destination Clock Delay (DCD):    -0.255ns
    Source Clock Delay      (SCD):    0.000ns
    Clock Pessimism Removal (CPR):    -0.000ns

    Location             Delay type                Incr(ns)  Path(ns)    Netlist Resource(s)
  -------------------------------------------------------------------    -------------------
    N15                                               0.000     0.000 f  key_in[1] (IN)
                         net (fo=0)                   0.000     0.000    key_in[1]
    N15                  IBUF (Prop_ibuf_I_O)         0.258     0.258 f  key_in_IBUF[1]_inst/O
                         net (fo=2, routed)           0.794     1.053    key_in_IBUF[1]
    SLICE_X109Y40        LUT6 (Prop_lut6_I1_O)        0.045     1.098 r  block_x[3]_i_1/O
                         net (fo=4, routed)           0.177     1.275    block_x
    SLICE_X109Y40        FDCE                                         r  block_x_reg[1]/CE
  -------------------------------------------------------------------    -------------------

                         (clock clk_out1_clk_wiz_0 rise edge)
                                                      0.000     0.000 r  
    Y9                                                0.000     0.000 r  sys_clk (IN)
                         net (fo=0)                   0.000     0.000    clk_wiz_inst/inst/clk_in1
    Y9                   IBUF (Prop_ibuf_I_O)         0.446     0.446 r  clk_wiz_inst/inst/clkin1_ibufg/O
                         net (fo=1, routed)           0.481     0.927    clk_wiz_inst/inst/clk_in1_clk_wiz_0
    PLLE2_ADV_X0Y0       PLLE2_ADV (Prop_plle2_adv_CLKIN1_CLKOUT0)
                                                     -2.700    -1.773 r  clk_wiz_inst/inst/plle2_adv_inst/CLKOUT0
                         net (fo=1, routed)           0.580    -1.193    clk_wiz_inst/inst/clk_out1_clk_wiz_0
    BUFGCTRL_X0Y0        BUFG (Prop_bufg_I_O)         0.029    -1.164 r  clk_wiz_inst/inst/clkout1_buf/O
                         net (fo=291, routed)         0.909    -0.255    lcd_clk_OBUF
    SLICE_X109Y40        FDCE                                         r  block_x_reg[1]/C

Slack:                    inf
  Source:                 key_in[1]
                            (input port)
  Destination:            block_x_reg[2]/CE
                            (rising edge-triggered cell FDPE clocked by clk_out1_clk_wiz_0  {rise@0.000ns fall@15.152ns period=30.303ns})
  Path Group:             (none)
  Path Type:              Hold (Min at Fast Process Corner)
  Data Path Delay:        1.275ns  (logic 0.303ns (23.813%)  route 0.971ns (76.187%))
  Logic Levels:           2  (IBUF=1 LUT6=1)
  Clock Path Skew:        -0.255ns (DCD - SCD - CPR)
    Destination Clock Delay (DCD):    -0.255ns
    Source Clock Delay      (SCD):    0.000ns
    Clock Pessimism Removal (CPR):    -0.000ns

    Location             Delay type                Incr(ns)  Path(ns)    Netlist Resource(s)
  -------------------------------------------------------------------    -------------------
    N15                                               0.000     0.000 f  key_in[1] (IN)
                         net (fo=0)                   0.000     0.000    key_in[1]
    N15                  IBUF (Prop_ibuf_I_O)         0.258     0.258 f  key_in_IBUF[1]_inst/O
                         net (fo=2, routed)           0.794     1.053    key_in_IBUF[1]
    SLICE_X109Y40        LUT6 (Prop_lut6_I1_O)        0.045     1.098 r  block_x[3]_i_1/O
                         net (fo=4, routed)           0.177     1.275    block_x
    SLICE_X109Y40        FDPE                                         r  block_x_reg[2]/CE
  -------------------------------------------------------------------    -------------------

                         (clock clk_out1_clk_wiz_0 rise edge)
                                                      0.000     0.000 r  
    Y9                                                0.000     0.000 r  sys_clk (IN)
                         net (fo=0)                   0.000     0.000    clk_wiz_inst/inst/clk_in1
    Y9                   IBUF (Prop_ibuf_I_O)         0.446     0.446 r  clk_wiz_inst/inst/clkin1_ibufg/O
                         net (fo=1, routed)           0.481     0.927    clk_wiz_inst/inst/clk_in1_clk_wiz_0
    PLLE2_ADV_X0Y0       PLLE2_ADV (Prop_plle2_adv_CLKIN1_CLKOUT0)
                                                     -2.700    -1.773 r  clk_wiz_inst/inst/plle2_adv_inst/CLKOUT0
                         net (fo=1, routed)           0.580    -1.193    clk_wiz_inst/inst/clk_out1_clk_wiz_0
    BUFGCTRL_X0Y0        BUFG (Prop_bufg_I_O)         0.029    -1.164 r  clk_wiz_inst/inst/clkout1_buf/O
                         net (fo=291, routed)         0.909    -0.255    lcd_clk_OBUF
    SLICE_X109Y40        FDPE                                         r  block_x_reg[2]/C

Slack:                    inf
  Source:                 key_in[1]
                            (input port)
  Destination:            block_x_reg[3]/CE
                            (rising edge-triggered cell FDCE clocked by clk_out1_clk_wiz_0  {rise@0.000ns fall@15.152ns period=30.303ns})
  Path Group:             (none)
  Path Type:              Hold (Min at Fast Process Corner)
  Data Path Delay:        1.275ns  (logic 0.303ns (23.813%)  route 0.971ns (76.187%))
  Logic Levels:           2  (IBUF=1 LUT6=1)
  Clock Path Skew:        -0.255ns (DCD - SCD - CPR)
    Destination Clock Delay (DCD):    -0.255ns
    Source Clock Delay      (SCD):    0.000ns
    Clock Pessimism Removal (CPR):    -0.000ns

    Location             Delay type                Incr(ns)  Path(ns)    Netlist Resource(s)
  -------------------------------------------------------------------    -------------------
    N15                                               0.000     0.000 f  key_in[1] (IN)
                         net (fo=0)                   0.000     0.000    key_in[1]
    N15                  IBUF (Prop_ibuf_I_O)         0.258     0.258 f  key_in_IBUF[1]_inst/O
                         net (fo=2, routed)           0.794     1.053    key_in_IBUF[1]
    SLICE_X109Y40        LUT6 (Prop_lut6_I1_O)        0.045     1.098 r  block_x[3]_i_1/O
                         net (fo=4, routed)           0.177     1.275    block_x
    SLICE_X109Y40        FDCE                                         r  block_x_reg[3]/CE
  -------------------------------------------------------------------    -------------------

                         (clock clk_out1_clk_wiz_0 rise edge)
                                                      0.000     0.000 r  
    Y9                                                0.000     0.000 r  sys_clk (IN)
                         net (fo=0)                   0.000     0.000    clk_wiz_inst/inst/clk_in1
    Y9                   IBUF (Prop_ibuf_I_O)         0.446     0.446 r  clk_wiz_inst/inst/clkin1_ibufg/O
                         net (fo=1, routed)           0.481     0.927    clk_wiz_inst/inst/clk_in1_clk_wiz_0
    PLLE2_ADV_X0Y0       PLLE2_ADV (Prop_plle2_adv_CLKIN1_CLKOUT0)
                                                     -2.700    -1.773 r  clk_wiz_inst/inst/plle2_adv_inst/CLKOUT0
                         net (fo=1, routed)           0.580    -1.193    clk_wiz_inst/inst/clk_out1_clk_wiz_0
    BUFGCTRL_X0Y0        BUFG (Prop_bufg_I_O)         0.029    -1.164 r  clk_wiz_inst/inst/clkout1_buf/O
                         net (fo=291, routed)         0.909    -0.255    lcd_clk_OBUF
    SLICE_X109Y40        FDCE                                         r  block_x_reg[3]/C

Slack:                    inf
  Source:                 key_in[3]
                            (input port)
  Destination:            block_x_reg[3]/D
                            (rising edge-triggered cell FDCE clocked by clk_out1_clk_wiz_0  {rise@0.000ns fall@15.152ns period=30.303ns})
  Path Group:             (none)
  Path Type:              Hold (Min at Fast Process Corner)
  Data Path Delay:        1.296ns  (logic 0.331ns (25.525%)  route 0.965ns (74.475%))
  Logic Levels:           3  (IBUF=1 LUT2=1 LUT6=1)
  Clock Path Skew:        -0.255ns (DCD - SCD - CPR)
    Destination Clock Delay (DCD):    -0.255ns
    Source Clock Delay      (SCD):    0.000ns
    Clock Pessimism Removal (CPR):    -0.000ns

    Location             Delay type                Incr(ns)  Path(ns)    Netlist Resource(s)
  -------------------------------------------------------------------    -------------------
    R16                                               0.000     0.000 f  key_in[3] (IN)
                         net (fo=0)                   0.000     0.000    key_in[3]
    R16                  IBUF (Prop_ibuf_I_O)         0.241     0.241 f  key_in_IBUF[3]_inst/O
                         net (fo=4, routed)           0.633     0.873    key_in_IBUF[3]
    SLICE_X110Y40        LUT2 (Prop_lut2_I1_O)        0.045     0.918 r  block_x[3]_i_5/O
                         net (fo=1, routed)           0.216     1.135    block_x[3]_i_5_n_0
    SLICE_X109Y40        LUT6 (Prop_lut6_I4_O)        0.045     1.180 r  block_x[3]_i_2/O
                         net (fo=1, routed)           0.116     1.296    block_x[3]_i_2_n_0
    SLICE_X109Y40        FDCE                                         r  block_x_reg[3]/D
  -------------------------------------------------------------------    -------------------

                         (clock clk_out1_clk_wiz_0 rise edge)
                                                      0.000     0.000 r  
    Y9                                                0.000     0.000 r  sys_clk (IN)
                         net (fo=0)                   0.000     0.000    clk_wiz_inst/inst/clk_in1
    Y9                   IBUF (Prop_ibuf_I_O)         0.446     0.446 r  clk_wiz_inst/inst/clkin1_ibufg/O
                         net (fo=1, routed)           0.481     0.927    clk_wiz_inst/inst/clk_in1_clk_wiz_0
    PLLE2_ADV_X0Y0       PLLE2_ADV (Prop_plle2_adv_CLKIN1_CLKOUT0)
                                                     -2.700    -1.773 r  clk_wiz_inst/inst/plle2_adv_inst/CLKOUT0
                         net (fo=1, routed)           0.580    -1.193    clk_wiz_inst/inst/clk_out1_clk_wiz_0
    BUFGCTRL_X0Y0        BUFG (Prop_bufg_I_O)         0.029    -1.164 r  clk_wiz_inst/inst/clkout1_buf/O
                         net (fo=291, routed)         0.909    -0.255    lcd_clk_OBUF
    SLICE_X109Y40        FDCE                                         r  block_x_reg[3]/C

Slack:                    inf
  Source:                 clk_wiz_inst/inst/plle2_adv_inst/LOCKED
                            (internal pin)
  Destination:            drop_counter_reg[14]/CLR
                            (removal check against rising-edge clock clk_out1_clk_wiz_0  {rise@0.000ns fall@15.152ns period=30.303ns})
  Path Group:             (none)
  Path Type:              Removal (Min at Fast Process Corner)
  Data Path Delay:        1.626ns  (logic 0.045ns (2.768%)  route 1.581ns (97.232%))
  Logic Levels:           1  (LUT2=1)
  Clock Uncertainty:      0.430ns  ((TSJ^2 + DJ^2)^1/2) / 2 + PE
    Total System Jitter     (TSJ):    0.050ns
    Discrete Jitter          (DJ):    0.333ns
    Phase Error              (PE):    0.262ns

    Location             Delay type                Incr(ns)  Path(ns)    Netlist Resource(s)
  -------------------------------------------------------------------    -------------------
    PLLE2_ADV_X0Y0       PLLE2_ADV                    0.000     0.000 r  clk_wiz_inst/inst/plle2_adv_inst/LOCKED
                         net (fo=1, routed)           1.398     1.398    locked
    SLICE_X90Y48         LUT2 (Prop_lut2_I1_O)        0.045     1.443 f  FSM_onehot_state[2]_i_2/O
                         net (fo=284, routed)         0.183     1.626    FSM_onehot_state[2]_i_2_n_0
    SLICE_X90Y46         FDCE                                         f  drop_counter_reg[14]/CLR
  -------------------------------------------------------------------    -------------------

                         (clock clk_out1_clk_wiz_0 rise edge)
                                                      0.000     0.000 r  
    Y9                                                0.000     0.000 r  sys_clk (IN)
                         net (fo=0)                   0.000     0.000    clk_wiz_inst/inst/clk_in1
    Y9                   IBUF (Prop_ibuf_I_O)         0.446     0.446 r  clk_wiz_inst/inst/clkin1_ibufg/O
                         net (fo=1, routed)           0.481     0.927    clk_wiz_inst/inst/clk_in1_clk_wiz_0
    PLLE2_ADV_X0Y0       PLLE2_ADV (Prop_plle2_adv_CLKIN1_CLKOUT0)
                                                     -2.700    -1.773 r  clk_wiz_inst/inst/plle2_adv_inst/CLKOUT0
                         net (fo=1, routed)           0.580    -1.193    clk_wiz_inst/inst/clk_out1_clk_wiz_0
    BUFGCTRL_X0Y0        BUFG (Prop_bufg_I_O)         0.029    -1.164 r  clk_wiz_inst/inst/clkout1_buf/O
                         net (fo=291, routed)         0.879    -0.285    lcd_clk_OBUF
    SLICE_X90Y46         FDCE                                         r  drop_counter_reg[14]/C





