Copyright 1986-2022 Xilinx, Inc. All Rights Reserved. Copyright 2022-2023 Advanced Micro Devices, Inc. All Rights Reserved.
---------------------------------------------------------------------------------------------------------------------------------------------------------------------------------------------------------------------------------------------
| Tool Version : Vivado v.2023.2 (win64) Build 4029153 Fri Oct 13 20:14:34 MDT 2023
| Date         : Mon Jun  1 12:40:37 2026
| Host         : DESKTOP-O1S0IG8 running 64-bit major release  (build 9200)
| Command      : report_timing_summary -max_paths 10 -report_unconstrained -file lcd_colorbar_top_timing_summary_routed.rpt -pb lcd_colorbar_top_timing_summary_routed.pb -rpx lcd_colorbar_top_timing_summary_routed.rpx -warn_on_violation
| Design       : lcd_colorbar_top
| Device       : 7z020-clg484
| Speed File   : -1  PRODUCTION 1.12 2019-11-22
| Design State : Routed
---------------------------------------------------------------------------------------------------------------------------------------------------------------------------------------------------------------------------------------------

Timing Summary Report

------------------------------------------------------------------------------------------------
| Timer Settings
| --------------
------------------------------------------------------------------------------------------------

  Enable Multi Corner Analysis               :  Yes
  Enable Pessimism Removal                   :  Yes
  Pessimism Removal Resolution               :  Nearest Common Node
  Enable Input Delay Default Clock           :  No
  Enable Preset / Clear Arcs                 :  No
  Disable Flight Delays                      :  No
  Ignore I/O Paths                           :  No
  Timing Early Launch at Borrowing Latches   :  No
  Borrow Time for Max Delay Exceptions       :  Yes
  Merge Timing Exceptions                    :  Yes
  Inter-SLR Compensation                     :  Conservative

  Corner  Analyze    Analyze    
  Name    Max Paths  Min Paths  
  ------  ---------  ---------  
  Slow    Yes        Yes        
  Fast    Yes        Yes        


------------------------------------------------------------------------------------------------
| Report Methodology
| ------------------
------------------------------------------------------------------------------------------------

Rule     Severity  Description                   Violations  
-------  --------  ----------------------------  ----------  
LUTAR-1  Warning   LUT drives async reset alert  1           

Note: This report is based on the most recent report_methodology run and may not be up-to-date. Run report_methodology on the current design for the latest report.



check_timing report

Table of Contents
-----------------
1. checking no_clock (0)
2. checking constant_clock (0)
3. checking pulse_width_clock (0)
4. checking unconstrained_internal_endpoints (0)
5. checking no_input_delay (4)
6. checking no_output_delay (27)
7. checking multiple_clock (0)
8. checking generated_clocks (0)
9. checking loops (0)
10. checking partial_input_delay (0)
11. checking partial_output_delay (0)
12. checking latch_loops (0)

1. checking no_clock (0)
------------------------
 There are 0 register/latch pins with no clock.


2. checking constant_clock (0)
------------------------------
 There are 0 register/latch pins with constant_clock.


3. checking pulse_width_clock (0)
---------------------------------
 There are 0 register/latch pins which need pulse_width check


4. checking unconstrained_internal_endpoints (0)
------------------------------------------------
 There are 0 pins that are not constrained for maximum delay.

 There are 0 pins that are not constrained for maximum delay due to constant clock.


5. checking no_input_delay (4)
------------------------------
 There are 4 input ports with no input delay specified. (HIGH)

 There are 0 input ports with no input delay but user has a false path constraint.


6. checking no_output_delay (27)
--------------------------------
 There are 27 ports with no output delay specified. (HIGH)

 There are 0 ports with no output delay but user has a false path constraint

 There are 0 ports with no output delay but with a timing clock defined on it or propagating through it


7. checking multiple_clock (0)
------------------------------
 There are 0 register/latch pins with multiple clocks.


8. checking generated_clocks (0)
--------------------------------
 There are 0 generated clocks that are not connected to a clock source.


9. checking loops (0)
---------------------
 There are 0 combinational loops in the design.


10. checking partial_input_delay (0)
------------------------------------
 There are 0 input ports with partial input delay specified.


11. checking partial_output_delay (0)
-------------------------------------
 There are 0 ports with partial output delay specified.


12. checking latch_loops (0)
----------------------------
 There are 0 combinational latch loops in the design through latch input



------------------------------------------------------------------------------------------------
| Design Timing Summary
| ---------------------
------------------------------------------------------------------------------------------------

    WNS(ns)      TNS(ns)  TNS Failing Endpoints  TNS Total Endpoints      WHS(ns)      THS(ns)  THS Failing Endpoints  THS Total Endpoints     WPWS(ns)     TPWS(ns)  TPWS Failing Endpoints  TPWS Total Endpoints  
    -------      -------  ---------------------  -------------------      -------      -------  ---------------------  -------------------     --------     --------  ----------------------  --------------------  
      2.769        0.000                      0                  371        0.132        0.000                      0                  371        3.000        0.000                       0                   334  


All user specified timing constraints are met.


------------------------------------------------------------------------------------------------
| Clock Summary
| -------------
------------------------------------------------------------------------------------------------

Clock                 Waveform(ns)       Period(ns)      Frequency(MHz)
-----                 ------------       ----------      --------------
sys_clk               {0.000 5.000}      10.000          100.000         
  clk_out1_clk_wiz_0  {0.000 15.152}     30.303          33.000          
  clkfbout_clk_wiz_0  {0.000 20.000}     40.000          25.000          


------------------------------------------------------------------------------------------------
| Intra Clock Table
| -----------------
------------------------------------------------------------------------------------------------

Clock                     WNS(ns)      TNS(ns)  TNS Failing Endpoints  TNS Total Endpoints      WHS(ns)      THS(ns)  THS Failing Endpoints  THS Total Endpoints     WPWS(ns)     TPWS(ns)  TPWS Failing Endpoints  TPWS Total Endpoints  
-----                     -------      -------  ---------------------  -------------------      -------      -------  ---------------------  -------------------     --------     --------  ----------------------  --------------------  
sys_clk                                                                                                                                                                 3.000        0.000                       0                     1  
  clk_out1_clk_wiz_0        2.769        0.000                      0                  371        0.132        0.000                      0                  371       14.652        0.000                       0                   330  
  clkfbout_clk_wiz_0                                                                                                                                                   12.633        0.000                       0                     3  


------------------------------------------------------------------------------------------------
| Inter Clock Table
| -----------------
------------------------------------------------------------------------------------------------

From Clock    To Clock          WNS(ns)      TNS(ns)  TNS Failing Endpoints  TNS Total Endpoints      WHS(ns)      THS(ns)  THS Failing Endpoints  THS Total Endpoints  
----------    --------          -------      -------  ---------------------  -------------------      -------      -------  ---------------------  -------------------  


------------------------------------------------------------------------------------------------
| Other Path Groups Table
| -----------------------
------------------------------------------------------------------------------------------------

Path Group    From Clock    To Clock          WNS(ns)      TNS(ns)  TNS Failing Endpoints  TNS Total Endpoints      WHS(ns)      THS(ns)  THS Failing Endpoints  THS Total Endpoints  
----------    ----------    --------          -------      -------  ---------------------  -------------------      -------      -------  ---------------------  -------------------  


------------------------------------------------------------------------------------------------
| User Ignored Path Table
| -----------------------
------------------------------------------------------------------------------------------------

Path Group    From Clock    To Clock    
----------    ----------    --------    


------------------------------------------------------------------------------------------------
| Unconstrained Path Table
| ------------------------
------------------------------------------------------------------------------------------------

Path Group          From Clock          To Clock          
----------          ----------          --------          
(none)              clk_out1_clk_wiz_0                      
(none)              clkfbout_clk_wiz_0                      
(none)                                  clk_out1_clk_wiz_0  


------------------------------------------------------------------------------------------------
| Timing Details
| --------------
------------------------------------------------------------------------------------------------


---------------------------------------------------------------------------------------------------
From Clock:  sys_clk
  To Clock:  sys_clk

Setup :           NA  Failing Endpoints,  Worst Slack           NA  ,  Total Violation           NA
Hold  :           NA  Failing Endpoints,  Worst Slack           NA  ,  Total Violation           NA
PW    :            0  Failing Endpoints,  Worst Slack        3.000ns,  Total Violation        0.000ns
---------------------------------------------------------------------------------------------------


Pulse Width Checks
--------------------------------------------------------------------------------------
Clock Name:         sys_clk
Waveform(ns):       { 0.000 5.000 }
Period(ns):         10.000
Sources:            { sys_clk }

Check Type        Corner  Lib Pin           Reference Pin  Required(ns)  Actual(ns)  Slack(ns)  Location        Pin
Min Period        n/a     PLLE2_ADV/CLKIN1  n/a            1.249         10.000      8.751      PLLE2_ADV_X0Y0  clk_wiz_inst/inst/plle2_adv_inst/CLKIN1
Max Period        n/a     PLLE2_ADV/CLKIN1  n/a            52.633        10.000      42.633     PLLE2_ADV_X0Y0  clk_wiz_inst/inst/plle2_adv_inst/CLKIN1
Low Pulse Width   Slow    PLLE2_ADV/CLKIN1  n/a            2.000         5.000       3.000      PLLE2_ADV_X0Y0  clk_wiz_inst/inst/plle2_adv_inst/CLKIN1
Low Pulse Width   Fast    PLLE2_ADV/CLKIN1  n/a            2.000         5.000       3.000      PLLE2_ADV_X0Y0  clk_wiz_inst/inst/plle2_adv_inst/CLKIN1
High Pulse Width  Slow    PLLE2_ADV/CLKIN1  n/a            2.000         5.000       3.000      PLLE2_ADV_X0Y0  clk_wiz_inst/inst/plle2_adv_inst/CLKIN1
High Pulse Width  Fast    PLLE2_ADV/CLKIN1  n/a            2.000         5.000       3.000      PLLE2_ADV_X0Y0  clk_wiz_inst/inst/plle2_adv_inst/CLKIN1



---------------------------------------------------------------------------------------------------
From Clock:  clk_out1_clk_wiz_0
  To Clock:  clk_out1_clk_wiz_0

Setup :            0  Failing Endpoints,  Worst Slack        2.769ns,  Total Violation        0.000ns
Hold  :            0  Failing Endpoints,  Worst Slack        0.132ns,  Total Violation        0.000ns
PW    :            0  Failing Endpoints,  Worst Slack       14.652ns,  Total Violation        0.000ns
---------------------------------------------------------------------------------------------------


Max Delay Paths
--------------------------------------------------------------------------------------
Slack (MET) :             2.769ns  (required time - arrival time)
  Source:                 u_lcd_timing/cnt_h_reg[4]/C
                            (rising edge-triggered cell FDCE clocked by clk_out1_clk_wiz_0  {rise@0.000ns fall@15.152ns period=30.303ns})
  Destination:            u_renderer/pix_data_reg[23]/D
                            (rising edge-triggered cell FDRE clocked by clk_out1_clk_wiz_0  {rise@0.000ns fall@15.152ns period=30.303ns})
  Path Group:             clk_out1_clk_wiz_0
  Path Type:              Setup (Max at Slow Process Corner)
  Requirement:            30.303ns  (clk_out1_clk_wiz_0 rise@30.303ns - clk_out1_clk_wiz_0 rise@0.000ns)
  Data Path Delay:        27.247ns  (logic 10.345ns (37.968%)  route 16.902ns (62.032%))
  Logic Levels:           35  (CARRY4=14 LUT2=1 LUT3=5 LUT4=2 LUT5=6 LUT6=7)
  Clock Path Skew:        -0.146ns (DCD - SCD + CPR)
    Destination Clock Delay (DCD):    -1.997ns = ( 28.306 - 30.303 ) 
    Source Clock Delay      (SCD):    -2.265ns
    Clock Pessimism Removal (CPR):    -0.414ns
  Clock Uncertainty:      0.170ns  ((TSJ^2 + DJ^2)^1/2) / 2 + PE
    Total System Jitter     (TSJ):    0.071ns
    Discrete Jitter          (DJ):    0.333ns
    Phase Error              (PE):    0.000ns

    Location             Delay type                Incr(ns)  Path(ns)    Netlist Resource(s)
  -------------------------------------------------------------------    -------------------
                         (clock clk_out1_clk_wiz_0 rise edge)
                                                      0.000     0.000 r  
    Y9                                                0.000     0.000 r  sys_clk (IN)
                         net (fo=0)                   0.000     0.000    clk_wiz_inst/inst/clk_in1
    Y9                   IBUF (Prop_ibuf_I_O)         1.490     1.490 r  clk_wiz_inst/inst/clkin1_ibufg/O
                         net (fo=1, routed)           1.306     2.796    clk_wiz_inst/inst/clk_in1_clk_wiz_0
    PLLE2_ADV_X0Y0       PLLE2_ADV (Prop_plle2_adv_CLKIN1_CLKOUT0)
                                                     -8.866    -6.070 r  clk_wiz_inst/inst/plle2_adv_inst/CLKOUT0
                         net (fo=1, routed)           1.849    -4.221    clk_wiz_inst/inst/clk_out1_clk_wiz_0
    BUFGCTRL_X0Y0        BUFG (Prop_bufg_I_O)         0.101    -4.120 r  clk_wiz_inst/inst/clkout1_buf/O
                         net (fo=329, routed)         1.855    -2.265    u_lcd_timing/CLK
    SLICE_X113Y79        FDCE                                         r  u_lcd_timing/cnt_h_reg[4]/C
  -------------------------------------------------------------------    -------------------
    SLICE_X113Y79        FDCE (Prop_fdce_C_Q)         0.456    -1.809 f  u_lcd_timing/cnt_h_reg[4]/Q
                         net (fo=23, routed)          1.236    -0.572    u_lcd_timing/cnt_h_reg_n_0_[4]
    SLICE_X108Y77        LUT5 (Prop_lut5_I0_O)        0.124    -0.448 r  u_lcd_timing/pix_data[23]_i_50__0/O
                         net (fo=5, routed)           0.609     0.160    u_lcd_timing/pix_data[23]_i_50__0_n_0
    SLICE_X110Y78        LUT5 (Prop_lut5_I3_O)        0.124     0.284 r  u_lcd_timing/pix_data[23]_i_18__0/O
                         net (fo=18, routed)          0.744     1.029    u_lcd_timing/pix_data[23]_i_18__0_n_0
    SLICE_X110Y78        LUT5 (Prop_lut5_I0_O)        0.152     1.181 r  u_lcd_timing/pix_data[23]_i_4__0/O
                         net (fo=159, routed)         0.751     1.932    u_lcd_timing/pix_data[23]_i_4__0_n_0
    SLICE_X105Y77        LUT6 (Prop_lut6_I1_O)        0.326     2.258 r  u_lcd_timing/pix_data[23]_i_766/O
                         net (fo=2, routed)           0.444     2.701    u_lcd_timing/pix_data[23]_i_766_n_0
    SLICE_X105Y77        LUT6 (Prop_lut6_I5_O)        0.124     2.825 r  u_lcd_timing/pix_data[23]_i_529/O
                         net (fo=64, routed)          0.980     3.805    u_lcd_timing/pix_data[23]_i_529_n_0
    SLICE_X100Y79        LUT3 (Prop_lut3_I1_O)        0.116     3.921 r  u_lcd_timing/pix_data[23]_i_885/O
                         net (fo=10, routed)          0.618     4.539    u_lcd_timing/pix_data[23]_i_885_n_0
    SLICE_X98Y78         LUT5 (Prop_lut5_I4_O)        0.328     4.867 r  u_lcd_timing/pix_data[23]_i_1220/O
                         net (fo=1, routed)           0.000     4.867    u_lcd_timing/pix_data[23]_i_1220_n_0
    SLICE_X98Y78         CARRY4 (Prop_carry4_S[1]_CO[3])
                                                      0.533     5.400 r  u_lcd_timing/pix_data_reg[23]_i_1010/CO[3]
                         net (fo=1, routed)           0.000     5.400    u_lcd_timing/pix_data_reg[23]_i_1010_n_0
    SLICE_X98Y79         CARRY4 (Prop_carry4_CI_CO[2])
                                                      0.229     5.629 r  u_lcd_timing/pix_data_reg[23]_i_751/CO[2]
                         net (fo=46, routed)          0.805     6.435    u_lcd_timing/pix_data_reg[23]_i_751_n_1
    SLICE_X94Y84         CARRY4 (Prop_carry4_CYINIT_O[1])
                                                      0.816     7.251 r  u_lcd_timing/pix_data_reg[23]_i_519/O[1]
                         net (fo=2, routed)           0.831     8.082    u_lcd_timing/pix_data_reg[23]_i_519_n_6
    SLICE_X94Y83         LUT4 (Prop_lut4_I3_O)        0.334     8.416 r  u_lcd_timing/pix_data[23]_i_521/O
                         net (fo=2, routed)           0.440     8.856    u_lcd_timing/pix_data[23]_i_521_n_0
    SLICE_X96Y84         LUT4 (Prop_lut4_I0_O)        0.348     9.204 r  u_lcd_timing/pix_data[23]_i_525/O
                         net (fo=1, routed)           0.000     9.204    u_lcd_timing/pix_data[23]_i_525_n_0
    SLICE_X96Y84         CARRY4 (Prop_carry4_S[1]_CO[3])
                                                      0.533     9.737 r  u_lcd_timing/pix_data_reg[23]_i_299/CO[3]
                         net (fo=1, routed)           0.000     9.737    u_lcd_timing/pix_data_reg[23]_i_299_n_0
    SLICE_X96Y85         CARRY4 (Prop_carry4_CI_CO[3])
                                                      0.117     9.854 r  u_lcd_timing/pix_data_reg[23]_i_303/CO[3]
                         net (fo=1, routed)           0.000     9.854    u_lcd_timing/pix_data_reg[23]_i_303_n_0
    SLICE_X96Y86         CARRY4 (Prop_carry4_CI_CO[3])
                                                      0.117     9.971 r  u_lcd_timing/pix_data_reg[23]_i_1297/CO[3]
                         net (fo=1, routed)           0.000     9.971    u_lcd_timing/pix_data_reg[23]_i_1297_n_0
    SLICE_X96Y87         CARRY4 (Prop_carry4_CI_O[1])
                                                      0.323    10.294 r  u_lcd_timing/pix_data_reg[23]_i_1121/O[1]
                         net (fo=4, routed)           0.870    11.164    u_lcd_timing/pix_data_reg[23]_i_1121_n_6
    SLICE_X100Y87        LUT3 (Prop_lut3_I0_O)        0.332    11.496 r  u_lcd_timing/pix_data[23]_i_1298/O
                         net (fo=1, routed)           0.559    12.055    u_lcd_timing/pix_data[23]_i_1298_n_0
    SLICE_X97Y86         LUT6 (Prop_lut6_I5_O)        0.328    12.383 r  u_lcd_timing/pix_data[23]_i_1117/O
                         net (fo=1, routed)           0.000    12.383    u_lcd_timing/pix_data[23]_i_1117_n_0
    SLICE_X97Y86         CARRY4 (Prop_carry4_S[3]_CO[3])
                                                      0.401    12.784 r  u_lcd_timing/pix_data_reg[23]_i_891/CO[3]
                         net (fo=1, routed)           0.000    12.784    u_lcd_timing/pix_data_reg[23]_i_891_n_0
    SLICE_X97Y87         CARRY4 (Prop_carry4_CI_O[1])
                                                      0.334    13.118 r  u_lcd_timing/pix_data_reg[23]_i_669/O[1]
                         net (fo=3, routed)           0.480    13.598    u_lcd_timing/pix_data_reg[23]_i_669_n_6
    SLICE_X98Y88         LUT2 (Prop_lut2_I0_O)        0.303    13.901 r  u_lcd_timing/pix_data[23]_i_890/O
                         net (fo=1, routed)           0.000    13.901    u_lcd_timing/pix_data[23]_i_890_n_0
    SLICE_X98Y88         CARRY4 (Prop_carry4_S[0]_CO[3])
                                                      0.513    14.414 r  u_lcd_timing/pix_data_reg[23]_i_664/CO[3]
                         net (fo=1, routed)           0.000    14.414    u_lcd_timing/pix_data_reg[23]_i_664_n_0
    SLICE_X98Y89         CARRY4 (Prop_carry4_CI_CO[3])
                                                      0.117    14.531 r  u_lcd_timing/pix_data_reg[23]_i_466/CO[3]
                         net (fo=1, routed)           0.000    14.531    u_lcd_timing/pix_data_reg[23]_i_466_n_0
    SLICE_X98Y90         CARRY4 (Prop_carry4_CI_O[1])
                                                      0.323    14.854 r  u_lcd_timing/pix_data_reg[23]_i_276/O[1]
                         net (fo=3, routed)           0.660    15.514    u_lcd_timing/pix_data_reg[23]_i_276_n_6
    SLICE_X99Y89         LUT3 (Prop_lut3_I2_O)        0.306    15.820 r  u_lcd_timing/pix_data[23]_i_485/O
                         net (fo=1, routed)           0.000    15.820    u_lcd_timing/pix_data[23]_i_485_n_0
    SLICE_X99Y89         CARRY4 (Prop_carry4_S[1]_CO[3])
                                                      0.550    16.370 r  u_lcd_timing/pix_data_reg[23]_i_278/CO[3]
                         net (fo=1, routed)           0.000    16.370    u_lcd_timing/pix_data_reg[23]_i_278_n_0
    SLICE_X99Y90         CARRY4 (Prop_carry4_CI_CO[0])
                                                      0.271    16.641 f  u_lcd_timing/pix_data_reg[23]_i_154/CO[0]
                         net (fo=5, routed)           1.030    17.670    u_lcd_timing/pix_data_reg[23]_i_154_n_3
    SLICE_X95Y78         LUT3 (Prop_lut3_I0_O)        0.373    18.043 r  u_lcd_timing/pix_data[23]_i_116/O
                         net (fo=87, routed)          0.610    18.654    u_lcd_timing/pix_data[23]_i_116_n_0
    SLICE_X94Y78         LUT6 (Prop_lut6_I2_O)        0.124    18.778 r  u_lcd_timing/pix_data[23]_i_74/O
                         net (fo=26, routed)          1.443    20.221    u_lcd_timing/h_div[2]
    SLICE_X95Y67         LUT6 (Prop_lut6_I2_O)        0.124    20.345 f  u_lcd_timing/pix_data[23]_i_257/O
                         net (fo=1, routed)           1.086    21.431    u_lcd_timing/pix_data[23]_i_257_n_0
    SLICE_X95Y73         LUT5 (Prop_lut5_I0_O)        0.124    21.555 f  u_lcd_timing/pix_data[23]_i_143/O
                         net (fo=1, routed)           0.639    22.193    u_lcd_timing/pix_data[23]_i_143_n_0
    SLICE_X98Y75         LUT6 (Prop_lut6_I3_O)        0.124    22.317 f  u_lcd_timing/pix_data[23]_i_67/O
                         net (fo=1, routed)           0.985    23.302    u_lcd_timing/pix_data[23]_i_67_n_0
    SLICE_X100Y75        LUT3 (Prop_lut3_I1_O)        0.146    23.448 f  u_lcd_timing/pix_data[23]_i_23/O
                         net (fo=1, routed)           0.452    23.900    u_lcd_timing/pix_data[23]_i_23_n_0
    SLICE_X100Y75        LUT5 (Prop_lut5_I4_O)        0.328    24.228 f  u_lcd_timing/pix_data[23]_i_5/O
                         net (fo=4, routed)           0.630    24.858    u_lcd_timing/map_bit
    SLICE_X105Y75        LUT6 (Prop_lut6_I3_O)        0.124    24.982 r  u_lcd_timing/pix_data[23]_i_1__0/O
                         net (fo=1, routed)           0.000    24.982    u_renderer/D[5]
    SLICE_X105Y75        FDRE                                         r  u_renderer/pix_data_reg[23]/D
  -------------------------------------------------------------------    -------------------

                         (clock clk_out1_clk_wiz_0 rise edge)
                                                     30.303    30.303 r  
    Y9                                                0.000    30.303 r  sys_clk (IN)
                         net (fo=0)                   0.000    30.303    clk_wiz_inst/inst/clk_in1
    Y9                   IBUF (Prop_ibuf_I_O)         1.420    31.723 r  clk_wiz_inst/inst/clkin1_ibufg/O
                         net (fo=1, routed)           1.181    32.904    clk_wiz_inst/inst/clk_in1_clk_wiz_0
    PLLE2_ADV_X0Y0       PLLE2_ADV (Prop_plle2_adv_CLKIN1_CLKOUT0)
                                                     -7.970    24.934 r  clk_wiz_inst/inst/plle2_adv_inst/CLKOUT0
                         net (fo=1, routed)           1.686    26.620    clk_wiz_inst/inst/clk_out1_clk_wiz_0
    BUFGCTRL_X0Y0        BUFG (Prop_bufg_I_O)         0.091    26.711 r  clk_wiz_inst/inst/clkout1_buf/O
                         net (fo=329, routed)         1.595    28.306    u_renderer/clk_out1
    SLICE_X105Y75        FDRE                                         r  u_renderer/pix_data_reg[23]/C
                         clock pessimism             -0.414    27.892    
                         clock uncertainty           -0.170    27.722    
    SLICE_X105Y75        FDRE (Setup_fdre_C_D)        0.029    27.751    u_renderer/pix_data_reg[23]
  -------------------------------------------------------------------
                         required time                         27.751    
                         arrival time                         -24.982    
  -------------------------------------------------------------------
                         slack                                  2.769    

Slack (MET) :             2.800ns  (required time - arrival time)
  Source:                 u_lcd_timing/cnt_h_reg[4]/C
                            (rising edge-triggered cell FDCE clocked by clk_out1_clk_wiz_0  {rise@0.000ns fall@15.152ns period=30.303ns})
  Destination:            u_renderer/pix_data_reg[6]/D
                            (rising edge-triggered cell FDRE clocked by clk_out1_clk_wiz_0  {rise@0.000ns fall@15.152ns period=30.303ns})
  Path Group:             clk_out1_clk_wiz_0
  Path Type:              Setup (Max at Slow Process Corner)
  Requirement:            30.303ns  (clk_out1_clk_wiz_0 rise@30.303ns - clk_out1_clk_wiz_0 rise@0.000ns)
  Data Path Delay:        27.217ns  (logic 10.345ns (38.009%)  route 16.872ns (61.991%))
  Logic Levels:           35  (CARRY4=14 LUT2=1 LUT3=5 LUT4=2 LUT5=6 LUT6=7)
  Clock Path Skew:        -0.146ns (DCD - SCD + CPR)
    Destination Clock Delay (DCD):    -1.997ns = ( 28.306 - 30.303 ) 
    Source Clock Delay      (SCD):    -2.265ns
    Clock Pessimism Removal (CPR):    -0.414ns
  Clock Uncertainty:      0.170ns  ((TSJ^2 + DJ^2)^1/2) / 2 + PE
    Total System Jitter     (TSJ):    0.071ns
    Discrete Jitter          (DJ):    0.333ns
    Phase Error              (PE):    0.000ns

    Location             Delay type                Incr(ns)  Path(ns)    Netlist Resource(s)
  -------------------------------------------------------------------    -------------------
                         (clock clk_out1_clk_wiz_0 rise edge)
                                                      0.000     0.000 r  
    Y9                                                0.000     0.000 r  sys_clk (IN)
                         net (fo=0)                   0.000     0.000    clk_wiz_inst/inst/clk_in1
    Y9                   IBUF (Prop_ibuf_I_O)         1.490     1.490 r  clk_wiz_inst/inst/clkin1_ibufg/O
                         net (fo=1, routed)           1.306     2.796    clk_wiz_inst/inst/clk_in1_clk_wiz_0
    PLLE2_ADV_X0Y0       PLLE2_ADV (Prop_plle2_adv_CLKIN1_CLKOUT0)
                                                     -8.866    -6.070 r  clk_wiz_inst/inst/plle2_adv_inst/CLKOUT0
                         net (fo=1, routed)           1.849    -4.221    clk_wiz_inst/inst/clk_out1_clk_wiz_0
    BUFGCTRL_X0Y0        BUFG (Prop_bufg_I_O)         0.101    -4.120 r  clk_wiz_inst/inst/clkout1_buf/O
                         net (fo=329, routed)         1.855    -2.265    u_lcd_timing/CLK
    SLICE_X113Y79        FDCE                                         r  u_lcd_timing/cnt_h_reg[4]/C
  -------------------------------------------------------------------    -------------------
    SLICE_X113Y79        FDCE (Prop_fdce_C_Q)         0.456    -1.809 f  u_lcd_timing/cnt_h_reg[4]/Q
                         net (fo=23, routed)          1.236    -0.572    u_lcd_timing/cnt_h_reg_n_0_[4]
    SLICE_X108Y77        LUT5 (Prop_lut5_I0_O)        0.124    -0.448 r  u_lcd_timing/pix_data[23]_i_50__0/O
                         net (fo=5, routed)           0.609     0.160    u_lcd_timing/pix_data[23]_i_50__0_n_0
    SLICE_X110Y78        LUT5 (Prop_lut5_I3_O)        0.124     0.284 r  u_lcd_timing/pix_data[23]_i_18__0/O
                         net (fo=18, routed)          0.744     1.029    u_lcd_timing/pix_data[23]_i_18__0_n_0
    SLICE_X110Y78        LUT5 (Prop_lut5_I0_O)        0.152     1.181 r  u_lcd_timing/pix_data[23]_i_4__0/O
                         net (fo=159, routed)         0.751     1.932    u_lcd_timing/pix_data[23]_i_4__0_n_0
    SLICE_X105Y77        LUT6 (Prop_lut6_I1_O)        0.326     2.258 r  u_lcd_timing/pix_data[23]_i_766/O
                         net (fo=2, routed)           0.444     2.701    u_lcd_timing/pix_data[23]_i_766_n_0
    SLICE_X105Y77        LUT6 (Prop_lut6_I5_O)        0.124     2.825 r  u_lcd_timing/pix_data[23]_i_529/O
                         net (fo=64, routed)          0.980     3.805    u_lcd_timing/pix_data[23]_i_529_n_0
    SLICE_X100Y79        LUT3 (Prop_lut3_I1_O)        0.116     3.921 r  u_lcd_timing/pix_data[23]_i_885/O
                         net (fo=10, routed)          0.618     4.539    u_lcd_timing/pix_data[23]_i_885_n_0
    SLICE_X98Y78         LUT5 (Prop_lut5_I4_O)        0.328     4.867 r  u_lcd_timing/pix_data[23]_i_1220/O
                         net (fo=1, routed)           0.000     4.867    u_lcd_timing/pix_data[23]_i_1220_n_0
    SLICE_X98Y78         CARRY4 (Prop_carry4_S[1]_CO[3])
                                                      0.533     5.400 r  u_lcd_timing/pix_data_reg[23]_i_1010/CO[3]
                         net (fo=1, routed)           0.000     5.400    u_lcd_timing/pix_data_reg[23]_i_1010_n_0
    SLICE_X98Y79         CARRY4 (Prop_carry4_CI_CO[2])
                                                      0.229     5.629 r  u_lcd_timing/pix_data_reg[23]_i_751/CO[2]
                         net (fo=46, routed)          0.805     6.435    u_lcd_timing/pix_data_reg[23]_i_751_n_1
    SLICE_X94Y84         CARRY4 (Prop_carry4_CYINIT_O[1])
                                                      0.816     7.251 r  u_lcd_timing/pix_data_reg[23]_i_519/O[1]
                         net (fo=2, routed)           0.831     8.082    u_lcd_timing/pix_data_reg[23]_i_519_n_6
    SLICE_X94Y83         LUT4 (Prop_lut4_I3_O)        0.334     8.416 r  u_lcd_timing/pix_data[23]_i_521/O
                         net (fo=2, routed)           0.440     8.856    u_lcd_timing/pix_data[23]_i_521_n_0
    SLICE_X96Y84         LUT4 (Prop_lut4_I0_O)        0.348     9.204 r  u_lcd_timing/pix_data[23]_i_525/O
                         net (fo=1, routed)           0.000     9.204    u_lcd_timing/pix_data[23]_i_525_n_0
    SLICE_X96Y84         CARRY4 (Prop_carry4_S[1]_CO[3])
                                                      0.533     9.737 r  u_lcd_timing/pix_data_reg[23]_i_299/CO[3]
                         net (fo=1, routed)           0.000     9.737    u_lcd_timing/pix_data_reg[23]_i_299_n_0
    SLICE_X96Y85         CARRY4 (Prop_carry4_CI_CO[3])
                                                      0.117     9.854 r  u_lcd_timing/pix_data_reg[23]_i_303/CO[3]
                         net (fo=1, routed)           0.000     9.854    u_lcd_timing/pix_data_reg[23]_i_303_n_0
    SLICE_X96Y86         CARRY4 (Prop_carry4_CI_CO[3])
                                                      0.117     9.971 r  u_lcd_timing/pix_data_reg[23]_i_1297/CO[3]
                         net (fo=1, routed)           0.000     9.971    u_lcd_timing/pix_data_reg[23]_i_1297_n_0
    SLICE_X96Y87         CARRY4 (Prop_carry4_CI_O[1])
                                                      0.323    10.294 r  u_lcd_timing/pix_data_reg[23]_i_1121/O[1]
                         net (fo=4, routed)           0.870    11.164    u_lcd_timing/pix_data_reg[23]_i_1121_n_6
    SLICE_X100Y87        LUT3 (Prop_lut3_I0_O)        0.332    11.496 r  u_lcd_timing/pix_data[23]_i_1298/O
                         net (fo=1, routed)           0.559    12.055    u_lcd_timing/pix_data[23]_i_1298_n_0
    SLICE_X97Y86         LUT6 (Prop_lut6_I5_O)        0.328    12.383 r  u_lcd_timing/pix_data[23]_i_1117/O
                         net (fo=1, routed)           0.000    12.383    u_lcd_timing/pix_data[23]_i_1117_n_0
    SLICE_X97Y86         CARRY4 (Prop_carry4_S[3]_CO[3])
                                                      0.401    12.784 r  u_lcd_timing/pix_data_reg[23]_i_891/CO[3]
                         net (fo=1, routed)           0.000    12.784    u_lcd_timing/pix_data_reg[23]_i_891_n_0
    SLICE_X97Y87         CARRY4 (Prop_carry4_CI_O[1])
                                                      0.334    13.118 r  u_lcd_timing/pix_data_reg[23]_i_669/O[1]
                         net (fo=3, routed)           0.480    13.598    u_lcd_timing/pix_data_reg[23]_i_669_n_6
    SLICE_X98Y88         LUT2 (Prop_lut2_I0_O)        0.303    13.901 r  u_lcd_timing/pix_data[23]_i_890/O
                         net (fo=1, routed)           0.000    13.901    u_lcd_timing/pix_data[23]_i_890_n_0
    SLICE_X98Y88         CARRY4 (Prop_carry4_S[0]_CO[3])
                                                      0.513    14.414 r  u_lcd_timing/pix_data_reg[23]_i_664/CO[3]
                         net (fo=1, routed)           0.000    14.414    u_lcd_timing/pix_data_reg[23]_i_664_n_0
    SLICE_X98Y89         CARRY4 (Prop_carry4_CI_CO[3])
                                                      0.117    14.531 r  u_lcd_timing/pix_data_reg[23]_i_466/CO[3]
                         net (fo=1, routed)           0.000    14.531    u_lcd_timing/pix_data_reg[23]_i_466_n_0
    SLICE_X98Y90         CARRY4 (Prop_carry4_CI_O[1])
                                                      0.323    14.854 r  u_lcd_timing/pix_data_reg[23]_i_276/O[1]
                         net (fo=3, routed)           0.660    15.514    u_lcd_timing/pix_data_reg[23]_i_276_n_6
    SLICE_X99Y89         LUT3 (Prop_lut3_I2_O)        0.306    15.820 r  u_lcd_timing/pix_data[23]_i_485/O
                         net (fo=1, routed)           0.000    15.820    u_lcd_timing/pix_data[23]_i_485_n_0
    SLICE_X99Y89         CARRY4 (Prop_carry4_S[1]_CO[3])
                                                      0.550    16.370 r  u_lcd_timing/pix_data_reg[23]_i_278/CO[3]
                         net (fo=1, routed)           0.000    16.370    u_lcd_timing/pix_data_reg[23]_i_278_n_0
    SLICE_X99Y90         CARRY4 (Prop_carry4_CI_CO[0])
                                                      0.271    16.641 f  u_lcd_timing/pix_data_reg[23]_i_154/CO[0]
                         net (fo=5, routed)           1.030    17.670    u_lcd_timing/pix_data_reg[23]_i_154_n_3
    SLICE_X95Y78         LUT3 (Prop_lut3_I0_O)        0.373    18.043 r  u_lcd_timing/pix_data[23]_i_116/O
                         net (fo=87, routed)          0.610    18.654    u_lcd_timing/pix_data[23]_i_116_n_0
    SLICE_X94Y78         LUT6 (Prop_lut6_I2_O)        0.124    18.778 r  u_lcd_timing/pix_data[23]_i_74/O
                         net (fo=26, routed)          1.443    20.221    u_lcd_timing/h_div[2]
    SLICE_X95Y67         LUT6 (Prop_lut6_I2_O)        0.124    20.345 f  u_lcd_timing/pix_data[23]_i_257/O
                         net (fo=1, routed)           1.086    21.431    u_lcd_timing/pix_data[23]_i_257_n_0
    SLICE_X95Y73         LUT5 (Prop_lut5_I0_O)        0.124    21.555 f  u_lcd_timing/pix_data[23]_i_143/O
                         net (fo=1, routed)           0.639    22.193    u_lcd_timing/pix_data[23]_i_143_n_0
    SLICE_X98Y75         LUT6 (Prop_lut6_I3_O)        0.124    22.317 f  u_lcd_timing/pix_data[23]_i_67/O
                         net (fo=1, routed)           0.985    23.302    u_lcd_timing/pix_data[23]_i_67_n_0
    SLICE_X100Y75        LUT3 (Prop_lut3_I1_O)        0.146    23.448 f  u_lcd_timing/pix_data[23]_i_23/O
                         net (fo=1, routed)           0.452    23.900    u_lcd_timing/pix_data[23]_i_23_n_0
    SLICE_X100Y75        LUT5 (Prop_lut5_I4_O)        0.328    24.228 f  u_lcd_timing/pix_data[23]_i_5/O
                         net (fo=4, routed)           0.600    24.829    u_lcd_timing/map_bit
    SLICE_X105Y75        LUT6 (Prop_lut6_I5_O)        0.124    24.953 r  u_lcd_timing/pix_data[6]_i_1/O
                         net (fo=1, routed)           0.000    24.953    u_renderer/D[0]
    SLICE_X105Y75        FDRE                                         r  u_renderer/pix_data_reg[6]/D
  -------------------------------------------------------------------    -------------------

                         (clock clk_out1_clk_wiz_0 rise edge)
                                                     30.303    30.303 r  
    Y9                                                0.000    30.303 r  sys_clk (IN)
                         net (fo=0)                   0.000    30.303    clk_wiz_inst/inst/clk_in1
    Y9                   IBUF (Prop_ibuf_I_O)         1.420    31.723 r  clk_wiz_inst/inst/clkin1_ibufg/O
                         net (fo=1, routed)           1.181    32.904    clk_wiz_inst/inst/clk_in1_clk_wiz_0
    PLLE2_ADV_X0Y0       PLLE2_ADV (Prop_plle2_adv_CLKIN1_CLKOUT0)
                                                     -7.970    24.934 r  clk_wiz_inst/inst/plle2_adv_inst/CLKOUT0
                         net (fo=1, routed)           1.686    26.620    clk_wiz_inst/inst/clk_out1_clk_wiz_0
    BUFGCTRL_X0Y0        BUFG (Prop_bufg_I_O)         0.091    26.711 r  clk_wiz_inst/inst/clkout1_buf/O
                         net (fo=329, routed)         1.595    28.306    u_renderer/clk_out1
    SLICE_X105Y75        FDRE                                         r  u_renderer/pix_data_reg[6]/C
                         clock pessimism             -0.414    27.892    
                         clock uncertainty           -0.170    27.722    
    SLICE_X105Y75        FDRE (Setup_fdre_C_D)        0.031    27.753    u_renderer/pix_data_reg[6]
  -------------------------------------------------------------------
                         required time                         27.753    
                         arrival time                         -24.953    
  -------------------------------------------------------------------
                         slack                                  2.800    

Slack (MET) :             2.912ns  (required time - arrival time)
  Source:                 u_lcd_timing/cnt_h_reg[4]/C
                            (rising edge-triggered cell FDCE clocked by clk_out1_clk_wiz_0  {rise@0.000ns fall@15.152ns period=30.303ns})
  Destination:            u_renderer/pix_data_reg[22]/D
                            (rising edge-triggered cell FDRE clocked by clk_out1_clk_wiz_0  {rise@0.000ns fall@15.152ns period=30.303ns})
  Path Group:             clk_out1_clk_wiz_0
  Path Type:              Setup (Max at Slow Process Corner)
  Requirement:            30.303ns  (clk_out1_clk_wiz_0 rise@30.303ns - clk_out1_clk_wiz_0 rise@0.000ns)
  Data Path Delay:        27.106ns  (logic 10.345ns (38.164%)  route 16.761ns (61.836%))
  Logic Levels:           35  (CARRY4=14 LUT2=1 LUT3=5 LUT4=2 LUT5=6 LUT6=7)
  Clock Path Skew:        -0.146ns (DCD - SCD + CPR)
    Destination Clock Delay (DCD):    -1.997ns = ( 28.306 - 30.303 ) 
    Source Clock Delay      (SCD):    -2.265ns
    Clock Pessimism Removal (CPR):    -0.414ns
  Clock Uncertainty:      0.170ns  ((TSJ^2 + DJ^2)^1/2) / 2 + PE
    Total System Jitter     (TSJ):    0.071ns
    Discrete Jitter          (DJ):    0.333ns
    Phase Error              (PE):    0.000ns

    Location             Delay type                Incr(ns)  Path(ns)    Netlist Resource(s)
  -------------------------------------------------------------------    -------------------
                         (clock clk_out1_clk_wiz_0 rise edge)
                                                      0.000     0.000 r  
    Y9                                                0.000     0.000 r  sys_clk (IN)
                         net (fo=0)                   0.000     0.000    clk_wiz_inst/inst/clk_in1
    Y9                   IBUF (Prop_ibuf_I_O)         1.490     1.490 r  clk_wiz_inst/inst/clkin1_ibufg/O
                         net (fo=1, routed)           1.306     2.796    clk_wiz_inst/inst/clk_in1_clk_wiz_0
    PLLE2_ADV_X0Y0       PLLE2_ADV (Prop_plle2_adv_CLKIN1_CLKOUT0)
                                                     -8.866    -6.070 r  clk_wiz_inst/inst/plle2_adv_inst/CLKOUT0
                         net (fo=1, routed)           1.849    -4.221    clk_wiz_inst/inst/clk_out1_clk_wiz_0
    BUFGCTRL_X0Y0        BUFG (Prop_bufg_I_O)         0.101    -4.120 r  clk_wiz_inst/inst/clkout1_buf/O
                         net (fo=329, routed)         1.855    -2.265    u_lcd_timing/CLK
    SLICE_X113Y79        FDCE                                         r  u_lcd_timing/cnt_h_reg[4]/C
  -------------------------------------------------------------------    -------------------
    SLICE_X113Y79        FDCE (Prop_fdce_C_Q)         0.456    -1.809 f  u_lcd_timing/cnt_h_reg[4]/Q
                         net (fo=23, routed)          1.236    -0.572    u_lcd_timing/cnt_h_reg_n_0_[4]
    SLICE_X108Y77        LUT5 (Prop_lut5_I0_O)        0.124    -0.448 r  u_lcd_timing/pix_data[23]_i_50__0/O
                         net (fo=5, routed)           0.609     0.160    u_lcd_timing/pix_data[23]_i_50__0_n_0
    SLICE_X110Y78        LUT5 (Prop_lut5_I3_O)        0.124     0.284 r  u_lcd_timing/pix_data[23]_i_18__0/O
                         net (fo=18, routed)          0.744     1.029    u_lcd_timing/pix_data[23]_i_18__0_n_0
    SLICE_X110Y78        LUT5 (Prop_lut5_I0_O)        0.152     1.181 r  u_lcd_timing/pix_data[23]_i_4__0/O
                         net (fo=159, routed)         0.751     1.932    u_lcd_timing/pix_data[23]_i_4__0_n_0
    SLICE_X105Y77        LUT6 (Prop_lut6_I1_O)        0.326     2.258 r  u_lcd_timing/pix_data[23]_i_766/O
                         net (fo=2, routed)           0.444     2.701    u_lcd_timing/pix_data[23]_i_766_n_0
    SLICE_X105Y77        LUT6 (Prop_lut6_I5_O)        0.124     2.825 r  u_lcd_timing/pix_data[23]_i_529/O
                         net (fo=64, routed)          0.980     3.805    u_lcd_timing/pix_data[23]_i_529_n_0
    SLICE_X100Y79        LUT3 (Prop_lut3_I1_O)        0.116     3.921 r  u_lcd_timing/pix_data[23]_i_885/O
                         net (fo=10, routed)          0.618     4.539    u_lcd_timing/pix_data[23]_i_885_n_0
    SLICE_X98Y78         LUT5 (Prop_lut5_I4_O)        0.328     4.867 r  u_lcd_timing/pix_data[23]_i_1220/O
                         net (fo=1, routed)           0.000     4.867    u_lcd_timing/pix_data[23]_i_1220_n_0
    SLICE_X98Y78         CARRY4 (Prop_carry4_S[1]_CO[3])
                                                      0.533     5.400 r  u_lcd_timing/pix_data_reg[23]_i_1010/CO[3]
                         net (fo=1, routed)           0.000     5.400    u_lcd_timing/pix_data_reg[23]_i_1010_n_0
    SLICE_X98Y79         CARRY4 (Prop_carry4_CI_CO[2])
                                                      0.229     5.629 r  u_lcd_timing/pix_data_reg[23]_i_751/CO[2]
                         net (fo=46, routed)          0.805     6.435    u_lcd_timing/pix_data_reg[23]_i_751_n_1
    SLICE_X94Y84         CARRY4 (Prop_carry4_CYINIT_O[1])
                                                      0.816     7.251 r  u_lcd_timing/pix_data_reg[23]_i_519/O[1]
                         net (fo=2, routed)           0.831     8.082    u_lcd_timing/pix_data_reg[23]_i_519_n_6
    SLICE_X94Y83         LUT4 (Prop_lut4_I3_O)        0.334     8.416 r  u_lcd_timing/pix_data[23]_i_521/O
                         net (fo=2, routed)           0.440     8.856    u_lcd_timing/pix_data[23]_i_521_n_0
    SLICE_X96Y84         LUT4 (Prop_lut4_I0_O)        0.348     9.204 r  u_lcd_timing/pix_data[23]_i_525/O
                         net (fo=1, routed)           0.000     9.204    u_lcd_timing/pix_data[23]_i_525_n_0
    SLICE_X96Y84         CARRY4 (Prop_carry4_S[1]_CO[3])
                                                      0.533     9.737 r  u_lcd_timing/pix_data_reg[23]_i_299/CO[3]
                         net (fo=1, routed)           0.000     9.737    u_lcd_timing/pix_data_reg[23]_i_299_n_0
    SLICE_X96Y85         CARRY4 (Prop_carry4_CI_CO[3])
                                                      0.117     9.854 r  u_lcd_timing/pix_data_reg[23]_i_303/CO[3]
                         net (fo=1, routed)           0.000     9.854    u_lcd_timing/pix_data_reg[23]_i_303_n_0
    SLICE_X96Y86         CARRY4 (Prop_carry4_CI_CO[3])
                                                      0.117     9.971 r  u_lcd_timing/pix_data_reg[23]_i_1297/CO[3]
                         net (fo=1, routed)           0.000     9.971    u_lcd_timing/pix_data_reg[23]_i_1297_n_0
    SLICE_X96Y87         CARRY4 (Prop_carry4_CI_O[1])
                                                      0.323    10.294 r  u_lcd_timing/pix_data_reg[23]_i_1121/O[1]
                         net (fo=4, routed)           0.870    11.164    u_lcd_timing/pix_data_reg[23]_i_1121_n_6
    SLICE_X100Y87        LUT3 (Prop_lut3_I0_O)        0.332    11.496 r  u_lcd_timing/pix_data[23]_i_1298/O
                         net (fo=1, routed)           0.559    12.055    u_lcd_timing/pix_data[23]_i_1298_n_0
    SLICE_X97Y86         LUT6 (Prop_lut6_I5_O)        0.328    12.383 r  u_lcd_timing/pix_data[23]_i_1117/O
                         net (fo=1, routed)           0.000    12.383    u_lcd_timing/pix_data[23]_i_1117_n_0
    SLICE_X97Y86         CARRY4 (Prop_carry4_S[3]_CO[3])
                                                      0.401    12.784 r  u_lcd_timing/pix_data_reg[23]_i_891/CO[3]
                         net (fo=1, routed)           0.000    12.784    u_lcd_timing/pix_data_reg[23]_i_891_n_0
    SLICE_X97Y87         CARRY4 (Prop_carry4_CI_O[1])
                                                      0.334    13.118 r  u_lcd_timing/pix_data_reg[23]_i_669/O[1]
                         net (fo=3, routed)           0.480    13.598    u_lcd_timing/pix_data_reg[23]_i_669_n_6
    SLICE_X98Y88         LUT2 (Prop_lut2_I0_O)        0.303    13.901 r  u_lcd_timing/pix_data[23]_i_890/O
                         net (fo=1, routed)           0.000    13.901    u_lcd_timing/pix_data[23]_i_890_n_0
    SLICE_X98Y88         CARRY4 (Prop_carry4_S[0]_CO[3])
                                                      0.513    14.414 r  u_lcd_timing/pix_data_reg[23]_i_664/CO[3]
                         net (fo=1, routed)           0.000    14.414    u_lcd_timing/pix_data_reg[23]_i_664_n_0
    SLICE_X98Y89         CARRY4 (Prop_carry4_CI_CO[3])
                                                      0.117    14.531 r  u_lcd_timing/pix_data_reg[23]_i_466/CO[3]
                         net (fo=1, routed)           0.000    14.531    u_lcd_timing/pix_data_reg[23]_i_466_n_0
    SLICE_X98Y90         CARRY4 (Prop_carry4_CI_O[1])
                                                      0.323    14.854 r  u_lcd_timing/pix_data_reg[23]_i_276/O[1]
                         net (fo=3, routed)           0.660    15.514    u_lcd_timing/pix_data_reg[23]_i_276_n_6
    SLICE_X99Y89         LUT3 (Prop_lut3_I2_O)        0.306    15.820 r  u_lcd_timing/pix_data[23]_i_485/O
                         net (fo=1, routed)           0.000    15.820    u_lcd_timing/pix_data[23]_i_485_n_0
    SLICE_X99Y89         CARRY4 (Prop_carry4_S[1]_CO[3])
                                                      0.550    16.370 r  u_lcd_timing/pix_data_reg[23]_i_278/CO[3]
                         net (fo=1, routed)           0.000    16.370    u_lcd_timing/pix_data_reg[23]_i_278_n_0
    SLICE_X99Y90         CARRY4 (Prop_carry4_CI_CO[0])
                                                      0.271    16.641 f  u_lcd_timing/pix_data_reg[23]_i_154/CO[0]
                         net (fo=5, routed)           1.030    17.670    u_lcd_timing/pix_data_reg[23]_i_154_n_3
    SLICE_X95Y78         LUT3 (Prop_lut3_I0_O)        0.373    18.043 r  u_lcd_timing/pix_data[23]_i_116/O
                         net (fo=87, routed)          0.610    18.654    u_lcd_timing/pix_data[23]_i_116_n_0
    SLICE_X94Y78         LUT6 (Prop_lut6_I2_O)        0.124    18.778 r  u_lcd_timing/pix_data[23]_i_74/O
                         net (fo=26, routed)          1.443    20.221    u_lcd_timing/h_div[2]
    SLICE_X95Y67         LUT6 (Prop_lut6_I2_O)        0.124    20.345 f  u_lcd_timing/pix_data[23]_i_257/O
                         net (fo=1, routed)           1.086    21.431    u_lcd_timing/pix_data[23]_i_257_n_0
    SLICE_X95Y73         LUT5 (Prop_lut5_I0_O)        0.124    21.555 f  u_lcd_timing/pix_data[23]_i_143/O
                         net (fo=1, routed)           0.639    22.193    u_lcd_timing/pix_data[23]_i_143_n_0
    SLICE_X98Y75         LUT6 (Prop_lut6_I3_O)        0.124    22.317 f  u_lcd_timing/pix_data[23]_i_67/O
                         net (fo=1, routed)           0.985    23.302    u_lcd_timing/pix_data[23]_i_67_n_0
    SLICE_X100Y75        LUT3 (Prop_lut3_I1_O)        0.146    23.448 f  u_lcd_timing/pix_data[23]_i_23/O
                         net (fo=1, routed)           0.452    23.900    u_lcd_timing/pix_data[23]_i_23_n_0
    SLICE_X100Y75        LUT5 (Prop_lut5_I4_O)        0.328    24.228 f  u_lcd_timing/pix_data[23]_i_5/O
                         net (fo=4, routed)           0.489    24.718    u_lcd_timing/map_bit
    SLICE_X105Y75        LUT6 (Prop_lut6_I4_O)        0.124    24.842 r  u_lcd_timing/pix_data[22]_i_1/O
                         net (fo=1, routed)           0.000    24.842    u_renderer/D[4]
    SLICE_X105Y75        FDRE                                         r  u_renderer/pix_data_reg[22]/D
  -------------------------------------------------------------------    -------------------

                         (clock clk_out1_clk_wiz_0 rise edge)
                                                     30.303    30.303 r  
    Y9                                                0.000    30.303 r  sys_clk (IN)
                         net (fo=0)                   0.000    30.303    clk_wiz_inst/inst/clk_in1
    Y9                   IBUF (Prop_ibuf_I_O)         1.420    31.723 r  clk_wiz_inst/inst/clkin1_ibufg/O
                         net (fo=1, routed)           1.181    32.904    clk_wiz_inst/inst/clk_in1_clk_wiz_0
    PLLE2_ADV_X0Y0       PLLE2_ADV (Prop_plle2_adv_CLKIN1_CLKOUT0)
                                                     -7.970    24.934 r  clk_wiz_inst/inst/plle2_adv_inst/CLKOUT0
                         net (fo=1, routed)           1.686    26.620    clk_wiz_inst/inst/clk_out1_clk_wiz_0
    BUFGCTRL_X0Y0        BUFG (Prop_bufg_I_O)         0.091    26.711 r  clk_wiz_inst/inst/clkout1_buf/O
                         net (fo=329, routed)         1.595    28.306    u_renderer/clk_out1
    SLICE_X105Y75        FDRE                                         r  u_renderer/pix_data_reg[22]/C
                         clock pessimism             -0.414    27.892    
                         clock uncertainty           -0.170    27.722    
    SLICE_X105Y75        FDRE (Setup_fdre_C_D)        0.032    27.754    u_renderer/pix_data_reg[22]
  -------------------------------------------------------------------
                         required time                         27.754    
                         arrival time                         -24.842    
  -------------------------------------------------------------------
                         slack                                  2.912    

Slack (MET) :             2.916ns  (required time - arrival time)
  Source:                 u_lcd_timing/cnt_h_reg[4]/C
                            (rising edge-triggered cell FDCE clocked by clk_out1_clk_wiz_0  {rise@0.000ns fall@15.152ns period=30.303ns})
  Destination:            u_renderer/pix_data_reg[7]/D
                            (rising edge-triggered cell FDRE clocked by clk_out1_clk_wiz_0  {rise@0.000ns fall@15.152ns period=30.303ns})
  Path Group:             clk_out1_clk_wiz_0
  Path Type:              Setup (Max at Slow Process Corner)
  Requirement:            30.303ns  (clk_out1_clk_wiz_0 rise@30.303ns - clk_out1_clk_wiz_0 rise@0.000ns)
  Data Path Delay:        27.101ns  (logic 10.345ns (38.171%)  route 16.756ns (61.829%))
  Logic Levels:           35  (CARRY4=14 LUT2=1 LUT3=5 LUT4=2 LUT5=6 LUT6=7)
  Clock Path Skew:        -0.146ns (DCD - SCD + CPR)
    Destination Clock Delay (DCD):    -1.997ns = ( 28.306 - 30.303 ) 
    Source Clock Delay      (SCD):    -2.265ns
    Clock Pessimism Removal (CPR):    -0.414ns
  Clock Uncertainty:      0.170ns  ((TSJ^2 + DJ^2)^1/2) / 2 + PE
    Total System Jitter     (TSJ):    0.071ns
    Discrete Jitter          (DJ):    0.333ns
    Phase Error              (PE):    0.000ns

    Location             Delay type                Incr(ns)  Path(ns)    Netlist Resource(s)
  -------------------------------------------------------------------    -------------------
                         (clock clk_out1_clk_wiz_0 rise edge)
                                                      0.000     0.000 r  
    Y9                                                0.000     0.000 r  sys_clk (IN)
                         net (fo=0)                   0.000     0.000    clk_wiz_inst/inst/clk_in1
    Y9                   IBUF (Prop_ibuf_I_O)         1.490     1.490 r  clk_wiz_inst/inst/clkin1_ibufg/O
                         net (fo=1, routed)           1.306     2.796    clk_wiz_inst/inst/clk_in1_clk_wiz_0
    PLLE2_ADV_X0Y0       PLLE2_ADV (Prop_plle2_adv_CLKIN1_CLKOUT0)
                                                     -8.866    -6.070 r  clk_wiz_inst/inst/plle2_adv_inst/CLKOUT0
                         net (fo=1, routed)           1.849    -4.221    clk_wiz_inst/inst/clk_out1_clk_wiz_0
    BUFGCTRL_X0Y0        BUFG (Prop_bufg_I_O)         0.101    -4.120 r  clk_wiz_inst/inst/clkout1_buf/O
                         net (fo=329, routed)         1.855    -2.265    u_lcd_timing/CLK
    SLICE_X113Y79        FDCE                                         r  u_lcd_timing/cnt_h_reg[4]/C
  -------------------------------------------------------------------    -------------------
    SLICE_X113Y79        FDCE (Prop_fdce_C_Q)         0.456    -1.809 f  u_lcd_timing/cnt_h_reg[4]/Q
                         net (fo=23, routed)          1.236    -0.572    u_lcd_timing/cnt_h_reg_n_0_[4]
    SLICE_X108Y77        LUT5 (Prop_lut5_I0_O)        0.124    -0.448 r  u_lcd_timing/pix_data[23]_i_50__0/O
                         net (fo=5, routed)           0.609     0.160    u_lcd_timing/pix_data[23]_i_50__0_n_0
    SLICE_X110Y78        LUT5 (Prop_lut5_I3_O)        0.124     0.284 r  u_lcd_timing/pix_data[23]_i_18__0/O
                         net (fo=18, routed)          0.744     1.029    u_lcd_timing/pix_data[23]_i_18__0_n_0
    SLICE_X110Y78        LUT5 (Prop_lut5_I0_O)        0.152     1.181 r  u_lcd_timing/pix_data[23]_i_4__0/O
                         net (fo=159, routed)         0.751     1.932    u_lcd_timing/pix_data[23]_i_4__0_n_0
    SLICE_X105Y77        LUT6 (Prop_lut6_I1_O)        0.326     2.258 r  u_lcd_timing/pix_data[23]_i_766/O
                         net (fo=2, routed)           0.444     2.701    u_lcd_timing/pix_data[23]_i_766_n_0
    SLICE_X105Y77        LUT6 (Prop_lut6_I5_O)        0.124     2.825 r  u_lcd_timing/pix_data[23]_i_529/O
                         net (fo=64, routed)          0.980     3.805    u_lcd_timing/pix_data[23]_i_529_n_0
    SLICE_X100Y79        LUT3 (Prop_lut3_I1_O)        0.116     3.921 r  u_lcd_timing/pix_data[23]_i_885/O
                         net (fo=10, routed)          0.618     4.539    u_lcd_timing/pix_data[23]_i_885_n_0
    SLICE_X98Y78         LUT5 (Prop_lut5_I4_O)        0.328     4.867 r  u_lcd_timing/pix_data[23]_i_1220/O
                         net (fo=1, routed)           0.000     4.867    u_lcd_timing/pix_data[23]_i_1220_n_0
    SLICE_X98Y78         CARRY4 (Prop_carry4_S[1]_CO[3])
                                                      0.533     5.400 r  u_lcd_timing/pix_data_reg[23]_i_1010/CO[3]
                         net (fo=1, routed)           0.000     5.400    u_lcd_timing/pix_data_reg[23]_i_1010_n_0
    SLICE_X98Y79         CARRY4 (Prop_carry4_CI_CO[2])
                                                      0.229     5.629 r  u_lcd_timing/pix_data_reg[23]_i_751/CO[2]
                         net (fo=46, routed)          0.805     6.435    u_lcd_timing/pix_data_reg[23]_i_751_n_1
    SLICE_X94Y84         CARRY4 (Prop_carry4_CYINIT_O[1])
                                                      0.816     7.251 r  u_lcd_timing/pix_data_reg[23]_i_519/O[1]
                         net (fo=2, routed)           0.831     8.082    u_lcd_timing/pix_data_reg[23]_i_519_n_6
    SLICE_X94Y83         LUT4 (Prop_lut4_I3_O)        0.334     8.416 r  u_lcd_timing/pix_data[23]_i_521/O
                         net (fo=2, routed)           0.440     8.856    u_lcd_timing/pix_data[23]_i_521_n_0
    SLICE_X96Y84         LUT4 (Prop_lut4_I0_O)        0.348     9.204 r  u_lcd_timing/pix_data[23]_i_525/O
                         net (fo=1, routed)           0.000     9.204    u_lcd_timing/pix_data[23]_i_525_n_0
    SLICE_X96Y84         CARRY4 (Prop_carry4_S[1]_CO[3])
                                                      0.533     9.737 r  u_lcd_timing/pix_data_reg[23]_i_299/CO[3]
                         net (fo=1, routed)           0.000     9.737    u_lcd_timing/pix_data_reg[23]_i_299_n_0
    SLICE_X96Y85         CARRY4 (Prop_carry4_CI_CO[3])
                                                      0.117     9.854 r  u_lcd_timing/pix_data_reg[23]_i_303/CO[3]
                         net (fo=1, routed)           0.000     9.854    u_lcd_timing/pix_data_reg[23]_i_303_n_0
    SLICE_X96Y86         CARRY4 (Prop_carry4_CI_CO[3])
                                                      0.117     9.971 r  u_lcd_timing/pix_data_reg[23]_i_1297/CO[3]
                         net (fo=1, routed)           0.000     9.971    u_lcd_timing/pix_data_reg[23]_i_1297_n_0
    SLICE_X96Y87         CARRY4 (Prop_carry4_CI_O[1])
                                                      0.323    10.294 r  u_lcd_timing/pix_data_reg[23]_i_1121/O[1]
                         net (fo=4, routed)           0.870    11.164    u_lcd_timing/pix_data_reg[23]_i_1121_n_6
    SLICE_X100Y87        LUT3 (Prop_lut3_I0_O)        0.332    11.496 r  u_lcd_timing/pix_data[23]_i_1298/O
                         net (fo=1, routed)           0.559    12.055    u_lcd_timing/pix_data[23]_i_1298_n_0
    SLICE_X97Y86         LUT6 (Prop_lut6_I5_O)        0.328    12.383 r  u_lcd_timing/pix_data[23]_i_1117/O
                         net (fo=1, routed)           0.000    12.383    u_lcd_timing/pix_data[23]_i_1117_n_0
    SLICE_X97Y86         CARRY4 (Prop_carry4_S[3]_CO[3])
                                                      0.401    12.784 r  u_lcd_timing/pix_data_reg[23]_i_891/CO[3]
                         net (fo=1, routed)           0.000    12.784    u_lcd_timing/pix_data_reg[23]_i_891_n_0
    SLICE_X97Y87         CARRY4 (Prop_carry4_CI_O[1])
                                                      0.334    13.118 r  u_lcd_timing/pix_data_reg[23]_i_669/O[1]
                         net (fo=3, routed)           0.480    13.598    u_lcd_timing/pix_data_reg[23]_i_669_n_6
    SLICE_X98Y88         LUT2 (Prop_lut2_I0_O)        0.303    13.901 r  u_lcd_timing/pix_data[23]_i_890/O
                         net (fo=1, routed)           0.000    13.901    u_lcd_timing/pix_data[23]_i_890_n_0
    SLICE_X98Y88         CARRY4 (Prop_carry4_S[0]_CO[3])
                                                      0.513    14.414 r  u_lcd_timing/pix_data_reg[23]_i_664/CO[3]
                         net (fo=1, routed)           0.000    14.414    u_lcd_timing/pix_data_reg[23]_i_664_n_0
    SLICE_X98Y89         CARRY4 (Prop_carry4_CI_CO[3])
                                                      0.117    14.531 r  u_lcd_timing/pix_data_reg[23]_i_466/CO[3]
                         net (fo=1, routed)           0.000    14.531    u_lcd_timing/pix_data_reg[23]_i_466_n_0
    SLICE_X98Y90         CARRY4 (Prop_carry4_CI_O[1])
                                                      0.323    14.854 r  u_lcd_timing/pix_data_reg[23]_i_276/O[1]
                         net (fo=3, routed)           0.660    15.514    u_lcd_timing/pix_data_reg[23]_i_276_n_6
    SLICE_X99Y89         LUT3 (Prop_lut3_I2_O)        0.306    15.820 r  u_lcd_timing/pix_data[23]_i_485/O
                         net (fo=1, routed)           0.000    15.820    u_lcd_timing/pix_data[23]_i_485_n_0
    SLICE_X99Y89         CARRY4 (Prop_carry4_S[1]_CO[3])
                                                      0.550    16.370 r  u_lcd_timing/pix_data_reg[23]_i_278/CO[3]
                         net (fo=1, routed)           0.000    16.370    u_lcd_timing/pix_data_reg[23]_i_278_n_0
    SLICE_X99Y90         CARRY4 (Prop_carry4_CI_CO[0])
                                                      0.271    16.641 f  u_lcd_timing/pix_data_reg[23]_i_154/CO[0]
                         net (fo=5, routed)           1.030    17.670    u_lcd_timing/pix_data_reg[23]_i_154_n_3
    SLICE_X95Y78         LUT3 (Prop_lut3_I0_O)        0.373    18.043 r  u_lcd_timing/pix_data[23]_i_116/O
                         net (fo=87, routed)          0.610    18.654    u_lcd_timing/pix_data[23]_i_116_n_0
    SLICE_X94Y78         LUT6 (Prop_lut6_I2_O)        0.124    18.778 r  u_lcd_timing/pix_data[23]_i_74/O
                         net (fo=26, routed)          1.443    20.221    u_lcd_timing/h_div[2]
    SLICE_X95Y67         LUT6 (Prop_lut6_I2_O)        0.124    20.345 f  u_lcd_timing/pix_data[23]_i_257/O
                         net (fo=1, routed)           1.086    21.431    u_lcd_timing/pix_data[23]_i_257_n_0
    SLICE_X95Y73         LUT5 (Prop_lut5_I0_O)        0.124    21.555 f  u_lcd_timing/pix_data[23]_i_143/O
                         net (fo=1, routed)           0.639    22.193    u_lcd_timing/pix_data[23]_i_143_n_0
    SLICE_X98Y75         LUT6 (Prop_lut6_I3_O)        0.124    22.317 f  u_lcd_timing/pix_data[23]_i_67/O
                         net (fo=1, routed)           0.985    23.302    u_lcd_timing/pix_data[23]_i_67_n_0
    SLICE_X100Y75        LUT3 (Prop_lut3_I1_O)        0.146    23.448 f  u_lcd_timing/pix_data[23]_i_23/O
                         net (fo=1, routed)           0.452    23.900    u_lcd_timing/pix_data[23]_i_23_n_0
    SLICE_X100Y75        LUT5 (Prop_lut5_I4_O)        0.328    24.228 f  u_lcd_timing/pix_data[23]_i_5/O
                         net (fo=4, routed)           0.484    24.713    u_lcd_timing/map_bit
    SLICE_X105Y75        LUT6 (Prop_lut6_I3_O)        0.124    24.837 r  u_lcd_timing/pix_data[7]_i_1/O
                         net (fo=1, routed)           0.000    24.837    u_renderer/D[1]
    SLICE_X105Y75        FDRE                                         r  u_renderer/pix_data_reg[7]/D
  -------------------------------------------------------------------    -------------------

                         (clock clk_out1_clk_wiz_0 rise edge)
                                                     30.303    30.303 r  
    Y9                                                0.000    30.303 r  sys_clk (IN)
                         net (fo=0)                   0.000    30.303    clk_wiz_inst/inst/clk_in1
    Y9                   IBUF (Prop_ibuf_I_O)         1.420    31.723 r  clk_wiz_inst/inst/clkin1_ibufg/O
                         net (fo=1, routed)           1.181    32.904    clk_wiz_inst/inst/clk_in1_clk_wiz_0
    PLLE2_ADV_X0Y0       PLLE2_ADV (Prop_plle2_adv_CLKIN1_CLKOUT0)
                                                     -7.970    24.934 r  clk_wiz_inst/inst/plle2_adv_inst/CLKOUT0
                         net (fo=1, routed)           1.686    26.620    clk_wiz_inst/inst/clk_out1_clk_wiz_0
    BUFGCTRL_X0Y0        BUFG (Prop_bufg_I_O)         0.091    26.711 r  clk_wiz_inst/inst/clkout1_buf/O
                         net (fo=329, routed)         1.595    28.306    u_renderer/clk_out1
    SLICE_X105Y75        FDRE                                         r  u_renderer/pix_data_reg[7]/C
                         clock pessimism             -0.414    27.892    
                         clock uncertainty           -0.170    27.722    
    SLICE_X105Y75        FDRE (Setup_fdre_C_D)        0.031    27.753    u_renderer/pix_data_reg[7]
  -------------------------------------------------------------------
                         required time                         27.753    
                         arrival time                         -24.837    
  -------------------------------------------------------------------
                         slack                                  2.916    

Slack (MET) :             9.241ns  (required time - arrival time)
  Source:                 u_lcd_timing/cnt_h_reg[4]/C
                            (rising edge-triggered cell FDCE clocked by clk_out1_clk_wiz_0  {rise@0.000ns fall@15.152ns period=30.303ns})
  Destination:            u_renderer/pix_data_reg[14]/D
                            (rising edge-triggered cell FDRE clocked by clk_out1_clk_wiz_0  {rise@0.000ns fall@15.152ns period=30.303ns})
  Path Group:             clk_out1_clk_wiz_0
  Path Type:              Setup (Max at Slow Process Corner)
  Requirement:            30.303ns  (clk_out1_clk_wiz_0 rise@30.303ns - clk_out1_clk_wiz_0 rise@0.000ns)
  Data Path Delay:        20.856ns  (logic 6.694ns (32.096%)  route 14.162ns (67.904%))
  Logic Levels:           24  (CARRY4=9 LUT2=1 LUT3=3 LUT4=3 LUT5=7 LUT6=1)
  Clock Path Skew:        -0.065ns (DCD - SCD + CPR)
    Destination Clock Delay (DCD):    -1.916ns = ( 28.387 - 30.303 ) 
    Source Clock Delay      (SCD):    -2.265ns
    Clock Pessimism Removal (CPR):    -0.414ns
  Clock Uncertainty:      0.170ns  ((TSJ^2 + DJ^2)^1/2) / 2 + PE
    Total System Jitter     (TSJ):    0.071ns
    Discrete Jitter          (DJ):    0.333ns
    Phase Error              (PE):    0.000ns

    Location             Delay type                Incr(ns)  Path(ns)    Netlist Resource(s)
  -------------------------------------------------------------------    -------------------
                         (clock clk_out1_clk_wiz_0 rise edge)
                                                      0.000     0.000 r  
    Y9                                                0.000     0.000 r  sys_clk (IN)
                         net (fo=0)                   0.000     0.000    clk_wiz_inst/inst/clk_in1
    Y9                   IBUF (Prop_ibuf_I_O)         1.490     1.490 r  clk_wiz_inst/inst/clkin1_ibufg/O
                         net (fo=1, routed)           1.306     2.796    clk_wiz_inst/inst/clk_in1_clk_wiz_0
    PLLE2_ADV_X0Y0       PLLE2_ADV (Prop_plle2_adv_CLKIN1_CLKOUT0)
                                                     -8.866    -6.070 r  clk_wiz_inst/inst/plle2_adv_inst/CLKOUT0
                         net (fo=1, routed)           1.849    -4.221    clk_wiz_inst/inst/clk_out1_clk_wiz_0
    BUFGCTRL_X0Y0        BUFG (Prop_bufg_I_O)         0.101    -4.120 r  clk_wiz_inst/inst/clkout1_buf/O
                         net (fo=329, routed)         1.855    -2.265    u_lcd_timing/CLK
    SLICE_X113Y79        FDCE                                         r  u_lcd_timing/cnt_h_reg[4]/C
  -------------------------------------------------------------------    -------------------
    SLICE_X113Y79        FDCE (Prop_fdce_C_Q)         0.456    -1.809 f  u_lcd_timing/cnt_h_reg[4]/Q
                         net (fo=23, routed)          1.236    -0.572    u_lcd_timing/cnt_h_reg_n_0_[4]
    SLICE_X108Y77        LUT5 (Prop_lut5_I0_O)        0.124    -0.448 r  u_lcd_timing/pix_data[23]_i_50__0/O
                         net (fo=5, routed)           0.609     0.160    u_lcd_timing/pix_data[23]_i_50__0_n_0
    SLICE_X110Y78        LUT5 (Prop_lut5_I3_O)        0.124     0.284 r  u_lcd_timing/pix_data[23]_i_18__0/O
                         net (fo=18, routed)          0.744     1.029    u_lcd_timing/pix_data[23]_i_18__0_n_0
    SLICE_X110Y78        LUT5 (Prop_lut5_I0_O)        0.152     1.181 r  u_lcd_timing/pix_data[23]_i_4__0/O
                         net (fo=159, routed)         1.070     2.251    u_lcd_timing/pix_data[23]_i_4__0_n_0
    SLICE_X110Y82        LUT3 (Prop_lut3_I0_O)        0.326     2.577 f  u_lcd_timing/pix_data[23]_i_83__0/O
                         net (fo=51, routed)          1.130     3.707    u_lcd_timing/pix_data[23]_i_1049_n_0
    SLICE_X105Y85        LUT3 (Prop_lut3_I2_O)        0.152     3.859 r  u_lcd_timing/pix_data[23]_i_807/O
                         net (fo=8, routed)           0.890     4.749    u_lcd_timing/pix_data[23]_i_807_n_0
    SLICE_X111Y82        LUT4 (Prop_lut4_I0_O)        0.332     5.081 r  u_lcd_timing/pix_data[23]_i_1504/O
                         net (fo=1, routed)           0.000     5.081    u_lcd_timing/pix_data[23]_i_1504_n_0
    SLICE_X111Y82        CARRY4 (Prop_carry4_S[2]_CO[3])
                                                      0.398     5.479 r  u_lcd_timing/pix_data_reg[23]_i_1453/CO[3]
                         net (fo=1, routed)           0.000     5.479    u_lcd_timing/pix_data_reg[23]_i_1453_n_0
    SLICE_X111Y83        CARRY4 (Prop_carry4_CI_CO[3])
                                                      0.114     5.593 r  u_lcd_timing/pix_data_reg[23]_i_1353/CO[3]
                         net (fo=1, routed)           0.000     5.593    u_lcd_timing/pix_data_reg[23]_i_1353_n_0
    SLICE_X111Y84        CARRY4 (Prop_carry4_CI_CO[3])
                                                      0.114     5.707 f  u_lcd_timing/pix_data_reg[23]_i_1185/CO[3]
                         net (fo=44, routed)          1.357     7.065    u_lcd_timing/pix_data_reg[23]_i_1185_n_0
    SLICE_X110Y87        LUT5 (Prop_lut5_I4_O)        0.154     7.219 r  u_lcd_timing/pix_data[23]_i_1193/O
                         net (fo=2, routed)           0.648     7.867    u_lcd_timing/pix_data[23]_i_1193_n_0
    SLICE_X110Y87        LUT4 (Prop_lut4_I3_O)        0.327     8.194 r  u_lcd_timing/pix_data[23]_i_1196/O
                         net (fo=1, routed)           0.000     8.194    u_lcd_timing/pix_data[23]_i_1196_n_0
    SLICE_X110Y87        CARRY4 (Prop_carry4_S[3]_O[3])
                                                      0.248     8.442 r  u_lcd_timing/pix_data_reg[23]_i_979/O[3]
                         net (fo=3, routed)           0.563     9.005    u_lcd_timing/pix_data_reg[23]_i_979_n_4
    SLICE_X113Y87        LUT3 (Prop_lut3_I0_O)        0.306     9.311 r  u_lcd_timing/pix_data[23]_i_980/O
                         net (fo=2, routed)           1.112    10.423    u_lcd_timing/pix_data[23]_i_980_n_0
    SLICE_X112Y88        LUT5 (Prop_lut5_I0_O)        0.152    10.575 r  u_lcd_timing/pix_data[23]_i_736/O
                         net (fo=2, routed)           0.788    11.362    u_lcd_timing/pix_data[23]_i_736_n_0
    SLICE_X109Y87        CARRY4 (Prop_carry4_DI[2]_CO[3])
                                                      0.622    11.984 r  u_lcd_timing/pix_data_reg[23]_i_511/CO[3]
                         net (fo=1, routed)           0.000    11.984    u_lcd_timing/pix_data_reg[23]_i_511_n_0
    SLICE_X109Y88        CARRY4 (Prop_carry4_CI_O[1])
                                                      0.334    12.318 r  u_lcd_timing/pix_data_reg[23]_i_297/O[1]
                         net (fo=2, routed)           0.473    12.792    u_lcd_timing/pix_data_reg[23]_i_297_n_6
    SLICE_X111Y90        CARRY4 (Prop_carry4_S[0]_O[0])
                                                      0.550    13.342 r  u_lcd_timing/pix_data_reg[23]_i_296/O[0]
                         net (fo=1, routed)           0.306    13.648    u_lcd_timing/pix_data_reg[23]_i_296_n_7
    SLICE_X109Y90        LUT2 (Prop_lut2_I1_O)        0.299    13.947 r  u_lcd_timing/pix_data[23]_i_172/O
                         net (fo=1, routed)           0.000    13.947    u_lcd_timing/pix_data[23]_i_172_n_0
    SLICE_X109Y90        CARRY4 (Prop_carry4_S[3]_CO[3])
                                                      0.401    14.348 r  u_lcd_timing/pix_data_reg[23]_i_97/CO[3]
                         net (fo=1, routed)           0.000    14.348    u_lcd_timing/pix_data_reg[23]_i_97_n_0
    SLICE_X109Y91        CARRY4 (Prop_carry4_CI_O[1])
                                                      0.334    14.682 r  u_lcd_timing/pix_data_reg[23]_i_167/O[1]
                         net (fo=2, routed)           0.840    15.522    u_lcd_timing/pix_data_reg[23]_i_167_n_6
    SLICE_X110Y90        LUT5 (Prop_lut5_I4_O)        0.303    15.825 r  u_lcd_timing/pix_data[23]_i_96/O
                         net (fo=1, routed)           0.670    16.495    u_lcd_timing/w_mod[4]
    SLICE_X110Y90        LUT5 (Prop_lut5_I0_O)        0.124    16.619 f  u_lcd_timing/pix_data[23]_i_33/O
                         net (fo=1, routed)           0.896    17.515    u_lcd_timing/pix_data[23]_i_33_n_0
    SLICE_X105Y81        LUT6 (Prop_lut6_I5_O)        0.124    17.639 f  u_lcd_timing/pix_data[23]_i_7/O
                         net (fo=5, routed)           0.829    18.467    u_lcd_timing/pix_data[23]_i_7_n_0
    SLICE_X109Y81        LUT4 (Prop_lut4_I3_O)        0.124    18.591 r  u_lcd_timing/pix_data[14]_i_1/O
                         net (fo=1, routed)           0.000    18.591    u_renderer/D[2]
    SLICE_X109Y81        FDRE                                         r  u_renderer/pix_data_reg[14]/D
  -------------------------------------------------------------------    -------------------

                         (clock clk_out1_clk_wiz_0 rise edge)
                                                     30.303    30.303 r  
    Y9                                                0.000    30.303 r  sys_clk (IN)
                         net (fo=0)                   0.000    30.303    clk_wiz_inst/inst/clk_in1
    Y9                   IBUF (Prop_ibuf_I_O)         1.420    31.723 r  clk_wiz_inst/inst/clkin1_ibufg/O
                         net (fo=1, routed)           1.181    32.904    clk_wiz_inst/inst/clk_in1_clk_wiz_0
    PLLE2_ADV_X0Y0       PLLE2_ADV (Prop_plle2_adv_CLKIN1_CLKOUT0)
                                                     -7.970    24.934 r  clk_wiz_inst/inst/plle2_adv_inst/CLKOUT0
                         net (fo=1, routed)           1.686    26.620    clk_wiz_inst/inst/clk_out1_clk_wiz_0
    BUFGCTRL_X0Y0        BUFG (Prop_bufg_I_O)         0.091    26.711 r  clk_wiz_inst/inst/clkout1_buf/O
                         net (fo=329, routed)         1.676    28.387    u_renderer/clk_out1
    SLICE_X109Y81        FDRE                                         r  u_renderer/pix_data_reg[14]/C
                         clock pessimism             -0.414    27.973    
                         clock uncertainty           -0.170    27.803    
    SLICE_X109Y81        FDRE (Setup_fdre_C_D)        0.029    27.832    u_renderer/pix_data_reg[14]
  -------------------------------------------------------------------
                         required time                         27.832    
                         arrival time                         -18.591    
  -------------------------------------------------------------------
                         slack                                  9.241    

Slack (MET) :             12.880ns  (required time - arrival time)
  Source:                 u_game_logic/score_reg[6]/C
                            (rising edge-triggered cell FDCE clocked by clk_out1_clk_wiz_0  {rise@0.000ns fall@15.152ns period=30.303ns})
  Destination:            u_score_pic/pix_data_reg[11]/D
                            (rising edge-triggered cell FDCE clocked by clk_out1_clk_wiz_0  {rise@0.000ns fall@15.152ns period=30.303ns})
  Path Group:             clk_out1_clk_wiz_0
  Path Type:              Setup (Max at Slow Process Corner)
  Requirement:            30.303ns  (clk_out1_clk_wiz_0 rise@30.303ns - clk_out1_clk_wiz_0 rise@0.000ns)
  Data Path Delay:        17.206ns  (logic 6.960ns (40.450%)  route 10.246ns (59.550%))
  Logic Levels:           23  (CARRY4=10 LUT2=3 LUT3=2 LUT4=1 LUT5=1 LUT6=6)
  Clock Path Skew:        -0.075ns (DCD - SCD + CPR)
    Destination Clock Delay (DCD):    -1.918ns = ( 28.385 - 30.303 ) 
    Source Clock Delay      (SCD):    -2.257ns
    Clock Pessimism Removal (CPR):    -0.414ns
  Clock Uncertainty:      0.170ns  ((TSJ^2 + DJ^2)^1/2) / 2 + PE
    Total System Jitter     (TSJ):    0.071ns
    Discrete Jitter          (DJ):    0.333ns
    Phase Error              (PE):    0.000ns

    Location             Delay type                Incr(ns)  Path(ns)    Netlist Resource(s)
  -------------------------------------------------------------------    -------------------
                         (clock clk_out1_clk_wiz_0 rise edge)
                                                      0.000     0.000 r  
    Y9                                                0.000     0.000 r  sys_clk (IN)
                         net (fo=0)                   0.000     0.000    clk_wiz_inst/inst/clk_in1
    Y9                   IBUF (Prop_ibuf_I_O)         1.490     1.490 r  clk_wiz_inst/inst/clkin1_ibufg/O
                         net (fo=1, routed)           1.306     2.796    clk_wiz_inst/inst/clk_in1_clk_wiz_0
    PLLE2_ADV_X0Y0       PLLE2_ADV (Prop_plle2_adv_CLKIN1_CLKOUT0)
                                                     -8.866    -6.070 r  clk_wiz_inst/inst/plle2_adv_inst/CLKOUT0
                         net (fo=1, routed)           1.849    -4.221    clk_wiz_inst/inst/clk_out1_clk_wiz_0
    BUFGCTRL_X0Y0        BUFG (Prop_bufg_I_O)         0.101    -4.120 r  clk_wiz_inst/inst/clkout1_buf/O
                         net (fo=329, routed)         1.863    -2.257    u_game_logic/clk_out1
    SLICE_X107Y61        FDCE                                         r  u_game_logic/score_reg[6]/C
  -------------------------------------------------------------------    -------------------
    SLICE_X107Y61        FDCE (Prop_fdce_C_Q)         0.456    -1.801 r  u_game_logic/score_reg[6]/Q
                         net (fo=33, routed)          1.481    -0.319    u_game_logic/Q[3]
    SLICE_X111Y65        LUT2 (Prop_lut2_I1_O)        0.124    -0.195 r  u_game_logic/d20_carry__0_i_1/O
                         net (fo=1, routed)           0.000    -0.195    u_score_pic/d20_carry__1_0[3]
    SLICE_X111Y65        CARRY4 (Prop_carry4_S[3]_CO[3])
                                                      0.401     0.206 r  u_score_pic/d20_carry__0/CO[3]
                         net (fo=1, routed)           0.000     0.206    u_score_pic/d20_carry__0_n_0
    SLICE_X111Y66        CARRY4 (Prop_carry4_CI_CO[3])
                                                      0.114     0.320 r  u_score_pic/d20_carry__1/CO[3]
                         net (fo=1, routed)           0.000     0.320    u_score_pic/d20_carry__1_n_0
    SLICE_X111Y67        CARRY4 (Prop_carry4_CI_O[0])
                                                      0.222     0.542 r  u_score_pic/d20_carry__2/O[0]
                         net (fo=8, routed)           0.873     1.415    u_game_logic/d20__19_carry__0_0[0]
    SLICE_X112Y67        LUT4 (Prop_lut4_I3_O)        0.299     1.714 r  u_game_logic/d20__19_carry_i_6/O
                         net (fo=1, routed)           0.000     1.714    u_score_pic/d20__44_carry_i_2[1]
    SLICE_X112Y67        CARRY4 (Prop_carry4_S[1]_O[2])
                                                      0.578     2.292 r  u_score_pic/d20__19_carry/O[2]
                         net (fo=3, routed)           0.511     2.803    u_score_pic/d20__19_carry_n_5
    SLICE_X113Y67        LUT2 (Prop_lut2_I1_O)        0.301     3.104 r  u_score_pic/d20__35_carry_i_6/O
                         net (fo=1, routed)           0.000     3.104    u_score_pic/d20__35_carry_i_6_n_0
    SLICE_X113Y67        CARRY4 (Prop_carry4_S[0]_O[1])
                                                      0.424     3.528 r  u_score_pic/d20__35_carry/O[1]
                         net (fo=1, routed)           0.563     4.091    u_game_logic/d20__44_carry__0[1]
    SLICE_X109Y67        LUT2 (Prop_lut2_I1_O)        0.303     4.394 r  u_game_logic/d20__44_carry__0_i_3/O
                         net (fo=1, routed)           0.000     4.394    u_score_pic/d2_carry_i_5[1]
    SLICE_X109Y67        CARRY4 (Prop_carry4_S[1]_O[1])
                                                      0.227     4.621 f  u_score_pic/d20__44_carry__0/O[1]
                         net (fo=5, routed)           0.870     5.491    u_score_pic/score_reg[9][1]
    SLICE_X110Y66        LUT6 (Prop_lut6_I0_O)        0.303     5.794 r  u_score_pic/d2_carry__0_i_5/O
                         net (fo=3, routed)           0.184     5.978    u_game_logic/d2_carry__0_2
    SLICE_X110Y66        LUT3 (Prop_lut3_I1_O)        0.124     6.102 r  u_game_logic/d2_carry_i_10/O
                         net (fo=13, routed)          0.843     6.945    u_score_pic/d2_carry_0
    SLICE_X112Y65        LUT5 (Prop_lut5_I3_O)        0.124     7.069 r  u_score_pic/d2_carry_i_7/O
                         net (fo=1, routed)           0.000     7.069    u_score_pic/d2_carry_i_7_n_0
    SLICE_X112Y65        CARRY4 (Prop_carry4_S[1]_CO[3])
                                                      0.533     7.602 r  u_score_pic/d2_carry/CO[3]
                         net (fo=1, routed)           0.000     7.602    u_score_pic/d2_carry_n_0
    SLICE_X112Y66        CARRY4 (Prop_carry4_CI_O[1])
                                                      0.323     7.925 r  u_score_pic/d2_carry__0/O[1]
                         net (fo=19, routed)          1.029     8.954    u_game_logic/pix_data[23]_i_82__0_0[1]
    SLICE_X113Y64        LUT3 (Prop_lut3_I0_O)        0.334     9.288 r  u_game_logic/d2__14_carry_i_1/O
                         net (fo=1, routed)           0.664     9.952    u_score_pic/d2__14_carry__0_0
    SLICE_X113Y65        CARRY4 (Prop_carry4_CYINIT_CO[3])
                                                      0.788    10.740 r  u_score_pic/d2__14_carry/CO[3]
                         net (fo=1, routed)           0.000    10.740    u_score_pic/d2__14_carry_n_0
    SLICE_X113Y66        CARRY4 (Prop_carry4_CI_CO[1])
                                                      0.157    10.897 r  u_score_pic/d2__14_carry__0/CO[1]
                         net (fo=6, routed)           0.890    11.787    u_game_logic/pix_data[23]_i_82__0_1[0]
    SLICE_X112Y70        LUT6 (Prop_lut6_I0_O)        0.329    12.116 r  u_game_logic/pix_data[23]_i_109__0/O
                         net (fo=4, routed)           0.475    12.591    u_game_logic/pix_data[23]_i_109__0_n_0
    SLICE_X112Y71        LUT6 (Prop_lut6_I2_O)        0.124    12.715 r  u_game_logic/pix_data[23]_i_78__0/O
                         net (fo=1, routed)           0.670    13.385    u_game_logic/pix_data[23]_i_78__0_n_0
    SLICE_X112Y71        LUT6 (Prop_lut6_I0_O)        0.124    13.509 r  u_game_logic/pix_data[23]_i_30__0/O
                         net (fo=1, routed)           0.598    14.107    u_game_logic/pix_data[23]_i_30__0_n_0
    SLICE_X111Y75        LUT6 (Prop_lut6_I2_O)        0.124    14.231 f  u_game_logic/pix_data[23]_i_6__0/O
                         net (fo=2, routed)           0.595    14.826    u_lcd_timing/pix_data_reg[11]_0
    SLICE_X110Y76        LUT6 (Prop_lut6_I2_O)        0.124    14.950 r  u_lcd_timing/pix_data[11]_i_1/O
                         net (fo=1, routed)           0.000    14.950    u_score_pic/D[0]
    SLICE_X110Y76        FDCE                                         r  u_score_pic/pix_data_reg[11]/D
  -------------------------------------------------------------------    -------------------

                         (clock clk_out1_clk_wiz_0 rise edge)
                                                     30.303    30.303 r  
    Y9                                                0.000    30.303 r  sys_clk (IN)
                         net (fo=0)                   0.000    30.303    clk_wiz_inst/inst/clk_in1
    Y9                   IBUF (Prop_ibuf_I_O)         1.420    31.723 r  clk_wiz_inst/inst/clkin1_ibufg/O
                         net (fo=1, routed)           1.181    32.904    clk_wiz_inst/inst/clk_in1_clk_wiz_0
    PLLE2_ADV_X0Y0       PLLE2_ADV (Prop_plle2_adv_CLKIN1_CLKOUT0)
                                                     -7.970    24.934 r  clk_wiz_inst/inst/plle2_adv_inst/CLKOUT0
                         net (fo=1, routed)           1.686    26.620    clk_wiz_inst/inst/clk_out1_clk_wiz_0
    BUFGCTRL_X0Y0        BUFG (Prop_bufg_I_O)         0.091    26.711 r  clk_wiz_inst/inst/clkout1_buf/O
                         net (fo=329, routed)         1.674    28.385    u_score_pic/clk_out1
    SLICE_X110Y76        FDCE                                         r  u_score_pic/pix_data_reg[11]/C
                         clock pessimism             -0.414    27.971    
                         clock uncertainty           -0.170    27.801    
    SLICE_X110Y76        FDCE (Setup_fdce_C_D)        0.029    27.830    u_score_pic/pix_data_reg[11]
  -------------------------------------------------------------------
                         required time                         27.830    
                         arrival time                         -14.950    
  -------------------------------------------------------------------
                         slack                                 12.880    

Slack (MET) :             12.894ns  (required time - arrival time)
  Source:                 u_game_logic/score_reg[6]/C
                            (rising edge-triggered cell FDCE clocked by clk_out1_clk_wiz_0  {rise@0.000ns fall@15.152ns period=30.303ns})
  Destination:            u_score_pic/pix_data_reg[23]/D
                            (rising edge-triggered cell FDCE clocked by clk_out1_clk_wiz_0  {rise@0.000ns fall@15.152ns period=30.303ns})
  Path Group:             clk_out1_clk_wiz_0
  Path Type:              Setup (Max at Slow Process Corner)
  Requirement:            30.303ns  (clk_out1_clk_wiz_0 rise@30.303ns - clk_out1_clk_wiz_0 rise@0.000ns)
  Data Path Delay:        17.195ns  (logic 6.960ns (40.476%)  route 10.235ns (59.524%))
  Logic Levels:           23  (CARRY4=10 LUT2=3 LUT3=2 LUT4=1 LUT5=1 LUT6=6)
  Clock Path Skew:        -0.075ns (DCD - SCD + CPR)
    Destination Clock Delay (DCD):    -1.918ns = ( 28.385 - 30.303 ) 
    Source Clock Delay      (SCD):    -2.257ns
    Clock Pessimism Removal (CPR):    -0.414ns
  Clock Uncertainty:      0.170ns  ((TSJ^2 + DJ^2)^1/2) / 2 + PE
    Total System Jitter     (TSJ):    0.071ns
    Discrete Jitter          (DJ):    0.333ns
    Phase Error              (PE):    0.000ns

    Location             Delay type                Incr(ns)  Path(ns)    Netlist Resource(s)
  -------------------------------------------------------------------    -------------------
                         (clock clk_out1_clk_wiz_0 rise edge)
                                                      0.000     0.000 r  
    Y9                                                0.000     0.000 r  sys_clk (IN)
                         net (fo=0)                   0.000     0.000    clk_wiz_inst/inst/clk_in1
    Y9                   IBUF (Prop_ibuf_I_O)         1.490     1.490 r  clk_wiz_inst/inst/clkin1_ibufg/O
                         net (fo=1, routed)           1.306     2.796    clk_wiz_inst/inst/clk_in1_clk_wiz_0
    PLLE2_ADV_X0Y0       PLLE2_ADV (Prop_plle2_adv_CLKIN1_CLKOUT0)
                                                     -8.866    -6.070 r  clk_wiz_inst/inst/plle2_adv_inst/CLKOUT0
                         net (fo=1, routed)           1.849    -4.221    clk_wiz_inst/inst/clk_out1_clk_wiz_0
    BUFGCTRL_X0Y0        BUFG (Prop_bufg_I_O)         0.101    -4.120 r  clk_wiz_inst/inst/clkout1_buf/O
                         net (fo=329, routed)         1.863    -2.257    u_game_logic/clk_out1
    SLICE_X107Y61        FDCE                                         r  u_game_logic/score_reg[6]/C
  -------------------------------------------------------------------    -------------------
    SLICE_X107Y61        FDCE (Prop_fdce_C_Q)         0.456    -1.801 r  u_game_logic/score_reg[6]/Q
                         net (fo=33, routed)          1.481    -0.319    u_game_logic/Q[3]
    SLICE_X111Y65        LUT2 (Prop_lut2_I1_O)        0.124    -0.195 r  u_game_logic/d20_carry__0_i_1/O
                         net (fo=1, routed)           0.000    -0.195    u_score_pic/d20_carry__1_0[3]
    SLICE_X111Y65        CARRY4 (Prop_carry4_S[3]_CO[3])
                                                      0.401     0.206 r  u_score_pic/d20_carry__0/CO[3]
                         net (fo=1, routed)           0.000     0.206    u_score_pic/d20_carry__0_n_0
    SLICE_X111Y66        CARRY4 (Prop_carry4_CI_CO[3])
                                                      0.114     0.320 r  u_score_pic/d20_carry__1/CO[3]
                         net (fo=1, routed)           0.000     0.320    u_score_pic/d20_carry__1_n_0
    SLICE_X111Y67        CARRY4 (Prop_carry4_CI_O[0])
                                                      0.222     0.542 r  u_score_pic/d20_carry__2/O[0]
                         net (fo=8, routed)           0.873     1.415    u_game_logic/d20__19_carry__0_0[0]
    SLICE_X112Y67        LUT4 (Prop_lut4_I3_O)        0.299     1.714 r  u_game_logic/d20__19_carry_i_6/O
                         net (fo=1, routed)           0.000     1.714    u_score_pic/d20__44_carry_i_2[1]
    SLICE_X112Y67        CARRY4 (Prop_carry4_S[1]_O[2])
                                                      0.578     2.292 r  u_score_pic/d20__19_carry/O[2]
                         net (fo=3, routed)           0.511     2.803    u_score_pic/d20__19_carry_n_5
    SLICE_X113Y67        LUT2 (Prop_lut2_I1_O)        0.301     3.104 r  u_score_pic/d20__35_carry_i_6/O
                         net (fo=1, routed)           0.000     3.104    u_score_pic/d20__35_carry_i_6_n_0
    SLICE_X113Y67        CARRY4 (Prop_carry4_S[0]_O[1])
                                                      0.424     3.528 r  u_score_pic/d20__35_carry/O[1]
                         net (fo=1, routed)           0.563     4.091    u_game_logic/d20__44_carry__0[1]
    SLICE_X109Y67        LUT2 (Prop_lut2_I1_O)        0.303     4.394 r  u_game_logic/d20__44_carry__0_i_3/O
                         net (fo=1, routed)           0.000     4.394    u_score_pic/d2_carry_i_5[1]
    SLICE_X109Y67        CARRY4 (Prop_carry4_S[1]_O[1])
                                                      0.227     4.621 f  u_score_pic/d20__44_carry__0/O[1]
                         net (fo=5, routed)           0.870     5.491    u_score_pic/score_reg[9][1]
    SLICE_X110Y66        LUT6 (Prop_lut6_I0_O)        0.303     5.794 r  u_score_pic/d2_carry__0_i_5/O
                         net (fo=3, routed)           0.184     5.978    u_game_logic/d2_carry__0_2
    SLICE_X110Y66        LUT3 (Prop_lut3_I1_O)        0.124     6.102 r  u_game_logic/d2_carry_i_10/O
                         net (fo=13, routed)          0.843     6.945    u_score_pic/d2_carry_0
    SLICE_X112Y65        LUT5 (Prop_lut5_I3_O)        0.124     7.069 r  u_score_pic/d2_carry_i_7/O
                         net (fo=1, routed)           0.000     7.069    u_score_pic/d2_carry_i_7_n_0
    SLICE_X112Y65        CARRY4 (Prop_carry4_S[1]_CO[3])
                                                      0.533     7.602 r  u_score_pic/d2_carry/CO[3]
                         net (fo=1, routed)           0.000     7.602    u_score_pic/d2_carry_n_0
    SLICE_X112Y66        CARRY4 (Prop_carry4_CI_O[1])
                                                      0.323     7.925 r  u_score_pic/d2_carry__0/O[1]
                         net (fo=19, routed)          1.029     8.954    u_game_logic/pix_data[23]_i_82__0_0[1]
    SLICE_X113Y64        LUT3 (Prop_lut3_I0_O)        0.334     9.288 r  u_game_logic/d2__14_carry_i_1/O
                         net (fo=1, routed)           0.664     9.952    u_score_pic/d2__14_carry__0_0
    SLICE_X113Y65        CARRY4 (Prop_carry4_CYINIT_CO[3])
                                                      0.788    10.740 r  u_score_pic/d2__14_carry/CO[3]
                         net (fo=1, routed)           0.000    10.740    u_score_pic/d2__14_carry_n_0
    SLICE_X113Y66        CARRY4 (Prop_carry4_CI_CO[1])
                                                      0.157    10.897 r  u_score_pic/d2__14_carry__0/CO[1]
                         net (fo=6, routed)           0.890    11.787    u_game_logic/pix_data[23]_i_82__0_1[0]
    SLICE_X112Y70        LUT6 (Prop_lut6_I0_O)        0.329    12.116 r  u_game_logic/pix_data[23]_i_109__0/O
                         net (fo=4, routed)           0.475    12.591    u_game_logic/pix_data[23]_i_109__0_n_0
    SLICE_X112Y71        LUT6 (Prop_lut6_I2_O)        0.124    12.715 f  u_game_logic/pix_data[23]_i_78__0/O
                         net (fo=1, routed)           0.670    13.385    u_game_logic/pix_data[23]_i_78__0_n_0
    SLICE_X112Y71        LUT6 (Prop_lut6_I0_O)        0.124    13.509 f  u_game_logic/pix_data[23]_i_30__0/O
                         net (fo=1, routed)           0.598    14.107    u_game_logic/pix_data[23]_i_30__0_n_0
    SLICE_X111Y75        LUT6 (Prop_lut6_I2_O)        0.124    14.231 r  u_game_logic/pix_data[23]_i_6__0/O
                         net (fo=2, routed)           0.584    14.815    u_lcd_timing/pix_data_reg[11]_0
    SLICE_X110Y76        LUT6 (Prop_lut6_I4_O)        0.124    14.939 r  u_lcd_timing/pix_data[23]_i_1/O
                         net (fo=1, routed)           0.000    14.939    u_score_pic/D[2]
    SLICE_X110Y76        FDCE                                         r  u_score_pic/pix_data_reg[23]/D
  -------------------------------------------------------------------    -------------------

                         (clock clk_out1_clk_wiz_0 rise edge)
                                                     30.303    30.303 r  
    Y9                                                0.000    30.303 r  sys_clk (IN)
                         net (fo=0)                   0.000    30.303    clk_wiz_inst/inst/clk_in1
    Y9                   IBUF (Prop_ibuf_I_O)         1.420    31.723 r  clk_wiz_inst/inst/clkin1_ibufg/O
                         net (fo=1, routed)           1.181    32.904    clk_wiz_inst/inst/clk_in1_clk_wiz_0
    PLLE2_ADV_X0Y0       PLLE2_ADV (Prop_plle2_adv_CLKIN1_CLKOUT0)
                                                     -7.970    24.934 r  clk_wiz_inst/inst/plle2_adv_inst/CLKOUT0
                         net (fo=1, routed)           1.686    26.620    clk_wiz_inst/inst/clk_out1_clk_wiz_0
    BUFGCTRL_X0Y0        BUFG (Prop_bufg_I_O)         0.091    26.711 r  clk_wiz_inst/inst/clkout1_buf/O
                         net (fo=329, routed)         1.674    28.385    u_score_pic/clk_out1
    SLICE_X110Y76        FDCE                                         r  u_score_pic/pix_data_reg[23]/C
                         clock pessimism             -0.414    27.971    
                         clock uncertainty           -0.170    27.801    
    SLICE_X110Y76        FDCE (Setup_fdce_C_D)        0.031    27.832    u_score_pic/pix_data_reg[23]
  -------------------------------------------------------------------
                         required time                         27.832    
                         arrival time                         -14.939    
  -------------------------------------------------------------------
                         slack                                 12.894    

Slack (MET) :             15.899ns  (required time - arrival time)
  Source:                 u_game_logic/block_type_reg[1]/C
                            (rising edge-triggered cell FDCE clocked by clk_out1_clk_wiz_0  {rise@0.000ns fall@15.152ns period=30.303ns})
  Destination:            u_game_logic/block_x_reg[0]/CE
                            (rising edge-triggered cell FDCE clocked by clk_out1_clk_wiz_0  {rise@0.000ns fall@15.152ns period=30.303ns})
  Path Group:             clk_out1_clk_wiz_0
  Path Type:              Setup (Max at Slow Process Corner)
  Requirement:            30.303ns  (clk_out1_clk_wiz_0 rise@30.303ns - clk_out1_clk_wiz_0 rise@0.000ns)
  Data Path Delay:        13.999ns  (logic 2.903ns (20.737%)  route 11.096ns (79.263%))
  Logic Levels:           10  (LUT3=1 LUT4=2 LUT6=5 MUXF7=2)
  Clock Path Skew:        -0.066ns (DCD - SCD + CPR)
    Destination Clock Delay (DCD):    -2.055ns = ( 28.248 - 30.303 ) 
    Source Clock Delay      (SCD):    -2.403ns
    Clock Pessimism Removal (CPR):    -0.414ns
  Clock Uncertainty:      0.170ns  ((TSJ^2 + DJ^2)^1/2) / 2 + PE
    Total System Jitter     (TSJ):    0.071ns
    Discrete Jitter          (DJ):    0.333ns
    Phase Error              (PE):    0.000ns

    Location             Delay type                Incr(ns)  Path(ns)    Netlist Resource(s)
  -------------------------------------------------------------------    -------------------
                         (clock clk_out1_clk_wiz_0 rise edge)
                                                      0.000     0.000 r  
    Y9                                                0.000     0.000 r  sys_clk (IN)
                         net (fo=0)                   0.000     0.000    clk_wiz_inst/inst/clk_in1
    Y9                   IBUF (Prop_ibuf_I_O)         1.490     1.490 r  clk_wiz_inst/inst/clkin1_ibufg/O
                         net (fo=1, routed)           1.306     2.796    clk_wiz_inst/inst/clk_in1_clk_wiz_0
    PLLE2_ADV_X0Y0       PLLE2_ADV (Prop_plle2_adv_CLKIN1_CLKOUT0)
                                                     -8.866    -6.070 r  clk_wiz_inst/inst/plle2_adv_inst/CLKOUT0
                         net (fo=1, routed)           1.849    -4.221    clk_wiz_inst/inst/clk_out1_clk_wiz_0
    BUFGCTRL_X0Y0        BUFG (Prop_bufg_I_O)         0.101    -4.120 r  clk_wiz_inst/inst/clkout1_buf/O
                         net (fo=329, routed)         1.717    -2.403    u_game_logic/clk_out1
    SLICE_X80Y65         FDCE                                         r  u_game_logic/block_type_reg[1]/C
  -------------------------------------------------------------------    -------------------
    SLICE_X80Y65         FDCE (Prop_fdce_C_Q)         0.419    -1.984 r  u_game_logic/block_type_reg[1]/Q
                         net (fo=92, routed)          2.300     0.316    u_game_logic/p_0_in[3]
    SLICE_X83Y77         LUT4 (Prop_lut4_I2_O)        0.327     0.643 r  u_game_logic/tetris_map[21][9]_i_38/O
                         net (fo=6, routed)           1.059     1.702    u_game_logic/y1_out
    SLICE_X89Y72         LUT4 (Prop_lut4_I2_O)        0.325     2.027 r  u_game_logic/tetris_map[19][9]_i_15/O
                         net (fo=43, routed)          2.257     4.284    u_game_logic/block_y_reg[1]_rep__0_0
    SLICE_X94Y66         MUXF7 (Prop_muxf7_S_O)       0.522     4.806 f  u_game_logic/block_x_reg[3]_i_289/O
                         net (fo=1, routed)           1.140     5.947    u_game_logic/block_x_reg[3]_i_289_n_0
    SLICE_X94Y67         LUT3 (Prop_lut3_I1_O)        0.298     6.245 f  u_game_logic/block_x[3]_i_197/O
                         net (fo=1, routed)           0.970     7.214    u_game_logic/block_x[3]_i_197_n_0
    SLICE_X93Y75         LUT6 (Prop_lut6_I0_O)        0.124     7.338 f  u_game_logic/block_x[3]_i_122/O
                         net (fo=1, routed)           0.000     7.338    u_game_logic/block_x[3]_i_122_n_0
    SLICE_X93Y75         MUXF7 (Prop_muxf7_I1_O)      0.217     7.555 f  u_game_logic/block_x_reg[3]_i_69/O
                         net (fo=2, routed)           0.994     8.549    u_game_logic/block_x_reg[3]_i_69_n_0
    SLICE_X90Y79         LUT6 (Prop_lut6_I1_O)        0.299     8.848 f  u_game_logic/block_x[3]_i_49/O
                         net (fo=1, routed)           0.794     9.642    u_game_logic/block_x[3]_i_49_n_0
    SLICE_X90Y78         LUT6 (Prop_lut6_I1_O)        0.124     9.766 f  u_game_logic/block_x[3]_i_14/O
                         net (fo=1, routed)           0.632    10.399    u_game_logic/block_x[3]_i_14_n_0
    SLICE_X87Y78         LUT6 (Prop_lut6_I5_O)        0.124    10.523 f  u_game_logic/block_x[3]_i_4/O
                         net (fo=1, routed)           0.154    10.677    u_game_logic/left_col
    SLICE_X87Y78         LUT6 (Prop_lut6_I4_O)        0.124    10.801 r  u_game_logic/block_x[3]_i_1/O
                         net (fo=4, routed)           0.795    11.596    u_game_logic/block_x
    SLICE_X86Y78         FDCE                                         r  u_game_logic/block_x_reg[0]/CE
  -------------------------------------------------------------------    -------------------

                         (clock clk_out1_clk_wiz_0 rise edge)
                                                     30.303    30.303 r  
    Y9                                                0.000    30.303 r  sys_clk (IN)
                         net (fo=0)                   0.000    30.303    clk_wiz_inst/inst/clk_in1
    Y9                   IBUF (Prop_ibuf_I_O)         1.420    31.723 r  clk_wiz_inst/inst/clkin1_ibufg/O
                         net (fo=1, routed)           1.181    32.904    clk_wiz_inst/inst/clk_in1_clk_wiz_0
    PLLE2_ADV_X0Y0       PLLE2_ADV (Prop_plle2_adv_CLKIN1_CLKOUT0)
                                                     -7.970    24.934 r  clk_wiz_inst/inst/plle2_adv_inst/CLKOUT0
                         net (fo=1, routed)           1.686    26.620    clk_wiz_inst/inst/clk_out1_clk_wiz_0
    BUFGCTRL_X0Y0        BUFG (Prop_bufg_I_O)         0.091    26.711 r  clk_wiz_inst/inst/clkout1_buf/O
                         net (fo=329, routed)         1.537    28.248    u_game_logic/clk_out1
    SLICE_X86Y78         FDCE                                         r  u_game_logic/block_x_reg[0]/C
                         clock pessimism             -0.414    27.834    
                         clock uncertainty           -0.170    27.664    
    SLICE_X86Y78         FDCE (Setup_fdce_C_CE)      -0.169    27.495    u_game_logic/block_x_reg[0]
  -------------------------------------------------------------------
                         required time                         27.495    
                         arrival time                         -11.596    
  -------------------------------------------------------------------
                         slack                                 15.899    

Slack (MET) :             15.899ns  (required time - arrival time)
  Source:                 u_game_logic/block_type_reg[1]/C
                            (rising edge-triggered cell FDCE clocked by clk_out1_clk_wiz_0  {rise@0.000ns fall@15.152ns period=30.303ns})
  Destination:            u_game_logic/block_x_reg[1]/CE
                            (rising edge-triggered cell FDCE clocked by clk_out1_clk_wiz_0  {rise@0.000ns fall@15.152ns period=30.303ns})
  Path Group:             clk_out1_clk_wiz_0
  Path Type:              Setup (Max at Slow Process Corner)
  Requirement:            30.303ns  (clk_out1_clk_wiz_0 rise@30.303ns - clk_out1_clk_wiz_0 rise@0.000ns)
  Data Path Delay:        13.999ns  (logic 2.903ns (20.737%)  route 11.096ns (79.263%))
  Logic Levels:           10  (LUT3=1 LUT4=2 LUT6=5 MUXF7=2)
  Clock Path Skew:        -0.066ns (DCD - SCD + CPR)
    Destination Clock Delay (DCD):    -2.055ns = ( 28.248 - 30.303 ) 
    Source Clock Delay      (SCD):    -2.403ns
    Clock Pessimism Removal (CPR):    -0.414ns
  Clock Uncertainty:      0.170ns  ((TSJ^2 + DJ^2)^1/2) / 2 + PE
    Total System Jitter     (TSJ):    0.071ns
    Discrete Jitter          (DJ):    0.333ns
    Phase Error              (PE):    0.000ns

    Location             Delay type                Incr(ns)  Path(ns)    Netlist Resource(s)
  -------------------------------------------------------------------    -------------------
                         (clock clk_out1_clk_wiz_0 rise edge)
                                                      0.000     0.000 r  
    Y9                                                0.000     0.000 r  sys_clk (IN)
                         net (fo=0)                   0.000     0.000    clk_wiz_inst/inst/clk_in1
    Y9                   IBUF (Prop_ibuf_I_O)         1.490     1.490 r  clk_wiz_inst/inst/clkin1_ibufg/O
                         net (fo=1, routed)           1.306     2.796    clk_wiz_inst/inst/clk_in1_clk_wiz_0
    PLLE2_ADV_X0Y0       PLLE2_ADV (Prop_plle2_adv_CLKIN1_CLKOUT0)
                                                     -8.866    -6.070 r  clk_wiz_inst/inst/plle2_adv_inst/CLKOUT0
                         net (fo=1, routed)           1.849    -4.221    clk_wiz_inst/inst/clk_out1_clk_wiz_0
    BUFGCTRL_X0Y0        BUFG (Prop_bufg_I_O)         0.101    -4.120 r  clk_wiz_inst/inst/clkout1_buf/O
                         net (fo=329, routed)         1.717    -2.403    u_game_logic/clk_out1
    SLICE_X80Y65         FDCE                                         r  u_game_logic/block_type_reg[1]/C
  -------------------------------------------------------------------    -------------------
    SLICE_X80Y65         FDCE (Prop_fdce_C_Q)         0.419    -1.984 r  u_game_logic/block_type_reg[1]/Q
                         net (fo=92, routed)          2.300     0.316    u_game_logic/p_0_in[3]
    SLICE_X83Y77         LUT4 (Prop_lut4_I2_O)        0.327     0.643 r  u_game_logic/tetris_map[21][9]_i_38/O
                         net (fo=6, routed)           1.059     1.702    u_game_logic/y1_out
    SLICE_X89Y72         LUT4 (Prop_lut4_I2_O)        0.325     2.027 r  u_game_logic/tetris_map[19][9]_i_15/O
                         net (fo=43, routed)          2.257     4.284    u_game_logic/block_y_reg[1]_rep__0_0
    SLICE_X94Y66         MUXF7 (Prop_muxf7_S_O)       0.522     4.806 f  u_game_logic/block_x_reg[3]_i_289/O
                         net (fo=1, routed)           1.140     5.947    u_game_logic/block_x_reg[3]_i_289_n_0
    SLICE_X94Y67         LUT3 (Prop_lut3_I1_O)        0.298     6.245 f  u_game_logic/block_x[3]_i_197/O
                         net (fo=1, routed)           0.970     7.214    u_game_logic/block_x[3]_i_197_n_0
    SLICE_X93Y75         LUT6 (Prop_lut6_I0_O)        0.124     7.338 f  u_game_logic/block_x[3]_i_122/O
                         net (fo=1, routed)           0.000     7.338    u_game_logic/block_x[3]_i_122_n_0
    SLICE_X93Y75         MUXF7 (Prop_muxf7_I1_O)      0.217     7.555 f  u_game_logic/block_x_reg[3]_i_69/O
                         net (fo=2, routed)           0.994     8.549    u_game_logic/block_x_reg[3]_i_69_n_0
    SLICE_X90Y79         LUT6 (Prop_lut6_I1_O)        0.299     8.848 f  u_game_logic/block_x[3]_i_49/O
                         net (fo=1, routed)           0.794     9.642    u_game_logic/block_x[3]_i_49_n_0
    SLICE_X90Y78         LUT6 (Prop_lut6_I1_O)        0.124     9.766 f  u_game_logic/block_x[3]_i_14/O
                         net (fo=1, routed)           0.632    10.399    u_game_logic/block_x[3]_i_14_n_0
    SLICE_X87Y78         LUT6 (Prop_lut6_I5_O)        0.124    10.523 f  u_game_logic/block_x[3]_i_4/O
                         net (fo=1, routed)           0.154    10.677    u_game_logic/left_col
    SLICE_X87Y78         LUT6 (Prop_lut6_I4_O)        0.124    10.801 r  u_game_logic/block_x[3]_i_1/O
                         net (fo=4, routed)           0.795    11.596    u_game_logic/block_x
    SLICE_X86Y78         FDCE                                         r  u_game_logic/block_x_reg[1]/CE
  -------------------------------------------------------------------    -------------------

                         (clock clk_out1_clk_wiz_0 rise edge)
                                                     30.303    30.303 r  
    Y9                                                0.000    30.303 r  sys_clk (IN)
                         net (fo=0)                   0.000    30.303    clk_wiz_inst/inst/clk_in1
    Y9                   IBUF (Prop_ibuf_I_O)         1.420    31.723 r  clk_wiz_inst/inst/clkin1_ibufg/O
                         net (fo=1, routed)           1.181    32.904    clk_wiz_inst/inst/clk_in1_clk_wiz_0
    PLLE2_ADV_X0Y0       PLLE2_ADV (Prop_plle2_adv_CLKIN1_CLKOUT0)
                                                     -7.970    24.934 r  clk_wiz_inst/inst/plle2_adv_inst/CLKOUT0
                         net (fo=1, routed)           1.686    26.620    clk_wiz_inst/inst/clk_out1_clk_wiz_0
    BUFGCTRL_X0Y0        BUFG (Prop_bufg_I_O)         0.091    26.711 r  clk_wiz_inst/inst/clkout1_buf/O
                         net (fo=329, routed)         1.537    28.248    u_game_logic/clk_out1
    SLICE_X86Y78         FDCE                                         r  u_game_logic/block_x_reg[1]/C
                         clock pessimism             -0.414    27.834    
                         clock uncertainty           -0.170    27.664    
    SLICE_X86Y78         FDCE (Setup_fdce_C_CE)      -0.169    27.495    u_game_logic/block_x_reg[1]
  -------------------------------------------------------------------
                         required time                         27.495    
                         arrival time                         -11.596    
  -------------------------------------------------------------------
                         slack                                 15.899    

Slack (MET) :             16.213ns  (required time - arrival time)
  Source:                 u_game_logic/block_type_reg[1]/C
                            (rising edge-triggered cell FDCE clocked by clk_out1_clk_wiz_0  {rise@0.000ns fall@15.152ns period=30.303ns})
  Destination:            u_game_logic/FSM_onehot_state_reg[0]/CE
                            (rising edge-triggered cell FDPE clocked by clk_out1_clk_wiz_0  {rise@0.000ns fall@15.152ns period=30.303ns})
  Path Group:             clk_out1_clk_wiz_0
  Path Type:              Setup (Max at Slow Process Corner)
  Requirement:            30.303ns  (clk_out1_clk_wiz_0 rise@30.303ns - clk_out1_clk_wiz_0 rise@0.000ns)
  Data Path Delay:        13.654ns  (logic 2.380ns (17.431%)  route 11.274ns (82.569%))
  Logic Levels:           10  (LUT5=1 LUT6=6 MUXF7=2 MUXF8=1)
  Clock Path Skew:        -0.061ns (DCD - SCD + CPR)
    Destination Clock Delay (DCD):    -2.050ns = ( 28.253 - 30.303 ) 
    Source Clock Delay      (SCD):    -2.403ns
    Clock Pessimism Removal (CPR):    -0.414ns
  Clock Uncertainty:      0.170ns  ((TSJ^2 + DJ^2)^1/2) / 2 + PE
    Total System Jitter     (TSJ):    0.071ns
    Discrete Jitter          (DJ):    0.333ns
    Phase Error              (PE):    0.000ns

    Location             Delay type                Incr(ns)  Path(ns)    Netlist Resource(s)
  -------------------------------------------------------------------    -------------------
                         (clock clk_out1_clk_wiz_0 rise edge)
                                                      0.000     0.000 r  
    Y9                                                0.000     0.000 r  sys_clk (IN)
                         net (fo=0)                   0.000     0.000    clk_wiz_inst/inst/clk_in1
    Y9                   IBUF (Prop_ibuf_I_O)         1.490     1.490 r  clk_wiz_inst/inst/clkin1_ibufg/O
                         net (fo=1, routed)           1.306     2.796    clk_wiz_inst/inst/clk_in1_clk_wiz_0
    PLLE2_ADV_X0Y0       PLLE2_ADV (Prop_plle2_adv_CLKIN1_CLKOUT0)
                                                     -8.866    -6.070 r  clk_wiz_inst/inst/plle2_adv_inst/CLKOUT0
                         net (fo=1, routed)           1.849    -4.221    clk_wiz_inst/inst/clk_out1_clk_wiz_0
    BUFGCTRL_X0Y0        BUFG (Prop_bufg_I_O)         0.101    -4.120 r  clk_wiz_inst/inst/clkout1_buf/O
                         net (fo=329, routed)         1.717    -2.403    u_game_logic/clk_out1
    SLICE_X80Y65         FDCE                                         r  u_game_logic/block_type_reg[1]/C
  -------------------------------------------------------------------    -------------------
    SLICE_X80Y65         FDCE (Prop_fdce_C_Q)         0.419    -1.984 r  u_game_logic/block_type_reg[1]/Q
                         net (fo=92, routed)          2.903     0.919    u_game_logic/p_0_in[3]
    SLICE_X89Y76         LUT6 (Prop_lut6_I3_O)        0.299     1.218 r  u_game_logic/FSM_onehot_state[3]_i_10/O
                         net (fo=51, routed)          3.469     4.687    u_game_logic/dy2[1]
    SLICE_X98Y67         LUT6 (Prop_lut6_I2_O)        0.124     4.811 r  u_game_logic/FSM_onehot_state[3]_i_297/O
                         net (fo=1, routed)           0.000     4.811    u_game_logic/FSM_onehot_state[3]_i_297_n_0
    SLICE_X98Y67         MUXF7 (Prop_muxf7_I0_O)      0.241     5.052 r  u_game_logic/FSM_onehot_state_reg[3]_i_182/O
                         net (fo=1, routed)           0.574     5.625    u_game_logic/FSM_onehot_state_reg[3]_i_182_n_0
    SLICE_X99Y67         LUT5 (Prop_lut5_I3_O)        0.298     5.923 r  u_game_logic/FSM_onehot_state[3]_i_110/O
                         net (fo=1, routed)           0.870     6.794    u_game_logic/FSM_onehot_state[3]_i_110_n_0
    SLICE_X95Y74         LUT6 (Prop_lut6_I0_O)        0.124     6.918 r  u_game_logic/FSM_onehot_state[3]_i_59/O
                         net (fo=1, routed)           0.000     6.918    u_game_logic/FSM_onehot_state[3]_i_59_n_0
    SLICE_X95Y74         MUXF7 (Prop_muxf7_I1_O)      0.217     7.135 r  u_game_logic/FSM_onehot_state_reg[3]_i_32/O
                         net (fo=1, routed)           0.000     7.135    u_game_logic/FSM_onehot_state_reg[3]_i_32_n_0
    SLICE_X95Y74         MUXF8 (Prop_muxf8_I1_O)      0.094     7.229 r  u_game_logic/FSM_onehot_state_reg[3]_i_17/O
                         net (fo=1, routed)           0.857     8.086    u_game_logic/FSM_onehot_state_reg[3]_i_17_n_0
    SLICE_X94Y76         LUT6 (Prop_lut6_I2_O)        0.316     8.402 r  u_game_logic/FSM_onehot_state[3]_i_8/O
                         net (fo=1, routed)           0.930     9.332    u_game_logic/FSM_onehot_state[3]_i_8_n_0
    SLICE_X87Y76         LUT6 (Prop_lut6_I4_O)        0.124     9.456 r  u_game_logic/FSM_onehot_state[3]_i_3/O
                         net (fo=2, routed)           1.191    10.646    u_game_logic/drop_col
    SLICE_X87Y68         LUT6 (Prop_lut6_I4_O)        0.124    10.770 r  u_game_logic/FSM_onehot_state[3]_i_1/O
                         net (fo=5, routed)           0.481    11.251    u_game_logic/FSM_onehot_state[3]_i_1_n_0
    SLICE_X87Y66         FDPE                                         r  u_game_logic/FSM_onehot_state_reg[0]/CE
  -------------------------------------------------------------------    -------------------

                         (clock clk_out1_clk_wiz_0 rise edge)
                                                     30.303    30.303 r  
    Y9                                                0.000    30.303 r  sys_clk (IN)
                         net (fo=0)                   0.000    30.303    clk_wiz_inst/inst/clk_in1
    Y9                   IBUF (Prop_ibuf_I_O)         1.420    31.723 r  clk_wiz_inst/inst/clkin1_ibufg/O
                         net (fo=1, routed)           1.181    32.904    clk_wiz_inst/inst/clk_in1_clk_wiz_0
    PLLE2_ADV_X0Y0       PLLE2_ADV (Prop_plle2_adv_CLKIN1_CLKOUT0)
                                                     -7.970    24.934 r  clk_wiz_inst/inst/plle2_adv_inst/CLKOUT0
                         net (fo=1, routed)           1.686    26.620    clk_wiz_inst/inst/clk_out1_clk_wiz_0
    BUFGCTRL_X0Y0        BUFG (Prop_bufg_I_O)         0.091    26.711 r  clk_wiz_inst/inst/clkout1_buf/O
                         net (fo=329, routed)         1.542    28.253    u_game_logic/clk_out1
    SLICE_X87Y66         FDPE                                         r  u_game_logic/FSM_onehot_state_reg[0]/C
                         clock pessimism             -0.414    27.839    
                         clock uncertainty           -0.170    27.669    
    SLICE_X87Y66         FDPE (Setup_fdpe_C_CE)      -0.205    27.464    u_game_logic/FSM_onehot_state_reg[0]
  -------------------------------------------------------------------
                         required time                         27.464    
                         arrival time                         -11.251    
  -------------------------------------------------------------------
                         slack                                 16.213    





Min Delay Paths
--------------------------------------------------------------------------------------
Slack (MET) :             0.132ns  (arrival time - required time)
  Source:                 u_game_logic/tetris_map_reg[5][1]/C
                            (rising edge-triggered cell FDCE clocked by clk_out1_clk_wiz_0  {rise@0.000ns fall@15.152ns period=30.303ns})
  Destination:            u_game_logic/tetris_map_reg[4][1]/D
                            (rising edge-triggered cell FDCE clocked by clk_out1_clk_wiz_0  {rise@0.000ns fall@15.152ns period=30.303ns})
  Path Group:             clk_out1_clk_wiz_0
  Path Type:              Hold (Min at Fast Process Corner)
  Requirement:            0.000ns  (clk_out1_clk_wiz_0 rise@0.000ns - clk_out1_clk_wiz_0 rise@0.000ns)
  Data Path Delay:        0.265ns  (logic 0.186ns (70.081%)  route 0.079ns (29.919%))
  Logic Levels:           1  (LUT6=1)
  Clock Path Skew:        0.013ns (DCD - SCD - CPR)
    Destination Clock Delay (DCD):    -0.289ns
    Source Clock Delay      (SCD):    -0.521ns
    Clock Pessimism Removal (CPR):    0.219ns

    Location             Delay type                Incr(ns)  Path(ns)    Netlist Resource(s)
  -------------------------------------------------------------------    -------------------
                         (clock clk_out1_clk_wiz_0 rise edge)
                                                      0.000     0.000 r  
    Y9                                                0.000     0.000 r  sys_clk (IN)
                         net (fo=0)                   0.000     0.000    clk_wiz_inst/inst/clk_in1
    Y9                   IBUF (Prop_ibuf_I_O)         0.258     0.258 r  clk_wiz_inst/inst/clkin1_ibufg/O
                         net (fo=1, routed)           0.440     0.698    clk_wiz_inst/inst/clk_in1_clk_wiz_0
    PLLE2_ADV_X0Y0       PLLE2_ADV (Prop_plle2_adv_CLKIN1_CLKOUT0)
                                                     -2.384    -1.685 r  clk_wiz_inst/inst/plle2_adv_inst/CLKOUT0
                         net (fo=1, routed)           0.533    -1.152    clk_wiz_inst/inst/clk_out1_clk_wiz_0
    BUFGCTRL_X0Y0        BUFG (Prop_bufg_I_O)         0.026    -1.126 r  clk_wiz_inst/inst/clkout1_buf/O
                         net (fo=329, routed)         0.606    -0.521    u_game_logic/clk_out1
    SLICE_X99Y63         FDCE                                         r  u_game_logic/tetris_map_reg[5][1]/C
  -------------------------------------------------------------------    -------------------
    SLICE_X99Y63         FDCE (Prop_fdce_C_Q)         0.141    -0.380 r  u_game_logic/tetris_map_reg[5][1]/Q
                         net (fo=15, routed)          0.079    -0.300    u_game_logic/tetris_map_reg[5][1]_0
    SLICE_X98Y63         LUT6 (Prop_lut6_I1_O)        0.045    -0.255 r  u_game_logic/tetris_map[4][1]_i_1/O
                         net (fo=1, routed)           0.000    -0.255    u_game_logic/tetris_map[4][1]_i_1_n_0
    SLICE_X98Y63         FDCE                                         r  u_game_logic/tetris_map_reg[4][1]/D
  -------------------------------------------------------------------    -------------------

                         (clock clk_out1_clk_wiz_0 rise edge)
                                                      0.000     0.000 r  
    Y9                                                0.000     0.000 r  sys_clk (IN)
                         net (fo=0)                   0.000     0.000    clk_wiz_inst/inst/clk_in1
    Y9                   IBUF (Prop_ibuf_I_O)         0.446     0.446 r  clk_wiz_inst/inst/clkin1_ibufg/O
                         net (fo=1, routed)           0.481     0.927    clk_wiz_inst/inst/clk_in1_clk_wiz_0
    PLLE2_ADV_X0Y0       PLLE2_ADV (Prop_plle2_adv_CLKIN1_CLKOUT0)
                                                     -2.700    -1.773 r  clk_wiz_inst/inst/plle2_adv_inst/CLKOUT0
                         net (fo=1, routed)           0.580    -1.193    clk_wiz_inst/inst/clk_out1_clk_wiz_0
    BUFGCTRL_X0Y0        BUFG (Prop_bufg_I_O)         0.029    -1.164 r  clk_wiz_inst/inst/clkout1_buf/O
                         net (fo=329, routed)         0.875    -0.289    u_game_logic/clk_out1
    SLICE_X98Y63         FDCE                                         r  u_game_logic/tetris_map_reg[4][1]/C
                         clock pessimism             -0.219    -0.508    
    SLICE_X98Y63         FDCE (Hold_fdce_C_D)         0.120    -0.388    u_game_logic/tetris_map_reg[4][1]
  -------------------------------------------------------------------
                         required time                          0.388    
                         arrival time                          -0.255    
  -------------------------------------------------------------------
                         slack                                  0.132    

Slack (MET) :             0.142ns  (arrival time - required time)
  Source:                 u_game_logic/tetris_map_reg[7][6]/C
                            (rising edge-triggered cell FDCE clocked by clk_out1_clk_wiz_0  {rise@0.000ns fall@15.152ns period=30.303ns})
  Destination:            u_game_logic/tetris_map_reg[6][6]/D
                            (rising edge-triggered cell FDCE clocked by clk_out1_clk_wiz_0  {rise@0.000ns fall@15.152ns period=30.303ns})
  Path Group:             clk_out1_clk_wiz_0
  Path Type:              Hold (Min at Fast Process Corner)
  Requirement:            0.000ns  (clk_out1_clk_wiz_0 rise@0.000ns - clk_out1_clk_wiz_0 rise@0.000ns)
  Data Path Delay:        0.276ns  (logic 0.186ns (67.488%)  route 0.090ns (32.512%))
  Logic Levels:           1  (LUT6=1)
  Clock Path Skew:        0.013ns (DCD - SCD - CPR)
    Destination Clock Delay (DCD):    -0.288ns
    Source Clock Delay      (SCD):    -0.521ns
    Clock Pessimism Removal (CPR):    0.220ns

    Location             Delay type                Incr(ns)  Path(ns)    Netlist Resource(s)
  -------------------------------------------------------------------    -------------------
                         (clock clk_out1_clk_wiz_0 rise edge)
                                                      0.000     0.000 r  
    Y9                                                0.000     0.000 r  sys_clk (IN)
                         net (fo=0)                   0.000     0.000    clk_wiz_inst/inst/clk_in1
    Y9                   IBUF (Prop_ibuf_I_O)         0.258     0.258 r  clk_wiz_inst/inst/clkin1_ibufg/O
                         net (fo=1, routed)           0.440     0.698    clk_wiz_inst/inst/clk_in1_clk_wiz_0
    PLLE2_ADV_X0Y0       PLLE2_ADV (Prop_plle2_adv_CLKIN1_CLKOUT0)
                                                     -2.384    -1.685 r  clk_wiz_inst/inst/plle2_adv_inst/CLKOUT0
                         net (fo=1, routed)           0.533    -1.152    clk_wiz_inst/inst/clk_out1_clk_wiz_0
    BUFGCTRL_X0Y0        BUFG (Prop_bufg_I_O)         0.026    -1.126 r  clk_wiz_inst/inst/clkout1_buf/O
                         net (fo=329, routed)         0.606    -0.521    u_game_logic/clk_out1
    SLICE_X93Y60         FDCE                                         r  u_game_logic/tetris_map_reg[7][6]/C
  -------------------------------------------------------------------    -------------------
    SLICE_X93Y60         FDCE (Prop_fdce_C_Q)         0.141    -0.380 r  u_game_logic/tetris_map_reg[7][6]/Q
                         net (fo=15, routed)          0.090    -0.290    u_game_logic/tetris_map_reg[7][6]_0
    SLICE_X92Y60         LUT6 (Prop_lut6_I1_O)        0.045    -0.245 r  u_game_logic/tetris_map[6][6]_i_1/O
                         net (fo=1, routed)           0.000    -0.245    u_game_logic/tetris_map[6][6]_i_1_n_0
    SLICE_X92Y60         FDCE                                         r  u_game_logic/tetris_map_reg[6][6]/D
  -------------------------------------------------------------------    -------------------

                         (clock clk_out1_clk_wiz_0 rise edge)
                                                      0.000     0.000 r  
    Y9                                                0.000     0.000 r  sys_clk (IN)
                         net (fo=0)                   0.000     0.000    clk_wiz_inst/inst/clk_in1
    Y9                   IBUF (Prop_ibuf_I_O)         0.446     0.446 r  clk_wiz_inst/inst/clkin1_ibufg/O
                         net (fo=1, routed)           0.481     0.927    clk_wiz_inst/inst/clk_in1_clk_wiz_0
    PLLE2_ADV_X0Y0       PLLE2_ADV (Prop_plle2_adv_CLKIN1_CLKOUT0)
                                                     -2.700    -1.773 r  clk_wiz_inst/inst/plle2_adv_inst/CLKOUT0
                         net (fo=1, routed)           0.580    -1.193    clk_wiz_inst/inst/clk_out1_clk_wiz_0
    BUFGCTRL_X0Y0        BUFG (Prop_bufg_I_O)         0.029    -1.164 r  clk_wiz_inst/inst/clkout1_buf/O
                         net (fo=329, routed)         0.876    -0.288    u_game_logic/clk_out1
    SLICE_X92Y60         FDCE                                         r  u_game_logic/tetris_map_reg[6][6]/C
                         clock pessimism             -0.220    -0.508    
    SLICE_X92Y60         FDCE (Hold_fdce_C_D)         0.121    -0.387    u_game_logic/tetris_map_reg[6][6]
  -------------------------------------------------------------------
                         required time                          0.387    
                         arrival time                          -0.245    
  -------------------------------------------------------------------
                         slack                                  0.142    

Slack (MET) :             0.145ns  (arrival time - required time)
  Source:                 u_game_logic/tetris_map_reg[3][6]/C
                            (rising edge-triggered cell FDCE clocked by clk_out1_clk_wiz_0  {rise@0.000ns fall@15.152ns period=30.303ns})
  Destination:            u_game_logic/tetris_map_reg[2][6]/D
                            (rising edge-triggered cell FDCE clocked by clk_out1_clk_wiz_0  {rise@0.000ns fall@15.152ns period=30.303ns})
  Path Group:             clk_out1_clk_wiz_0
  Path Type:              Hold (Min at Fast Process Corner)
  Requirement:            0.000ns  (clk_out1_clk_wiz_0 rise@0.000ns - clk_out1_clk_wiz_0 rise@0.000ns)
  Data Path Delay:        0.279ns  (logic 0.186ns (66.689%)  route 0.093ns (33.311%))
  Logic Levels:           1  (LUT6=1)
  Clock Path Skew:        0.013ns (DCD - SCD - CPR)
    Destination Clock Delay (DCD):    -0.287ns
    Source Clock Delay      (SCD):    -0.520ns
    Clock Pessimism Removal (CPR):    0.220ns

    Location             Delay type                Incr(ns)  Path(ns)    Netlist Resource(s)
  -------------------------------------------------------------------    -------------------
                         (clock clk_out1_clk_wiz_0 rise edge)
                                                      0.000     0.000 r  
    Y9                                                0.000     0.000 r  sys_clk (IN)
                         net (fo=0)                   0.000     0.000    clk_wiz_inst/inst/clk_in1
    Y9                   IBUF (Prop_ibuf_I_O)         0.258     0.258 r  clk_wiz_inst/inst/clkin1_ibufg/O
                         net (fo=1, routed)           0.440     0.698    clk_wiz_inst/inst/clk_in1_clk_wiz_0
    PLLE2_ADV_X0Y0       PLLE2_ADV (Prop_plle2_adv_CLKIN1_CLKOUT0)
                                                     -2.384    -1.685 r  clk_wiz_inst/inst/plle2_adv_inst/CLKOUT0
                         net (fo=1, routed)           0.533    -1.152    clk_wiz_inst/inst/clk_out1_clk_wiz_0
    BUFGCTRL_X0Y0        BUFG (Prop_bufg_I_O)         0.026    -1.126 r  clk_wiz_inst/inst/clkout1_buf/O
                         net (fo=329, routed)         0.607    -0.520    u_game_logic/clk_out1
    SLICE_X95Y61         FDCE                                         r  u_game_logic/tetris_map_reg[3][6]/C
  -------------------------------------------------------------------    -------------------
    SLICE_X95Y61         FDCE (Prop_fdce_C_Q)         0.141    -0.379 r  u_game_logic/tetris_map_reg[3][6]/Q
                         net (fo=15, routed)          0.093    -0.286    u_game_logic/tetris_map_reg[3][6]_0
    SLICE_X94Y61         LUT6 (Prop_lut6_I1_O)        0.045    -0.241 r  u_game_logic/tetris_map[2][6]_i_1/O
                         net (fo=1, routed)           0.000    -0.241    u_game_logic/tetris_map[2][6]_i_1_n_0
    SLICE_X94Y61         FDCE                                         r  u_game_logic/tetris_map_reg[2][6]/D
  -------------------------------------------------------------------    -------------------

                         (clock clk_out1_clk_wiz_0 rise edge)
                                                      0.000     0.000 r  
    Y9                                                0.000     0.000 r  sys_clk (IN)
                         net (fo=0)                   0.000     0.000    clk_wiz_inst/inst/clk_in1
    Y9                   IBUF (Prop_ibuf_I_O)         0.446     0.446 r  clk_wiz_inst/inst/clkin1_ibufg/O
                         net (fo=1, routed)           0.481     0.927    clk_wiz_inst/inst/clk_in1_clk_wiz_0
    PLLE2_ADV_X0Y0       PLLE2_ADV (Prop_plle2_adv_CLKIN1_CLKOUT0)
                                                     -2.700    -1.773 r  clk_wiz_inst/inst/plle2_adv_inst/CLKOUT0
                         net (fo=1, routed)           0.580    -1.193    clk_wiz_inst/inst/clk_out1_clk_wiz_0
    BUFGCTRL_X0Y0        BUFG (Prop_bufg_I_O)         0.029    -1.164 r  clk_wiz_inst/inst/clkout1_buf/O
                         net (fo=329, routed)         0.877    -0.287    u_game_logic/clk_out1
    SLICE_X94Y61         FDCE                                         r  u_game_logic/tetris_map_reg[2][6]/C
                         clock pessimism             -0.220    -0.507    
    SLICE_X94Y61         FDCE (Hold_fdce_C_D)         0.121    -0.386    u_game_logic/tetris_map_reg[2][6]
  -------------------------------------------------------------------
                         required time                          0.386    
                         arrival time                          -0.241    
  -------------------------------------------------------------------
                         slack                                  0.145    

Slack (MET) :             0.163ns  (arrival time - required time)
  Source:                 u_game_logic/tetris_map_reg[5][5]/C
                            (rising edge-triggered cell FDCE clocked by clk_out1_clk_wiz_0  {rise@0.000ns fall@15.152ns period=30.303ns})
  Destination:            u_game_logic/tetris_map_reg[4][5]/D
                            (rising edge-triggered cell FDCE clocked by clk_out1_clk_wiz_0  {rise@0.000ns fall@15.152ns period=30.303ns})
  Path Group:             clk_out1_clk_wiz_0
  Path Type:              Hold (Min at Fast Process Corner)
  Requirement:            0.000ns  (clk_out1_clk_wiz_0 rise@0.000ns - clk_out1_clk_wiz_0 rise@0.000ns)
  Data Path Delay:        0.296ns  (logic 0.186ns (62.765%)  route 0.110ns (37.235%))
  Logic Levels:           1  (LUT6=1)
  Clock Path Skew:        0.013ns (DCD - SCD - CPR)
    Destination Clock Delay (DCD):    -0.288ns
    Source Clock Delay      (SCD):    -0.520ns
    Clock Pessimism Removal (CPR):    0.219ns

    Location             Delay type                Incr(ns)  Path(ns)    Netlist Resource(s)
  -------------------------------------------------------------------    -------------------
                         (clock clk_out1_clk_wiz_0 rise edge)
                                                      0.000     0.000 r  
    Y9                                                0.000     0.000 r  sys_clk (IN)
                         net (fo=0)                   0.000     0.000    clk_wiz_inst/inst/clk_in1
    Y9                   IBUF (Prop_ibuf_I_O)         0.258     0.258 r  clk_wiz_inst/inst/clkin1_ibufg/O
                         net (fo=1, routed)           0.440     0.698    clk_wiz_inst/inst/clk_in1_clk_wiz_0
    PLLE2_ADV_X0Y0       PLLE2_ADV (Prop_plle2_adv_CLKIN1_CLKOUT0)
                                                     -2.384    -1.685 r  clk_wiz_inst/inst/plle2_adv_inst/CLKOUT0
                         net (fo=1, routed)           0.533    -1.152    clk_wiz_inst/inst/clk_out1_clk_wiz_0
    BUFGCTRL_X0Y0        BUFG (Prop_bufg_I_O)         0.026    -1.126 r  clk_wiz_inst/inst/clkout1_buf/O
                         net (fo=329, routed)         0.607    -0.520    u_game_logic/clk_out1
    SLICE_X101Y62        FDCE                                         r  u_game_logic/tetris_map_reg[5][5]/C
  -------------------------------------------------------------------    -------------------
    SLICE_X101Y62        FDCE (Prop_fdce_C_Q)         0.141    -0.379 r  u_game_logic/tetris_map_reg[5][5]/Q
                         net (fo=15, routed)          0.110    -0.268    u_game_logic/tetris_map_reg[5][5]_0
    SLICE_X100Y62        LUT6 (Prop_lut6_I1_O)        0.045    -0.223 r  u_game_logic/tetris_map[4][5]_i_1/O
                         net (fo=1, routed)           0.000    -0.223    u_game_logic/tetris_map[4][5]_i_1_n_0
    SLICE_X100Y62        FDCE                                         r  u_game_logic/tetris_map_reg[4][5]/D
  -------------------------------------------------------------------    -------------------

                         (clock clk_out1_clk_wiz_0 rise edge)
                                                      0.000     0.000 r  
    Y9                                                0.000     0.000 r  sys_clk (IN)
                         net (fo=0)                   0.000     0.000    clk_wiz_inst/inst/clk_in1
    Y9                   IBUF (Prop_ibuf_I_O)         0.446     0.446 r  clk_wiz_inst/inst/clkin1_ibufg/O
                         net (fo=1, routed)           0.481     0.927    clk_wiz_inst/inst/clk_in1_clk_wiz_0
    PLLE2_ADV_X0Y0       PLLE2_ADV (Prop_plle2_adv_CLKIN1_CLKOUT0)
                                                     -2.700    -1.773 r  clk_wiz_inst/inst/plle2_adv_inst/CLKOUT0
                         net (fo=1, routed)           0.580    -1.193    clk_wiz_inst/inst/clk_out1_clk_wiz_0
    BUFGCTRL_X0Y0        BUFG (Prop_bufg_I_O)         0.029    -1.164 r  clk_wiz_inst/inst/clkout1_buf/O
                         net (fo=329, routed)         0.876    -0.288    u_game_logic/clk_out1
    SLICE_X100Y62        FDCE                                         r  u_game_logic/tetris_map_reg[4][5]/C
                         clock pessimism             -0.219    -0.507    
    SLICE_X100Y62        FDCE (Hold_fdce_C_D)         0.120    -0.387    u_game_logic/tetris_map_reg[4][5]
  -------------------------------------------------------------------
                         required time                          0.387    
                         arrival time                          -0.223    
  -------------------------------------------------------------------
                         slack                                  0.163    

Slack (MET) :             0.163ns  (arrival time - required time)
  Source:                 u_game_logic/tetris_map_reg[5][7]/C
                            (rising edge-triggered cell FDCE clocked by clk_out1_clk_wiz_0  {rise@0.000ns fall@15.152ns period=30.303ns})
  Destination:            u_game_logic/tetris_map_reg[4][7]/D
                            (rising edge-triggered cell FDCE clocked by clk_out1_clk_wiz_0  {rise@0.000ns fall@15.152ns period=30.303ns})
  Path Group:             clk_out1_clk_wiz_0
  Path Type:              Hold (Min at Fast Process Corner)
  Requirement:            0.000ns  (clk_out1_clk_wiz_0 rise@0.000ns - clk_out1_clk_wiz_0 rise@0.000ns)
  Data Path Delay:        0.320ns  (logic 0.186ns (58.046%)  route 0.134ns (41.954%))
  Logic Levels:           1  (LUT6=1)
  Clock Path Skew:        0.036ns (DCD - SCD - CPR)
    Destination Clock Delay (DCD):    -0.289ns
    Source Clock Delay      (SCD):    -0.522ns
    Clock Pessimism Removal (CPR):    0.197ns

    Location             Delay type                Incr(ns)  Path(ns)    Netlist Resource(s)
  -------------------------------------------------------------------    -------------------
                         (clock clk_out1_clk_wiz_0 rise edge)
                                                      0.000     0.000 r  
    Y9                                                0.000     0.000 r  sys_clk (IN)
                         net (fo=0)                   0.000     0.000    clk_wiz_inst/inst/clk_in1
    Y9                   IBUF (Prop_ibuf_I_O)         0.258     0.258 r  clk_wiz_inst/inst/clkin1_ibufg/O
                         net (fo=1, routed)           0.440     0.698    clk_wiz_inst/inst/clk_in1_clk_wiz_0
    PLLE2_ADV_X0Y0       PLLE2_ADV (Prop_plle2_adv_CLKIN1_CLKOUT0)
                                                     -2.384    -1.685 r  clk_wiz_inst/inst/plle2_adv_inst/CLKOUT0
                         net (fo=1, routed)           0.533    -1.152    clk_wiz_inst/inst/clk_out1_clk_wiz_0
    BUFGCTRL_X0Y0        BUFG (Prop_bufg_I_O)         0.026    -1.126 r  clk_wiz_inst/inst/clkout1_buf/O
                         net (fo=329, routed)         0.605    -0.522    u_game_logic/clk_out1
    SLICE_X97Y63         FDCE                                         r  u_game_logic/tetris_map_reg[5][7]/C
  -------------------------------------------------------------------    -------------------
    SLICE_X97Y63         FDCE (Prop_fdce_C_Q)         0.141    -0.381 r  u_game_logic/tetris_map_reg[5][7]/Q
                         net (fo=15, routed)          0.134    -0.246    u_game_logic/tetris_map_reg[5][7]_0
    SLICE_X98Y63         LUT6 (Prop_lut6_I1_O)        0.045    -0.201 r  u_game_logic/tetris_map[4][7]_i_1/O
                         net (fo=1, routed)           0.000    -0.201    u_game_logic/tetris_map[4][7]_i_1_n_0
    SLICE_X98Y63         FDCE                                         r  u_game_logic/tetris_map_reg[4][7]/D
  -------------------------------------------------------------------    -------------------

                         (clock clk_out1_clk_wiz_0 rise edge)
                                                      0.000     0.000 r  
    Y9                                                0.000     0.000 r  sys_clk (IN)
                         net (fo=0)                   0.000     0.000    clk_wiz_inst/inst/clk_in1
    Y9                   IBUF (Prop_ibuf_I_O)         0.446     0.446 r  clk_wiz_inst/inst/clkin1_ibufg/O
                         net (fo=1, routed)           0.481     0.927    clk_wiz_inst/inst/clk_in1_clk_wiz_0
    PLLE2_ADV_X0Y0       PLLE2_ADV (Prop_plle2_adv_CLKIN1_CLKOUT0)
                                                     -2.700    -1.773 r  clk_wiz_inst/inst/plle2_adv_inst/CLKOUT0
                         net (fo=1, routed)           0.580    -1.193    clk_wiz_inst/inst/clk_out1_clk_wiz_0
    BUFGCTRL_X0Y0        BUFG (Prop_bufg_I_O)         0.029    -1.164 r  clk_wiz_inst/inst/clkout1_buf/O
                         net (fo=329, routed)         0.875    -0.289    u_game_logic/clk_out1
    SLICE_X98Y63         FDCE                                         r  u_game_logic/tetris_map_reg[4][7]/C
                         clock pessimism             -0.197    -0.486    
    SLICE_X98Y63         FDCE (Hold_fdce_C_D)         0.121    -0.365    u_game_logic/tetris_map_reg[4][7]
  -------------------------------------------------------------------
                         required time                          0.365    
                         arrival time                          -0.201    
  -------------------------------------------------------------------
                         slack                                  0.163    

Slack (MET) :             0.164ns  (arrival time - required time)
  Source:                 u_game_logic/tetris_map_reg[5][0]/C
                            (rising edge-triggered cell FDCE clocked by clk_out1_clk_wiz_0  {rise@0.000ns fall@15.152ns period=30.303ns})
  Destination:            u_game_logic/tetris_map_reg[4][0]/D
                            (rising edge-triggered cell FDCE clocked by clk_out1_clk_wiz_0  {rise@0.000ns fall@15.152ns period=30.303ns})
  Path Group:             clk_out1_clk_wiz_0
  Path Type:              Hold (Min at Fast Process Corner)
  Requirement:            0.000ns  (clk_out1_clk_wiz_0 rise@0.000ns - clk_out1_clk_wiz_0 rise@0.000ns)
  Data Path Delay:        0.298ns  (logic 0.186ns (62.344%)  route 0.112ns (37.656%))
  Logic Levels:           1  (LUT6=1)
  Clock Path Skew:        0.013ns (DCD - SCD - CPR)
    Destination Clock Delay (DCD):    -0.287ns
    Source Clock Delay      (SCD):    -0.520ns
    Clock Pessimism Removal (CPR):    0.220ns

    Location             Delay type                Incr(ns)  Path(ns)    Netlist Resource(s)
  -------------------------------------------------------------------    -------------------
                         (clock clk_out1_clk_wiz_0 rise edge)
                                                      0.000     0.000 r  
    Y9                                                0.000     0.000 r  sys_clk (IN)
                         net (fo=0)                   0.000     0.000    clk_wiz_inst/inst/clk_in1
    Y9                   IBUF (Prop_ibuf_I_O)         0.258     0.258 r  clk_wiz_inst/inst/clkin1_ibufg/O
                         net (fo=1, routed)           0.440     0.698    clk_wiz_inst/inst/clk_in1_clk_wiz_0
    PLLE2_ADV_X0Y0       PLLE2_ADV (Prop_plle2_adv_CLKIN1_CLKOUT0)
                                                     -2.384    -1.685 r  clk_wiz_inst/inst/plle2_adv_inst/CLKOUT0
                         net (fo=1, routed)           0.533    -1.152    clk_wiz_inst/inst/clk_out1_clk_wiz_0
    BUFGCTRL_X0Y0        BUFG (Prop_bufg_I_O)         0.026    -1.126 r  clk_wiz_inst/inst/clkout1_buf/O
                         net (fo=329, routed)         0.607    -0.520    u_game_logic/clk_out1
    SLICE_X95Y61         FDCE                                         r  u_game_logic/tetris_map_reg[5][0]/C
  -------------------------------------------------------------------    -------------------
    SLICE_X95Y61         FDCE (Prop_fdce_C_Q)         0.141    -0.379 r  u_game_logic/tetris_map_reg[5][0]/Q
                         net (fo=15, routed)          0.112    -0.266    u_game_logic/tetris_map_reg[5][0]_0
    SLICE_X94Y61         LUT6 (Prop_lut6_I1_O)        0.045    -0.221 r  u_game_logic/tetris_map[4][0]_i_1/O
                         net (fo=1, routed)           0.000    -0.221    u_game_logic/tetris_map[4][0]_i_1_n_0
    SLICE_X94Y61         FDCE                                         r  u_game_logic/tetris_map_reg[4][0]/D
  -------------------------------------------------------------------    -------------------

                         (clock clk_out1_clk_wiz_0 rise edge)
                                                      0.000     0.000 r  
    Y9                                                0.000     0.000 r  sys_clk (IN)
                         net (fo=0)                   0.000     0.000    clk_wiz_inst/inst/clk_in1
    Y9                   IBUF (Prop_ibuf_I_O)         0.446     0.446 r  clk_wiz_inst/inst/clkin1_ibufg/O
                         net (fo=1, routed)           0.481     0.927    clk_wiz_inst/inst/clk_in1_clk_wiz_0
    PLLE2_ADV_X0Y0       PLLE2_ADV (Prop_plle2_adv_CLKIN1_CLKOUT0)
                                                     -2.700    -1.773 r  clk_wiz_inst/inst/plle2_adv_inst/CLKOUT0
                         net (fo=1, routed)           0.580    -1.193    clk_wiz_inst/inst/clk_out1_clk_wiz_0
    BUFGCTRL_X0Y0        BUFG (Prop_bufg_I_O)         0.029    -1.164 r  clk_wiz_inst/inst/clkout1_buf/O
                         net (fo=329, routed)         0.877    -0.287    u_game_logic/clk_out1
    SLICE_X94Y61         FDCE                                         r  u_game_logic/tetris_map_reg[4][0]/C
                         clock pessimism             -0.220    -0.507    
    SLICE_X94Y61         FDCE (Hold_fdce_C_D)         0.121    -0.386    u_game_logic/tetris_map_reg[4][0]
  -------------------------------------------------------------------
                         required time                          0.386    
                         arrival time                          -0.221    
  -------------------------------------------------------------------
                         slack                                  0.164    

Slack (MET) :             0.169ns  (arrival time - required time)
  Source:                 u_game_logic/tetris_map_reg[7][2]/C
                            (rising edge-triggered cell FDCE clocked by clk_out1_clk_wiz_0  {rise@0.000ns fall@15.152ns period=30.303ns})
  Destination:            u_game_logic/tetris_map_reg[6][2]/D
                            (rising edge-triggered cell FDCE clocked by clk_out1_clk_wiz_0  {rise@0.000ns fall@15.152ns period=30.303ns})
  Path Group:             clk_out1_clk_wiz_0
  Path Type:              Hold (Min at Fast Process Corner)
  Requirement:            0.000ns  (clk_out1_clk_wiz_0 rise@0.000ns - clk_out1_clk_wiz_0 rise@0.000ns)
  Data Path Delay:        0.303ns  (logic 0.186ns (61.473%)  route 0.117ns (38.527%))
  Logic Levels:           1  (LUT6=1)
  Clock Path Skew:        0.013ns (DCD - SCD - CPR)
    Destination Clock Delay (DCD):    -0.288ns
    Source Clock Delay      (SCD):    -0.521ns
    Clock Pessimism Removal (CPR):    0.220ns

    Location             Delay type                Incr(ns)  Path(ns)    Netlist Resource(s)
  -------------------------------------------------------------------    -------------------
                         (clock clk_out1_clk_wiz_0 rise edge)
                                                      0.000     0.000 r  
    Y9                                                0.000     0.000 r  sys_clk (IN)
                         net (fo=0)                   0.000     0.000    clk_wiz_inst/inst/clk_in1
    Y9                   IBUF (Prop_ibuf_I_O)         0.258     0.258 r  clk_wiz_inst/inst/clkin1_ibufg/O
                         net (fo=1, routed)           0.440     0.698    clk_wiz_inst/inst/clk_in1_clk_wiz_0
    PLLE2_ADV_X0Y0       PLLE2_ADV (Prop_plle2_adv_CLKIN1_CLKOUT0)
                                                     -2.384    -1.685 r  clk_wiz_inst/inst/plle2_adv_inst/CLKOUT0
                         net (fo=1, routed)           0.533    -1.152    clk_wiz_inst/inst/clk_out1_clk_wiz_0
    BUFGCTRL_X0Y0        BUFG (Prop_bufg_I_O)         0.026    -1.126 r  clk_wiz_inst/inst/clkout1_buf/O
                         net (fo=329, routed)         0.606    -0.521    u_game_logic/clk_out1
    SLICE_X93Y60         FDCE                                         r  u_game_logic/tetris_map_reg[7][2]/C
  -------------------------------------------------------------------    -------------------
    SLICE_X93Y60         FDCE (Prop_fdce_C_Q)         0.141    -0.380 r  u_game_logic/tetris_map_reg[7][2]/Q
                         net (fo=15, routed)          0.117    -0.263    u_game_logic/tetris_map_reg[7][2]_0
    SLICE_X92Y60         LUT6 (Prop_lut6_I1_O)        0.045    -0.218 r  u_game_logic/tetris_map[6][2]_i_1/O
                         net (fo=1, routed)           0.000    -0.218    u_game_logic/tetris_map[6][2]_i_1_n_0
    SLICE_X92Y60         FDCE                                         r  u_game_logic/tetris_map_reg[6][2]/D
  -------------------------------------------------------------------    -------------------

                         (clock clk_out1_clk_wiz_0 rise edge)
                                                      0.000     0.000 r  
    Y9                                                0.000     0.000 r  sys_clk (IN)
                         net (fo=0)                   0.000     0.000    clk_wiz_inst/inst/clk_in1
    Y9                   IBUF (Prop_ibuf_I_O)         0.446     0.446 r  clk_wiz_inst/inst/clkin1_ibufg/O
                         net (fo=1, routed)           0.481     0.927    clk_wiz_inst/inst/clk_in1_clk_wiz_0
    PLLE2_ADV_X0Y0       PLLE2_ADV (Prop_plle2_adv_CLKIN1_CLKOUT0)
                                                     -2.700    -1.773 r  clk_wiz_inst/inst/plle2_adv_inst/CLKOUT0
                         net (fo=1, routed)           0.580    -1.193    clk_wiz_inst/inst/clk_out1_clk_wiz_0
    BUFGCTRL_X0Y0        BUFG (Prop_bufg_I_O)         0.029    -1.164 r  clk_wiz_inst/inst/clkout1_buf/O
                         net (fo=329, routed)         0.876    -0.288    u_game_logic/clk_out1
    SLICE_X92Y60         FDCE                                         r  u_game_logic/tetris_map_reg[6][2]/C
                         clock pessimism             -0.220    -0.508    
    SLICE_X92Y60         FDCE (Hold_fdce_C_D)         0.121    -0.387    u_game_logic/tetris_map_reg[6][2]
  -------------------------------------------------------------------
                         required time                          0.387    
                         arrival time                          -0.218    
  -------------------------------------------------------------------
                         slack                                  0.169    

Slack (MET) :             0.169ns  (arrival time - required time)
  Source:                 u_game_logic/tetris_map_reg[15][8]/C
                            (rising edge-triggered cell FDCE clocked by clk_out1_clk_wiz_0  {rise@0.000ns fall@15.152ns period=30.303ns})
  Destination:            u_game_logic/tetris_map_reg[14][8]/D
                            (rising edge-triggered cell FDCE clocked by clk_out1_clk_wiz_0  {rise@0.000ns fall@15.152ns period=30.303ns})
  Path Group:             clk_out1_clk_wiz_0
  Path Type:              Hold (Min at Fast Process Corner)
  Requirement:            0.000ns  (clk_out1_clk_wiz_0 rise@0.000ns - clk_out1_clk_wiz_0 rise@0.000ns)
  Data Path Delay:        0.326ns  (logic 0.186ns (56.969%)  route 0.140ns (43.031%))
  Logic Levels:           1  (LUT6=1)
  Clock Path Skew:        0.036ns (DCD - SCD - CPR)
    Destination Clock Delay (DCD):    -0.288ns
    Source Clock Delay      (SCD):    -0.521ns
    Clock Pessimism Removal (CPR):    0.197ns

    Location             Delay type                Incr(ns)  Path(ns)    Netlist Resource(s)
  -------------------------------------------------------------------    -------------------
                         (clock clk_out1_clk_wiz_0 rise edge)
                                                      0.000     0.000 r  
    Y9                                                0.000     0.000 r  sys_clk (IN)
                         net (fo=0)                   0.000     0.000    clk_wiz_inst/inst/clk_in1
    Y9                   IBUF (Prop_ibuf_I_O)         0.258     0.258 r  clk_wiz_inst/inst/clkin1_ibufg/O
                         net (fo=1, routed)           0.440     0.698    clk_wiz_inst/inst/clk_in1_clk_wiz_0
    PLLE2_ADV_X0Y0       PLLE2_ADV (Prop_plle2_adv_CLKIN1_CLKOUT0)
                                                     -2.384    -1.685 r  clk_wiz_inst/inst/plle2_adv_inst/CLKOUT0
                         net (fo=1, routed)           0.533    -1.152    clk_wiz_inst/inst/clk_out1_clk_wiz_0
    BUFGCTRL_X0Y0        BUFG (Prop_bufg_I_O)         0.026    -1.126 r  clk_wiz_inst/inst/clkout1_buf/O
                         net (fo=329, routed)         0.606    -0.521    u_game_logic/clk_out1
    SLICE_X91Y61         FDCE                                         r  u_game_logic/tetris_map_reg[15][8]/C
  -------------------------------------------------------------------    -------------------
    SLICE_X91Y61         FDCE (Prop_fdce_C_Q)         0.141    -0.380 r  u_game_logic/tetris_map_reg[15][8]/Q
                         net (fo=15, routed)          0.140    -0.239    u_game_logic/tetris_map_reg[15][8]_0
    SLICE_X92Y61         LUT6 (Prop_lut6_I1_O)        0.045    -0.194 r  u_game_logic/tetris_map[14][8]_i_1/O
                         net (fo=1, routed)           0.000    -0.194    u_game_logic/tetris_map[14][8]_i_1_n_0
    SLICE_X92Y61         FDCE                                         r  u_game_logic/tetris_map_reg[14][8]/D
  -------------------------------------------------------------------    -------------------

                         (clock clk_out1_clk_wiz_0 rise edge)
                                                      0.000     0.000 r  
    Y9                                                0.000     0.000 r  sys_clk (IN)
                         net (fo=0)                   0.000     0.000    clk_wiz_inst/inst/clk_in1
    Y9                   IBUF (Prop_ibuf_I_O)         0.446     0.446 r  clk_wiz_inst/inst/clkin1_ibufg/O
                         net (fo=1, routed)           0.481     0.927    clk_wiz_inst/inst/clk_in1_clk_wiz_0
    PLLE2_ADV_X0Y0       PLLE2_ADV (Prop_plle2_adv_CLKIN1_CLKOUT0)
                                                     -2.700    -1.773 r  clk_wiz_inst/inst/plle2_adv_inst/CLKOUT0
                         net (fo=1, routed)           0.580    -1.193    clk_wiz_inst/inst/clk_out1_clk_wiz_0
    BUFGCTRL_X0Y0        BUFG (Prop_bufg_I_O)         0.029    -1.164 r  clk_wiz_inst/inst/clkout1_buf/O
                         net (fo=329, routed)         0.876    -0.288    u_game_logic/clk_out1
    SLICE_X92Y61         FDCE                                         r  u_game_logic/tetris_map_reg[14][8]/C
                         clock pessimism             -0.197    -0.485    
    SLICE_X92Y61         FDCE (Hold_fdce_C_D)         0.121    -0.364    u_game_logic/tetris_map_reg[14][8]
  -------------------------------------------------------------------
                         required time                          0.364    
                         arrival time                          -0.194    
  -------------------------------------------------------------------
                         slack                                  0.169    

Slack (MET) :             0.177ns  (arrival time - required time)
  Source:                 u_game_logic/tetris_map_reg[6][8]/C
                            (rising edge-triggered cell FDCE clocked by clk_out1_clk_wiz_0  {rise@0.000ns fall@15.152ns period=30.303ns})
  Destination:            u_game_logic/tetris_map_reg[5][8]/D
                            (rising edge-triggered cell FDCE clocked by clk_out1_clk_wiz_0  {rise@0.000ns fall@15.152ns period=30.303ns})
  Path Group:             clk_out1_clk_wiz_0
  Path Type:              Hold (Min at Fast Process Corner)
  Requirement:            0.000ns  (clk_out1_clk_wiz_0 rise@0.000ns - clk_out1_clk_wiz_0 rise@0.000ns)
  Data Path Delay:        0.282ns  (logic 0.209ns (74.007%)  route 0.073ns (25.993%))
  Logic Levels:           1  (LUT6=1)
  Clock Path Skew:        0.013ns (DCD - SCD - CPR)
    Destination Clock Delay (DCD):    -0.288ns
    Source Clock Delay      (SCD):    -0.520ns
    Clock Pessimism Removal (CPR):    0.219ns

    Location             Delay type                Incr(ns)  Path(ns)    Netlist Resource(s)
  -------------------------------------------------------------------    -------------------
                         (clock clk_out1_clk_wiz_0 rise edge)
                                                      0.000     0.000 r  
    Y9                                                0.000     0.000 r  sys_clk (IN)
                         net (fo=0)                   0.000     0.000    clk_wiz_inst/inst/clk_in1
    Y9                   IBUF (Prop_ibuf_I_O)         0.258     0.258 r  clk_wiz_inst/inst/clkin1_ibufg/O
                         net (fo=1, routed)           0.440     0.698    clk_wiz_inst/inst/clk_in1_clk_wiz_0
    PLLE2_ADV_X0Y0       PLLE2_ADV (Prop_plle2_adv_CLKIN1_CLKOUT0)
                                                     -2.384    -1.685 r  clk_wiz_inst/inst/plle2_adv_inst/CLKOUT0
                         net (fo=1, routed)           0.533    -1.152    clk_wiz_inst/inst/clk_out1_clk_wiz_0
    BUFGCTRL_X0Y0        BUFG (Prop_bufg_I_O)         0.026    -1.126 r  clk_wiz_inst/inst/clkout1_buf/O
                         net (fo=329, routed)         0.607    -0.520    u_game_logic/clk_out1
    SLICE_X100Y62        FDCE                                         r  u_game_logic/tetris_map_reg[6][8]/C
  -------------------------------------------------------------------    -------------------
    SLICE_X100Y62        FDCE (Prop_fdce_C_Q)         0.164    -0.356 r  u_game_logic/tetris_map_reg[6][8]/Q
                         net (fo=15, routed)          0.073    -0.282    u_game_logic/tetris_map_reg[6][8]_0
    SLICE_X101Y62        LUT6 (Prop_lut6_I1_O)        0.045    -0.237 r  u_game_logic/tetris_map[5][8]_i_1/O
                         net (fo=1, routed)           0.000    -0.237    u_game_logic/tetris_map[5][8]_i_1_n_0
    SLICE_X101Y62        FDCE                                         r  u_game_logic/tetris_map_reg[5][8]/D
  -------------------------------------------------------------------    -------------------

                         (clock clk_out1_clk_wiz_0 rise edge)
                                                      0.000     0.000 r  
    Y9                                                0.000     0.000 r  sys_clk (IN)
                         net (fo=0)                   0.000     0.000    clk_wiz_inst/inst/clk_in1
    Y9                   IBUF (Prop_ibuf_I_O)         0.446     0.446 r  clk_wiz_inst/inst/clkin1_ibufg/O
                         net (fo=1, routed)           0.481     0.927    clk_wiz_inst/inst/clk_in1_clk_wiz_0
    PLLE2_ADV_X0Y0       PLLE2_ADV (Prop_plle2_adv_CLKIN1_CLKOUT0)
                                                     -2.700    -1.773 r  clk_wiz_inst/inst/plle2_adv_inst/CLKOUT0
                         net (fo=1, routed)           0.580    -1.193    clk_wiz_inst/inst/clk_out1_clk_wiz_0
    BUFGCTRL_X0Y0        BUFG (Prop_bufg_I_O)         0.029    -1.164 r  clk_wiz_inst/inst/clkout1_buf/O
                         net (fo=329, routed)         0.876    -0.288    u_game_logic/clk_out1
    SLICE_X101Y62        FDCE                                         r  u_game_logic/tetris_map_reg[5][8]/C
                         clock pessimism             -0.219    -0.507    
    SLICE_X101Y62        FDCE (Hold_fdce_C_D)         0.092    -0.415    u_game_logic/tetris_map_reg[5][8]
  -------------------------------------------------------------------
                         required time                          0.415    
                         arrival time                          -0.237    
  -------------------------------------------------------------------
                         slack                                  0.177    

Slack (MET) :             0.182ns  (arrival time - required time)
  Source:                 u_game_logic/tetris_map_reg[4][0]/C
                            (rising edge-triggered cell FDCE clocked by clk_out1_clk_wiz_0  {rise@0.000ns fall@15.152ns period=30.303ns})
  Destination:            u_game_logic/tetris_map_reg[3][0]/D
                            (rising edge-triggered cell FDCE clocked by clk_out1_clk_wiz_0  {rise@0.000ns fall@15.152ns period=30.303ns})
  Path Group:             clk_out1_clk_wiz_0
  Path Type:              Hold (Min at Fast Process Corner)
  Requirement:            0.000ns  (clk_out1_clk_wiz_0 rise@0.000ns - clk_out1_clk_wiz_0 rise@0.000ns)
  Data Path Delay:        0.286ns  (logic 0.209ns (73.186%)  route 0.077ns (26.814%))
  Logic Levels:           1  (LUT6=1)
  Clock Path Skew:        0.013ns (DCD - SCD - CPR)
    Destination Clock Delay (DCD):    -0.287ns
    Source Clock Delay      (SCD):    -0.520ns
    Clock Pessimism Removal (CPR):    0.220ns

    Location             Delay type                Incr(ns)  Path(ns)    Netlist Resource(s)
  -------------------------------------------------------------------    -------------------
                         (clock clk_out1_clk_wiz_0 rise edge)
                                                      0.000     0.000 r  
    Y9                                                0.000     0.000 r  sys_clk (IN)
                         net (fo=0)                   0.000     0.000    clk_wiz_inst/inst/clk_in1
    Y9                   IBUF (Prop_ibuf_I_O)         0.258     0.258 r  clk_wiz_inst/inst/clkin1_ibufg/O
                         net (fo=1, routed)           0.440     0.698    clk_wiz_inst/inst/clk_in1_clk_wiz_0
    PLLE2_ADV_X0Y0       PLLE2_ADV (Prop_plle2_adv_CLKIN1_CLKOUT0)
                                                     -2.384    -1.685 r  clk_wiz_inst/inst/plle2_adv_inst/CLKOUT0
                         net (fo=1, routed)           0.533    -1.152    clk_wiz_inst/inst/clk_out1_clk_wiz_0
    BUFGCTRL_X0Y0        BUFG (Prop_bufg_I_O)         0.026    -1.126 r  clk_wiz_inst/inst/clkout1_buf/O
                         net (fo=329, routed)         0.607    -0.520    u_game_logic/clk_out1
    SLICE_X94Y61         FDCE                                         r  u_game_logic/tetris_map_reg[4][0]/C
  -------------------------------------------------------------------    -------------------
    SLICE_X94Y61         FDCE (Prop_fdce_C_Q)         0.164    -0.356 r  u_game_logic/tetris_map_reg[4][0]/Q
                         net (fo=15, routed)          0.077    -0.279    u_game_logic/tetris_map_reg[4][0]_0
    SLICE_X95Y61         LUT6 (Prop_lut6_I1_O)        0.045    -0.234 r  u_game_logic/tetris_map[3][0]_i_1/O
                         net (fo=1, routed)           0.000    -0.234    u_game_logic/tetris_map[3][0]_i_1_n_0
    SLICE_X95Y61         FDCE                                         r  u_game_logic/tetris_map_reg[3][0]/D
  -------------------------------------------------------------------    -------------------

                         (clock clk_out1_clk_wiz_0 rise edge)
                                                      0.000     0.000 r  
    Y9                                                0.000     0.000 r  sys_clk (IN)
                         net (fo=0)                   0.000     0.000    clk_wiz_inst/inst/clk_in1
    Y9                   IBUF (Prop_ibuf_I_O)         0.446     0.446 r  clk_wiz_inst/inst/clkin1_ibufg/O
                         net (fo=1, routed)           0.481     0.927    clk_wiz_inst/inst/clk_in1_clk_wiz_0
    PLLE2_ADV_X0Y0       PLLE2_ADV (Prop_plle2_adv_CLKIN1_CLKOUT0)
                                                     -2.700    -1.773 r  clk_wiz_inst/inst/plle2_adv_inst/CLKOUT0
                         net (fo=1, routed)           0.580    -1.193    clk_wiz_inst/inst/clk_out1_clk_wiz_0
    BUFGCTRL_X0Y0        BUFG (Prop_bufg_I_O)         0.029    -1.164 r  clk_wiz_inst/inst/clkout1_buf/O
                         net (fo=329, routed)         0.877    -0.287    u_game_logic/clk_out1
    SLICE_X95Y61         FDCE                                         r  u_game_logic/tetris_map_reg[3][0]/C
                         clock pessimism             -0.220    -0.507    
    SLICE_X95Y61         FDCE (Hold_fdce_C_D)         0.091    -0.416    u_game_logic/tetris_map_reg[3][0]
  -------------------------------------------------------------------
                         required time                          0.416    
                         arrival time                          -0.234    
  -------------------------------------------------------------------
                         slack                                  0.182    





Pulse Width Checks
--------------------------------------------------------------------------------------
Clock Name:         clk_out1_clk_wiz_0
Waveform(ns):       { 0.000 15.152 }
Period(ns):         30.303
Sources:            { clk_wiz_inst/inst/plle2_adv_inst/CLKOUT0 }

Check Type        Corner  Lib Pin            Reference Pin  Required(ns)  Actual(ns)  Slack(ns)  Location        Pin
Min Period        n/a     BUFG/I             n/a            2.155         30.303      28.148     BUFGCTRL_X0Y0   clk_wiz_inst/inst/clkout1_buf/I
Min Period        n/a     PLLE2_ADV/CLKOUT0  n/a            1.249         30.303      29.054     PLLE2_ADV_X0Y0  clk_wiz_inst/inst/plle2_adv_inst/CLKOUT0
Min Period        n/a     FDPE/C             n/a            1.000         30.303      29.303     SLICE_X87Y66    u_game_logic/FSM_onehot_state_reg[0]/C
Min Period        n/a     FDCE/C             n/a            1.000         30.303      29.303     SLICE_X86Y66    u_game_logic/FSM_onehot_state_reg[1]/C
Min Period        n/a     FDCE/C             n/a            1.000         30.303      29.303     SLICE_X86Y66    u_game_logic/FSM_onehot_state_reg[2]/C
Min Period        n/a     FDCE/C             n/a            1.000         30.303      29.303     SLICE_X86Y66    u_game_logic/FSM_onehot_state_reg[3]/C
Min Period        n/a     FDCE/C             n/a            1.000         30.303      29.303     SLICE_X86Y66    u_game_logic/FSM_onehot_state_reg[3]_rep/C
Min Period        n/a     FDCE/C             n/a            1.000         30.303      29.303     SLICE_X80Y65    u_game_logic/block_type_reg[0]/C
Min Period        n/a     FDCE/C             n/a            1.000         30.303      29.303     SLICE_X80Y65    u_game_logic/block_type_reg[1]/C
Min Period        n/a     FDCE/C             n/a            1.000         30.303      29.303     SLICE_X86Y78    u_game_logic/block_x_reg[0]/C
Max Period        n/a     PLLE2_ADV/CLKOUT0  n/a            160.000       30.303      129.697    PLLE2_ADV_X0Y0  clk_wiz_inst/inst/plle2_adv_inst/CLKOUT0
Low Pulse Width   Slow    FDPE/C             n/a            0.500         15.152      14.652     SLICE_X87Y66    u_game_logic/FSM_onehot_state_reg[0]/C
Low Pulse Width   Fast    FDPE/C             n/a            0.500         15.152      14.652     SLICE_X87Y66    u_game_logic/FSM_onehot_state_reg[0]/C
Low Pulse Width   Slow    FDCE/C             n/a            0.500         15.152      14.652     SLICE_X86Y66    u_game_logic/FSM_onehot_state_reg[1]/C
Low Pulse Width   Fast    FDCE/C             n/a            0.500         15.152      14.652     SLICE_X86Y66    u_game_logic/FSM_onehot_state_reg[1]/C
Low Pulse Width   Slow    FDCE/C             n/a            0.500         15.152      14.652     SLICE_X86Y66    u_game_logic/FSM_onehot_state_reg[2]/C
Low Pulse Width   Fast    FDCE/C             n/a            0.500         15.152      14.652     SLICE_X86Y66    u_game_logic/FSM_onehot_state_reg[2]/C
Low Pulse Width   Slow    FDCE/C             n/a            0.500         15.152      14.652     SLICE_X86Y66    u_game_logic/FSM_onehot_state_reg[3]/C
Low Pulse Width   Fast    FDCE/C             n/a            0.500         15.152      14.652     SLICE_X86Y66    u_game_logic/FSM_onehot_state_reg[3]/C
Low Pulse Width   Slow    FDCE/C             n/a            0.500         15.152      14.652     SLICE_X86Y66    u_game_logic/FSM_onehot_state_reg[3]_rep/C
Low Pulse Width   Fast    FDCE/C             n/a            0.500         15.152      14.652     SLICE_X86Y66    u_game_logic/FSM_onehot_state_reg[3]_rep/C
High Pulse Width  Slow    FDPE/C             n/a            0.500         15.152      14.652     SLICE_X87Y66    u_game_logic/FSM_onehot_state_reg[0]/C
High Pulse Width  Fast    FDPE/C             n/a            0.500         15.152      14.652     SLICE_X87Y66    u_game_logic/FSM_onehot_state_reg[0]/C
High Pulse Width  Slow    FDCE/C             n/a            0.500         15.152      14.652     SLICE_X86Y66    u_game_logic/FSM_onehot_state_reg[1]/C
High Pulse Width  Fast    FDCE/C             n/a            0.500         15.152      14.652     SLICE_X86Y66    u_game_logic/FSM_onehot_state_reg[1]/C
High Pulse Width  Slow    FDCE/C             n/a            0.500         15.152      14.652     SLICE_X86Y66    u_game_logic/FSM_onehot_state_reg[2]/C
High Pulse Width  Fast    FDCE/C             n/a            0.500         15.152      14.652     SLICE_X86Y66    u_game_logic/FSM_onehot_state_reg[2]/C
High Pulse Width  Slow    FDCE/C             n/a            0.500         15.152      14.652     SLICE_X86Y66    u_game_logic/FSM_onehot_state_reg[3]/C
High Pulse Width  Fast    FDCE/C             n/a            0.500         15.152      14.652     SLICE_X86Y66    u_game_logic/FSM_onehot_state_reg[3]/C
High Pulse Width  Slow    FDCE/C             n/a            0.500         15.152      14.652     SLICE_X86Y66    u_game_logic/FSM_onehot_state_reg[3]_rep/C
High Pulse Width  Fast    FDCE/C             n/a            0.500         15.152      14.652     SLICE_X86Y66    u_game_logic/FSM_onehot_state_reg[3]_rep/C



---------------------------------------------------------------------------------------------------
From Clock:  clkfbout_clk_wiz_0
  To Clock:  clkfbout_clk_wiz_0

Setup :           NA  Failing Endpoints,  Worst Slack           NA  ,  Total Violation           NA
Hold  :           NA  Failing Endpoints,  Worst Slack           NA  ,  Total Violation           NA
PW    :            0  Failing Endpoints,  Worst Slack       12.633ns,  Total Violation        0.000ns
---------------------------------------------------------------------------------------------------


Pulse Width Checks
--------------------------------------------------------------------------------------
Clock Name:         clkfbout_clk_wiz_0
Waveform(ns):       { 0.000 20.000 }
Period(ns):         40.000
Sources:            { clk_wiz_inst/inst/plle2_adv_inst/CLKFBOUT }

Check Type  Corner  Lib Pin             Reference Pin  Required(ns)  Actual(ns)  Slack(ns)  Location        Pin
Min Period  n/a     BUFG/I              n/a            2.155         40.000      37.845     BUFGCTRL_X0Y1   clk_wiz_inst/inst/clkf_buf/I
Min Period  n/a     PLLE2_ADV/CLKFBOUT  n/a            1.249         40.000      38.751     PLLE2_ADV_X0Y0  clk_wiz_inst/inst/plle2_adv_inst/CLKFBOUT
Min Period  n/a     PLLE2_ADV/CLKFBIN   n/a            1.249         40.000      38.751     PLLE2_ADV_X0Y0  clk_wiz_inst/inst/plle2_adv_inst/CLKFBIN
Max Period  n/a     PLLE2_ADV/CLKFBIN   n/a            52.633        40.000      12.633     PLLE2_ADV_X0Y0  clk_wiz_inst/inst/plle2_adv_inst/CLKFBIN
Max Period  n/a     PLLE2_ADV/CLKFBOUT  n/a            160.000       40.000      120.000    PLLE2_ADV_X0Y0  clk_wiz_inst/inst/plle2_adv_inst/CLKFBOUT



--------------------------------------------------------------------------------------
Path Group:  (none)
From Clock:  clk_out1_clk_wiz_0
  To Clock:  

Max Delay            28 Endpoints
Min Delay            28 Endpoints
--------------------------------------------------------------------------------------


Max Delay Paths
--------------------------------------------------------------------------------------
Slack:                    inf
  Source:                 clk_wiz_inst/inst/plle2_adv_inst/CLKOUT0
                            (clock source 'clk_out1_clk_wiz_0'  {rise@0.000ns fall@15.152ns period=30.303ns})
  Destination:            lcd_clk
                            (output port)
  Path Group:             (none)
  Path Type:              Max at Slow Process Corner
  Data Path Delay:        8.605ns  (logic 3.603ns (41.864%)  route 5.003ns (58.136%))
  Logic Levels:           2  (BUFG=1 OBUF=1)
  Clock Uncertainty:      0.430ns  ((TSJ^2 + DJ^2)^1/2) / 2 + PE
    Total System Jitter     (TSJ):    0.050ns
    Discrete Jitter          (DJ):    0.333ns
    Phase Error              (PE):    0.262ns

    Location             Delay type                Incr(ns)  Path(ns)    Netlist Resource(s)
  -------------------------------------------------------------------    -------------------
                         (clock clk_out1_clk_wiz_0 fall edge)
                                                     15.152    15.152 f  
    Y9                                                0.000    15.152 f  sys_clk (IN)
                         net (fo=0)                   0.000    15.152    clk_wiz_inst/inst/clk_in1
    Y9                   IBUF (Prop_ibuf_I_O)         1.490    16.642 f  clk_wiz_inst/inst/clkin1_ibufg/O
                         net (fo=1, routed)           1.306    17.948    clk_wiz_inst/inst/clk_in1_clk_wiz_0
  -------------------------------------------------------------------    -------------------
    PLLE2_ADV_X0Y0       PLLE2_ADV (Prop_plle2_adv_CLKIN1_CLKOUT0)
                                                     -8.866     9.082 f  clk_wiz_inst/inst/plle2_adv_inst/CLKOUT0
                         net (fo=1, routed)           1.849    10.931    clk_wiz_inst/inst/clk_out1_clk_wiz_0
    BUFGCTRL_X0Y0        BUFG (Prop_bufg_I_O)         0.101    11.032 f  clk_wiz_inst/inst/clkout1_buf/O
                         net (fo=329, routed)         3.154    14.186    lcd_clk_OBUF
    L18                  OBUF (Prop_obuf_I_O)         3.502    17.687 f  lcd_clk_OBUF_inst/O
                         net (fo=0)                   0.000    17.687    lcd_clk
    L18                                                               f  lcd_clk (OUT)
  -------------------------------------------------------------------    -------------------

Slack:                    inf
  Source:                 u_lcd_timing/cnt_h_reg[4]/C
                            (rising edge-triggered cell FDCE clocked by clk_out1_clk_wiz_0  {rise@0.000ns fall@15.152ns period=30.303ns})
  Destination:            rgb_lcd[2]
                            (output port)
  Path Group:             (none)
  Path Type:              Max at Slow Process Corner
  Data Path Delay:        14.847ns  (logic 5.182ns (34.902%)  route 9.665ns (65.098%))
  Logic Levels:           7  (LUT3=1 LUT5=3 LUT6=2 OBUF=1)
  Clock Uncertainty:      0.430ns  ((TSJ^2 + DJ^2)^1/2) / 2 + PE
    Total System Jitter     (TSJ):    0.050ns
    Discrete Jitter          (DJ):    0.333ns
    Phase Error              (PE):    0.262ns

    Location             Delay type                Incr(ns)  Path(ns)    Netlist Resource(s)
  -------------------------------------------------------------------    -------------------
                         (clock clk_out1_clk_wiz_0 rise edge)
                                                      0.000     0.000 r  
    Y9                                                0.000     0.000 r  sys_clk (IN)
                         net (fo=0)                   0.000     0.000    clk_wiz_inst/inst/clk_in1
    Y9                   IBUF (Prop_ibuf_I_O)         1.490     1.490 r  clk_wiz_inst/inst/clkin1_ibufg/O
                         net (fo=1, routed)           1.306     2.796    clk_wiz_inst/inst/clk_in1_clk_wiz_0
    PLLE2_ADV_X0Y0       PLLE2_ADV (Prop_plle2_adv_CLKIN1_CLKOUT0)
                                                     -8.866    -6.070 r  clk_wiz_inst/inst/plle2_adv_inst/CLKOUT0
                         net (fo=1, routed)           1.849    -4.221    clk_wiz_inst/inst/clk_out1_clk_wiz_0
    BUFGCTRL_X0Y0        BUFG (Prop_bufg_I_O)         0.101    -4.120 r  clk_wiz_inst/inst/clkout1_buf/O
                         net (fo=329, routed)         1.855    -2.265    u_lcd_timing/CLK
    SLICE_X113Y79        FDCE                                         r  u_lcd_timing/cnt_h_reg[4]/C
  -------------------------------------------------------------------    -------------------
    SLICE_X113Y79        FDCE (Prop_fdce_C_Q)         0.456    -1.809 f  u_lcd_timing/cnt_h_reg[4]/Q
                         net (fo=23, routed)          1.236    -0.572    u_lcd_timing/cnt_h_reg_n_0_[4]
    SLICE_X108Y77        LUT5 (Prop_lut5_I0_O)        0.124    -0.448 r  u_lcd_timing/pix_data[23]_i_50__0/O
                         net (fo=5, routed)           0.609     0.160    u_lcd_timing/pix_data[23]_i_50__0_n_0
    SLICE_X110Y78        LUT5 (Prop_lut5_I3_O)        0.124     0.284 f  u_lcd_timing/pix_data[23]_i_18__0/O
                         net (fo=18, routed)          0.744     1.029    u_lcd_timing/pix_data[23]_i_18__0_n_0
    SLICE_X110Y78        LUT5 (Prop_lut5_I0_O)        0.152     1.181 f  u_lcd_timing/pix_data[23]_i_4__0/O
                         net (fo=159, routed)         1.317     2.498    u_lcd_timing/pix_data[23]_i_4__0_n_0
    SLICE_X109Y76        LUT6 (Prop_lut6_I1_O)        0.326     2.824 f  u_lcd_timing/pix_data[20]_i_5/O
                         net (fo=1, routed)           0.633     3.457    u_lcd_timing/pix_data[20]_i_5_n_0
    SLICE_X109Y77        LUT6 (Prop_lut6_I4_O)        0.124     3.581 f  u_lcd_timing/pix_data[20]_i_1/O
                         net (fo=13, routed)          1.032     4.612    u_lcd_timing/pix_data[23]_i_7__0[1]
    SLICE_X113Y80        LUT3 (Prop_lut3_I2_O)        0.154     4.766 r  u_lcd_timing/rgb_lcd_OBUF[6]_inst_i_1/O
                         net (fo=5, routed)           4.094     8.860    rgb_lcd_OBUF[0]
    G16                  OBUF (Prop_obuf_I_O)         3.722    12.582 r  rgb_lcd_OBUF[2]_inst/O
                         net (fo=0)                   0.000    12.582    rgb_lcd[2]
    G16                                                               r  rgb_lcd[2] (OUT)
  -------------------------------------------------------------------    -------------------

Slack:                    inf
  Source:                 u_lcd_timing/cnt_h_reg[4]/C
                            (rising edge-triggered cell FDCE clocked by clk_out1_clk_wiz_0  {rise@0.000ns fall@15.152ns period=30.303ns})
  Destination:            rgb_lcd[0]
                            (output port)
  Path Group:             (none)
  Path Type:              Max at Slow Process Corner
  Data Path Delay:        14.678ns  (logic 5.154ns (35.113%)  route 9.524ns (64.887%))
  Logic Levels:           7  (LUT3=1 LUT5=3 LUT6=2 OBUF=1)
  Clock Uncertainty:      0.430ns  ((TSJ^2 + DJ^2)^1/2) / 2 + PE
    Total System Jitter     (TSJ):    0.050ns
    Discrete Jitter          (DJ):    0.333ns
    Phase Error              (PE):    0.262ns

    Location             Delay type                Incr(ns)  Path(ns)    Netlist Resource(s)
  -------------------------------------------------------------------    -------------------
                         (clock clk_out1_clk_wiz_0 rise edge)
                                                      0.000     0.000 r  
    Y9                                                0.000     0.000 r  sys_clk (IN)
                         net (fo=0)                   0.000     0.000    clk_wiz_inst/inst/clk_in1
    Y9                   IBUF (Prop_ibuf_I_O)         1.490     1.490 r  clk_wiz_inst/inst/clkin1_ibufg/O
                         net (fo=1, routed)           1.306     2.796    clk_wiz_inst/inst/clk_in1_clk_wiz_0
    PLLE2_ADV_X0Y0       PLLE2_ADV (Prop_plle2_adv_CLKIN1_CLKOUT0)
                                                     -8.866    -6.070 r  clk_wiz_inst/inst/plle2_adv_inst/CLKOUT0
                         net (fo=1, routed)           1.849    -4.221    clk_wiz_inst/inst/clk_out1_clk_wiz_0
    BUFGCTRL_X0Y0        BUFG (Prop_bufg_I_O)         0.101    -4.120 r  clk_wiz_inst/inst/clkout1_buf/O
                         net (fo=329, routed)         1.855    -2.265    u_lcd_timing/CLK
    SLICE_X113Y79        FDCE                                         r  u_lcd_timing/cnt_h_reg[4]/C
  -------------------------------------------------------------------    -------------------
    SLICE_X113Y79        FDCE (Prop_fdce_C_Q)         0.456    -1.809 f  u_lcd_timing/cnt_h_reg[4]/Q
                         net (fo=23, routed)          1.236    -0.572    u_lcd_timing/cnt_h_reg_n_0_[4]
    SLICE_X108Y77        LUT5 (Prop_lut5_I0_O)        0.124    -0.448 r  u_lcd_timing/pix_data[23]_i_50__0/O
                         net (fo=5, routed)           0.609     0.160    u_lcd_timing/pix_data[23]_i_50__0_n_0
    SLICE_X110Y78        LUT5 (Prop_lut5_I3_O)        0.124     0.284 f  u_lcd_timing/pix_data[23]_i_18__0/O
                         net (fo=18, routed)          0.744     1.029    u_lcd_timing/pix_data[23]_i_18__0_n_0
    SLICE_X110Y78        LUT5 (Prop_lut5_I0_O)        0.152     1.181 f  u_lcd_timing/pix_data[23]_i_4__0/O
                         net (fo=159, routed)         1.317     2.498    u_lcd_timing/pix_data[23]_i_4__0_n_0
    SLICE_X109Y76        LUT6 (Prop_lut6_I1_O)        0.326     2.824 f  u_lcd_timing/pix_data[20]_i_5/O
                         net (fo=1, routed)           0.633     3.457    u_lcd_timing/pix_data[20]_i_5_n_0
    SLICE_X109Y77        LUT6 (Prop_lut6_I4_O)        0.124     3.581 f  u_lcd_timing/pix_data[20]_i_1/O
                         net (fo=13, routed)          1.032     4.612    u_lcd_timing/pix_data[23]_i_7__0[1]
    SLICE_X113Y80        LUT3 (Prop_lut3_I2_O)        0.154     4.766 r  u_lcd_timing/rgb_lcd_OBUF[6]_inst_i_1/O
                         net (fo=5, routed)           3.953     8.719    rgb_lcd_OBUF[0]
    F18                  OBUF (Prop_obuf_I_O)         3.694    12.413 r  rgb_lcd_OBUF[0]_inst/O
                         net (fo=0)                   0.000    12.413    rgb_lcd[0]
    F18                                                               r  rgb_lcd[0] (OUT)
  -------------------------------------------------------------------    -------------------

Slack:                    inf
  Source:                 u_lcd_timing/cnt_h_reg[4]/C
                            (rising edge-triggered cell FDCE clocked by clk_out1_clk_wiz_0  {rise@0.000ns fall@15.152ns period=30.303ns})
  Destination:            rgb_lcd[20]
                            (output port)
  Path Group:             (none)
  Path Type:              Max at Slow Process Corner
  Data Path Delay:        14.424ns  (logic 5.206ns (36.089%)  route 9.219ns (63.911%))
  Logic Levels:           7  (LUT4=1 LUT5=3 LUT6=2 OBUF=1)
  Clock Uncertainty:      0.430ns  ((TSJ^2 + DJ^2)^1/2) / 2 + PE
    Total System Jitter     (TSJ):    0.050ns
    Discrete Jitter          (DJ):    0.333ns
    Phase Error              (PE):    0.262ns

    Location             Delay type                Incr(ns)  Path(ns)    Netlist Resource(s)
  -------------------------------------------------------------------    -------------------
                         (clock clk_out1_clk_wiz_0 rise edge)
                                                      0.000     0.000 r  
    Y9                                                0.000     0.000 r  sys_clk (IN)
                         net (fo=0)                   0.000     0.000    clk_wiz_inst/inst/clk_in1
    Y9                   IBUF (Prop_ibuf_I_O)         1.490     1.490 r  clk_wiz_inst/inst/clkin1_ibufg/O
                         net (fo=1, routed)           1.306     2.796    clk_wiz_inst/inst/clk_in1_clk_wiz_0
    PLLE2_ADV_X0Y0       PLLE2_ADV (Prop_plle2_adv_CLKIN1_CLKOUT0)
                                                     -8.866    -6.070 r  clk_wiz_inst/inst/plle2_adv_inst/CLKOUT0
                         net (fo=1, routed)           1.849    -4.221    clk_wiz_inst/inst/clk_out1_clk_wiz_0
    BUFGCTRL_X0Y0        BUFG (Prop_bufg_I_O)         0.101    -4.120 r  clk_wiz_inst/inst/clkout1_buf/O
                         net (fo=329, routed)         1.855    -2.265    u_lcd_timing/CLK
    SLICE_X113Y79        FDCE                                         r  u_lcd_timing/cnt_h_reg[4]/C
  -------------------------------------------------------------------    -------------------
    SLICE_X113Y79        FDCE (Prop_fdce_C_Q)         0.456    -1.809 f  u_lcd_timing/cnt_h_reg[4]/Q
                         net (fo=23, routed)          1.236    -0.572    u_lcd_timing/cnt_h_reg_n_0_[4]
    SLICE_X108Y77        LUT5 (Prop_lut5_I0_O)        0.124    -0.448 r  u_lcd_timing/pix_data[23]_i_50__0/O
                         net (fo=5, routed)           0.609     0.160    u_lcd_timing/pix_data[23]_i_50__0_n_0
    SLICE_X110Y78        LUT5 (Prop_lut5_I3_O)        0.124     0.284 r  u_lcd_timing/pix_data[23]_i_18__0/O
                         net (fo=18, routed)          0.744     1.029    u_lcd_timing/pix_data[23]_i_18__0_n_0
    SLICE_X110Y78        LUT5 (Prop_lut5_I0_O)        0.152     1.181 r  u_lcd_timing/pix_data[23]_i_4__0/O
                         net (fo=159, routed)         1.317     2.498    u_lcd_timing/pix_data[23]_i_4__0_n_0
    SLICE_X109Y76        LUT6 (Prop_lut6_I1_O)        0.326     2.824 r  u_lcd_timing/pix_data[20]_i_5/O
                         net (fo=1, routed)           0.633     3.457    u_lcd_timing/pix_data[20]_i_5_n_0
    SLICE_X109Y77        LUT6 (Prop_lut6_I4_O)        0.124     3.581 r  u_lcd_timing/pix_data[20]_i_1/O
                         net (fo=13, routed)          1.324     4.905    u_lcd_timing/pix_data[23]_i_7__0[1]
    SLICE_X110Y81        LUT4 (Prop_lut4_I2_O)        0.152     5.057 r  u_lcd_timing/rgb_lcd_OBUF[20]_inst_i_1/O
                         net (fo=1, routed)           3.355     8.412    rgb_lcd_OBUF[20]
    A16                  OBUF (Prop_obuf_I_O)         3.748    12.160 r  rgb_lcd_OBUF[20]_inst/O
                         net (fo=0)                   0.000    12.160    rgb_lcd[20]
    A16                                                               r  rgb_lcd[20] (OUT)
  -------------------------------------------------------------------    -------------------

Slack:                    inf
  Source:                 u_lcd_timing/cnt_h_reg[4]/C
                            (rising edge-triggered cell FDCE clocked by clk_out1_clk_wiz_0  {rise@0.000ns fall@15.152ns period=30.303ns})
  Destination:            rgb_lcd[4]
                            (output port)
  Path Group:             (none)
  Path Type:              Max at Slow Process Corner
  Data Path Delay:        14.384ns  (logic 4.956ns (34.454%)  route 9.428ns (65.546%))
  Logic Levels:           7  (LUT4=1 LUT5=3 LUT6=2 OBUF=1)
  Clock Uncertainty:      0.430ns  ((TSJ^2 + DJ^2)^1/2) / 2 + PE
    Total System Jitter     (TSJ):    0.050ns
    Discrete Jitter          (DJ):    0.333ns
    Phase Error              (PE):    0.262ns

    Location             Delay type                Incr(ns)  Path(ns)    Netlist Resource(s)
  -------------------------------------------------------------------    -------------------
                         (clock clk_out1_clk_wiz_0 rise edge)
                                                      0.000     0.000 r  
    Y9                                                0.000     0.000 r  sys_clk (IN)
                         net (fo=0)                   0.000     0.000    clk_wiz_inst/inst/clk_in1
    Y9                   IBUF (Prop_ibuf_I_O)         1.490     1.490 r  clk_wiz_inst/inst/clkin1_ibufg/O
                         net (fo=1, routed)           1.306     2.796    clk_wiz_inst/inst/clk_in1_clk_wiz_0
    PLLE2_ADV_X0Y0       PLLE2_ADV (Prop_plle2_adv_CLKIN1_CLKOUT0)
                                                     -8.866    -6.070 r  clk_wiz_inst/inst/plle2_adv_inst/CLKOUT0
                         net (fo=1, routed)           1.849    -4.221    clk_wiz_inst/inst/clk_out1_clk_wiz_0
    BUFGCTRL_X0Y0        BUFG (Prop_bufg_I_O)         0.101    -4.120 r  clk_wiz_inst/inst/clkout1_buf/O
                         net (fo=329, routed)         1.855    -2.265    u_lcd_timing/CLK
    SLICE_X113Y79        FDCE                                         r  u_lcd_timing/cnt_h_reg[4]/C
  -------------------------------------------------------------------    -------------------
    SLICE_X113Y79        FDCE (Prop_fdce_C_Q)         0.456    -1.809 f  u_lcd_timing/cnt_h_reg[4]/Q
                         net (fo=23, routed)          1.236    -0.572    u_lcd_timing/cnt_h_reg_n_0_[4]
    SLICE_X108Y77        LUT5 (Prop_lut5_I0_O)        0.124    -0.448 r  u_lcd_timing/pix_data[23]_i_50__0/O
                         net (fo=5, routed)           0.609     0.160    u_lcd_timing/pix_data[23]_i_50__0_n_0
    SLICE_X110Y78        LUT5 (Prop_lut5_I3_O)        0.124     0.284 r  u_lcd_timing/pix_data[23]_i_18__0/O
                         net (fo=18, routed)          0.744     1.029    u_lcd_timing/pix_data[23]_i_18__0_n_0
    SLICE_X110Y78        LUT5 (Prop_lut5_I0_O)        0.152     1.181 r  u_lcd_timing/pix_data[23]_i_4__0/O
                         net (fo=159, routed)         1.317     2.498    u_lcd_timing/pix_data[23]_i_4__0_n_0
    SLICE_X109Y76        LUT6 (Prop_lut6_I1_O)        0.326     2.824 r  u_lcd_timing/pix_data[20]_i_5/O
                         net (fo=1, routed)           0.633     3.457    u_lcd_timing/pix_data[20]_i_5_n_0
    SLICE_X109Y77        LUT6 (Prop_lut6_I4_O)        0.124     3.581 r  u_lcd_timing/pix_data[20]_i_1/O
                         net (fo=13, routed)          1.032     4.612    u_lcd_timing/pix_data[23]_i_7__0[1]
    SLICE_X113Y80        LUT4 (Prop_lut4_I1_O)        0.124     4.736 r  u_lcd_timing/rgb_lcd_OBUF[5]_inst_i_1/O
                         net (fo=2, routed)           3.857     8.594    rgb_lcd_OBUF[4]
    G15                  OBUF (Prop_obuf_I_O)         3.526    12.119 r  rgb_lcd_OBUF[4]_inst/O
                         net (fo=0)                   0.000    12.119    rgb_lcd[4]
    G15                                                               r  rgb_lcd[4] (OUT)
  -------------------------------------------------------------------    -------------------

Slack:                    inf
  Source:                 u_lcd_timing/cnt_h_reg[4]/C
                            (rising edge-triggered cell FDCE clocked by clk_out1_clk_wiz_0  {rise@0.000ns fall@15.152ns period=30.303ns})
  Destination:            rgb_lcd[8]
                            (output port)
  Path Group:             (none)
  Path Type:              Max at Slow Process Corner
  Data Path Delay:        14.040ns  (logic 4.964ns (35.356%)  route 9.076ns (64.644%))
  Logic Levels:           7  (LUT4=1 LUT5=3 LUT6=2 OBUF=1)
  Clock Uncertainty:      0.430ns  ((TSJ^2 + DJ^2)^1/2) / 2 + PE
    Total System Jitter     (TSJ):    0.050ns
    Discrete Jitter          (DJ):    0.333ns
    Phase Error              (PE):    0.262ns

    Location             Delay type                Incr(ns)  Path(ns)    Netlist Resource(s)
  -------------------------------------------------------------------    -------------------
                         (clock clk_out1_clk_wiz_0 rise edge)
                                                      0.000     0.000 r  
    Y9                                                0.000     0.000 r  sys_clk (IN)
                         net (fo=0)                   0.000     0.000    clk_wiz_inst/inst/clk_in1
    Y9                   IBUF (Prop_ibuf_I_O)         1.490     1.490 r  clk_wiz_inst/inst/clkin1_ibufg/O
                         net (fo=1, routed)           1.306     2.796    clk_wiz_inst/inst/clk_in1_clk_wiz_0
    PLLE2_ADV_X0Y0       PLLE2_ADV (Prop_plle2_adv_CLKIN1_CLKOUT0)
                                                     -8.866    -6.070 r  clk_wiz_inst/inst/plle2_adv_inst/CLKOUT0
                         net (fo=1, routed)           1.849    -4.221    clk_wiz_inst/inst/clk_out1_clk_wiz_0
    BUFGCTRL_X0Y0        BUFG (Prop_bufg_I_O)         0.101    -4.120 r  clk_wiz_inst/inst/clkout1_buf/O
                         net (fo=329, routed)         1.855    -2.265    u_lcd_timing/CLK
    SLICE_X113Y79        FDCE                                         r  u_lcd_timing/cnt_h_reg[4]/C
  -------------------------------------------------------------------    -------------------
    SLICE_X113Y79        FDCE (Prop_fdce_C_Q)         0.456    -1.809 f  u_lcd_timing/cnt_h_reg[4]/Q
                         net (fo=23, routed)          1.236    -0.572    u_lcd_timing/cnt_h_reg_n_0_[4]
    SLICE_X108Y77        LUT5 (Prop_lut5_I0_O)        0.124    -0.448 r  u_lcd_timing/pix_data[23]_i_50__0/O
                         net (fo=5, routed)           0.609     0.160    u_lcd_timing/pix_data[23]_i_50__0_n_0
    SLICE_X110Y78        LUT5 (Prop_lut5_I3_O)        0.124     0.284 r  u_lcd_timing/pix_data[23]_i_18__0/O
                         net (fo=18, routed)          0.744     1.029    u_lcd_timing/pix_data[23]_i_18__0_n_0
    SLICE_X110Y78        LUT5 (Prop_lut5_I0_O)        0.152     1.181 r  u_lcd_timing/pix_data[23]_i_4__0/O
                         net (fo=159, routed)         1.317     2.498    u_lcd_timing/pix_data[23]_i_4__0_n_0
    SLICE_X109Y76        LUT6 (Prop_lut6_I1_O)        0.326     2.824 r  u_lcd_timing/pix_data[20]_i_5/O
                         net (fo=1, routed)           0.633     3.457    u_lcd_timing/pix_data[20]_i_5_n_0
    SLICE_X109Y77        LUT6 (Prop_lut6_I4_O)        0.124     3.581 r  u_lcd_timing/pix_data[20]_i_1/O
                         net (fo=13, routed)          1.052     4.632    u_lcd_timing/pix_data[23]_i_7__0[1]
    SLICE_X113Y81        LUT4 (Prop_lut4_I1_O)        0.124     4.756 r  u_lcd_timing/rgb_lcd_OBUF[14]_inst_i_1/O
                         net (fo=4, routed)           3.485     8.242    rgb_lcd_OBUF[8]
    A19                  OBUF (Prop_obuf_I_O)         3.534    11.776 r  rgb_lcd_OBUF[8]_inst/O
                         net (fo=0)                   0.000    11.776    rgb_lcd[8]
    A19                                                               r  rgb_lcd[8] (OUT)
  -------------------------------------------------------------------    -------------------

Slack:                    inf
  Source:                 u_lcd_timing/cnt_h_reg[4]/C
                            (rising edge-triggered cell FDCE clocked by clk_out1_clk_wiz_0  {rise@0.000ns fall@15.152ns period=30.303ns})
  Destination:            rgb_lcd[12]
                            (output port)
  Path Group:             (none)
  Path Type:              Max at Slow Process Corner
  Data Path Delay:        13.984ns  (logic 4.926ns (35.231%)  route 9.057ns (64.769%))
  Logic Levels:           7  (LUT4=1 LUT5=3 LUT6=2 OBUF=1)
  Clock Uncertainty:      0.430ns  ((TSJ^2 + DJ^2)^1/2) / 2 + PE
    Total System Jitter     (TSJ):    0.050ns
    Discrete Jitter          (DJ):    0.333ns
    Phase Error              (PE):    0.262ns

    Location             Delay type                Incr(ns)  Path(ns)    Netlist Resource(s)
  -------------------------------------------------------------------    -------------------
                         (clock clk_out1_clk_wiz_0 rise edge)
                                                      0.000     0.000 r  
    Y9                                                0.000     0.000 r  sys_clk (IN)
                         net (fo=0)                   0.000     0.000    clk_wiz_inst/inst/clk_in1
    Y9                   IBUF (Prop_ibuf_I_O)         1.490     1.490 r  clk_wiz_inst/inst/clkin1_ibufg/O
                         net (fo=1, routed)           1.306     2.796    clk_wiz_inst/inst/clk_in1_clk_wiz_0
    PLLE2_ADV_X0Y0       PLLE2_ADV (Prop_plle2_adv_CLKIN1_CLKOUT0)
                                                     -8.866    -6.070 r  clk_wiz_inst/inst/plle2_adv_inst/CLKOUT0
                         net (fo=1, routed)           1.849    -4.221    clk_wiz_inst/inst/clk_out1_clk_wiz_0
    BUFGCTRL_X0Y0        BUFG (Prop_bufg_I_O)         0.101    -4.120 r  clk_wiz_inst/inst/clkout1_buf/O
                         net (fo=329, routed)         1.855    -2.265    u_lcd_timing/CLK
    SLICE_X113Y79        FDCE                                         r  u_lcd_timing/cnt_h_reg[4]/C
  -------------------------------------------------------------------    -------------------
    SLICE_X113Y79        FDCE (Prop_fdce_C_Q)         0.456    -1.809 f  u_lcd_timing/cnt_h_reg[4]/Q
                         net (fo=23, routed)          1.236    -0.572    u_lcd_timing/cnt_h_reg_n_0_[4]
    SLICE_X108Y77        LUT5 (Prop_lut5_I0_O)        0.124    -0.448 r  u_lcd_timing/pix_data[23]_i_50__0/O
                         net (fo=5, routed)           0.609     0.160    u_lcd_timing/pix_data[23]_i_50__0_n_0
    SLICE_X110Y78        LUT5 (Prop_lut5_I3_O)        0.124     0.284 r  u_lcd_timing/pix_data[23]_i_18__0/O
                         net (fo=18, routed)          0.744     1.029    u_lcd_timing/pix_data[23]_i_18__0_n_0
    SLICE_X110Y78        LUT5 (Prop_lut5_I0_O)        0.152     1.181 r  u_lcd_timing/pix_data[23]_i_4__0/O
                         net (fo=159, routed)         1.317     2.498    u_lcd_timing/pix_data[23]_i_4__0_n_0
    SLICE_X109Y76        LUT6 (Prop_lut6_I1_O)        0.326     2.824 r  u_lcd_timing/pix_data[20]_i_5/O
                         net (fo=1, routed)           0.633     3.457    u_lcd_timing/pix_data[20]_i_5_n_0
    SLICE_X109Y77        LUT6 (Prop_lut6_I4_O)        0.124     3.581 r  u_lcd_timing/pix_data[20]_i_1/O
                         net (fo=13, routed)          1.324     4.905    u_lcd_timing/pix_data[23]_i_7__0[1]
    SLICE_X110Y81        LUT4 (Prop_lut4_I1_O)        0.124     5.029 r  u_lcd_timing/rgb_lcd_OBUF[12]_inst_i_1/O
                         net (fo=1, routed)           3.193     8.222    rgb_lcd_OBUF[12]
    E18                  OBUF (Prop_obuf_I_O)         3.496    11.719 r  rgb_lcd_OBUF[12]_inst/O
                         net (fo=0)                   0.000    11.719    rgb_lcd[12]
    E18                                                               r  rgb_lcd[12] (OUT)
  -------------------------------------------------------------------    -------------------

Slack:                    inf
  Source:                 u_lcd_timing/cnt_h_reg[4]/C
                            (rising edge-triggered cell FDCE clocked by clk_out1_clk_wiz_0  {rise@0.000ns fall@15.152ns period=30.303ns})
  Destination:            rgb_lcd[17]
                            (output port)
  Path Group:             (none)
  Path Type:              Max at Slow Process Corner
  Data Path Delay:        13.927ns  (logic 4.967ns (35.663%)  route 8.961ns (64.337%))
  Logic Levels:           7  (LUT4=1 LUT5=3 LUT6=2 OBUF=1)
  Clock Uncertainty:      0.430ns  ((TSJ^2 + DJ^2)^1/2) / 2 + PE
    Total System Jitter     (TSJ):    0.050ns
    Discrete Jitter          (DJ):    0.333ns
    Phase Error              (PE):    0.262ns

    Location             Delay type                Incr(ns)  Path(ns)    Netlist Resource(s)
  -------------------------------------------------------------------    -------------------
                         (clock clk_out1_clk_wiz_0 rise edge)
                                                      0.000     0.000 r  
    Y9                                                0.000     0.000 r  sys_clk (IN)
                         net (fo=0)                   0.000     0.000    clk_wiz_inst/inst/clk_in1
    Y9                   IBUF (Prop_ibuf_I_O)         1.490     1.490 r  clk_wiz_inst/inst/clkin1_ibufg/O
                         net (fo=1, routed)           1.306     2.796    clk_wiz_inst/inst/clk_in1_clk_wiz_0
    PLLE2_ADV_X0Y0       PLLE2_ADV (Prop_plle2_adv_CLKIN1_CLKOUT0)
                                                     -8.866    -6.070 r  clk_wiz_inst/inst/plle2_adv_inst/CLKOUT0
                         net (fo=1, routed)           1.849    -4.221    clk_wiz_inst/inst/clk_out1_clk_wiz_0
    BUFGCTRL_X0Y0        BUFG (Prop_bufg_I_O)         0.101    -4.120 r  clk_wiz_inst/inst/clkout1_buf/O
                         net (fo=329, routed)         1.855    -2.265    u_lcd_timing/CLK
    SLICE_X113Y79        FDCE                                         r  u_lcd_timing/cnt_h_reg[4]/C
  -------------------------------------------------------------------    -------------------
    SLICE_X113Y79        FDCE (Prop_fdce_C_Q)         0.456    -1.809 f  u_lcd_timing/cnt_h_reg[4]/Q
                         net (fo=23, routed)          1.236    -0.572    u_lcd_timing/cnt_h_reg_n_0_[4]
    SLICE_X108Y77        LUT5 (Prop_lut5_I0_O)        0.124    -0.448 r  u_lcd_timing/pix_data[23]_i_50__0/O
                         net (fo=5, routed)           0.609     0.160    u_lcd_timing/pix_data[23]_i_50__0_n_0
    SLICE_X110Y78        LUT5 (Prop_lut5_I3_O)        0.124     0.284 r  u_lcd_timing/pix_data[23]_i_18__0/O
                         net (fo=18, routed)          0.744     1.029    u_lcd_timing/pix_data[23]_i_18__0_n_0
    SLICE_X110Y78        LUT5 (Prop_lut5_I0_O)        0.152     1.181 r  u_lcd_timing/pix_data[23]_i_4__0/O
                         net (fo=159, routed)         1.317     2.498    u_lcd_timing/pix_data[23]_i_4__0_n_0
    SLICE_X109Y76        LUT6 (Prop_lut6_I1_O)        0.326     2.824 r  u_lcd_timing/pix_data[20]_i_5/O
                         net (fo=1, routed)           0.633     3.457    u_lcd_timing/pix_data[20]_i_5_n_0
    SLICE_X109Y77        LUT6 (Prop_lut6_I4_O)        0.124     3.581 r  u_lcd_timing/pix_data[20]_i_1/O
                         net (fo=13, routed)          0.648     4.228    u_lcd_timing/pix_data[23]_i_7__0[1]
    SLICE_X113Y81        LUT4 (Prop_lut4_I1_O)        0.124     4.352 r  u_lcd_timing/rgb_lcd_OBUF[22]_inst_i_1/O
                         net (fo=6, routed)           3.774     8.126    rgb_lcd_OBUF[16]
    B16                  OBUF (Prop_obuf_I_O)         3.537    11.663 r  rgb_lcd_OBUF[17]_inst/O
                         net (fo=0)                   0.000    11.663    rgb_lcd[17]
    B16                                                               r  rgb_lcd[17] (OUT)
  -------------------------------------------------------------------    -------------------

Slack:                    inf
  Source:                 u_lcd_timing/cnt_h_reg[4]/C
                            (rising edge-triggered cell FDCE clocked by clk_out1_clk_wiz_0  {rise@0.000ns fall@15.152ns period=30.303ns})
  Destination:            rgb_lcd[3]
                            (output port)
  Path Group:             (none)
  Path Type:              Max at Slow Process Corner
  Data Path Delay:        13.907ns  (logic 5.204ns (37.417%)  route 8.704ns (62.583%))
  Logic Levels:           7  (LUT3=1 LUT5=3 LUT6=2 OBUF=1)
  Clock Uncertainty:      0.430ns  ((TSJ^2 + DJ^2)^1/2) / 2 + PE
    Total System Jitter     (TSJ):    0.050ns
    Discrete Jitter          (DJ):    0.333ns
    Phase Error              (PE):    0.262ns

    Location             Delay type                Incr(ns)  Path(ns)    Netlist Resource(s)
  -------------------------------------------------------------------    -------------------
                         (clock clk_out1_clk_wiz_0 rise edge)
                                                      0.000     0.000 r  
    Y9                                                0.000     0.000 r  sys_clk (IN)
                         net (fo=0)                   0.000     0.000    clk_wiz_inst/inst/clk_in1
    Y9                   IBUF (Prop_ibuf_I_O)         1.490     1.490 r  clk_wiz_inst/inst/clkin1_ibufg/O
                         net (fo=1, routed)           1.306     2.796    clk_wiz_inst/inst/clk_in1_clk_wiz_0
    PLLE2_ADV_X0Y0       PLLE2_ADV (Prop_plle2_adv_CLKIN1_CLKOUT0)
                                                     -8.866    -6.070 r  clk_wiz_inst/inst/plle2_adv_inst/CLKOUT0
                         net (fo=1, routed)           1.849    -4.221    clk_wiz_inst/inst/clk_out1_clk_wiz_0
    BUFGCTRL_X0Y0        BUFG (Prop_bufg_I_O)         0.101    -4.120 r  clk_wiz_inst/inst/clkout1_buf/O
                         net (fo=329, routed)         1.855    -2.265    u_lcd_timing/CLK
    SLICE_X113Y79        FDCE                                         r  u_lcd_timing/cnt_h_reg[4]/C
  -------------------------------------------------------------------    -------------------
    SLICE_X113Y79        FDCE (Prop_fdce_C_Q)         0.456    -1.809 f  u_lcd_timing/cnt_h_reg[4]/Q
                         net (fo=23, routed)          1.236    -0.572    u_lcd_timing/cnt_h_reg_n_0_[4]
    SLICE_X108Y77        LUT5 (Prop_lut5_I0_O)        0.124    -0.448 r  u_lcd_timing/pix_data[23]_i_50__0/O
                         net (fo=5, routed)           0.609     0.160    u_lcd_timing/pix_data[23]_i_50__0_n_0
    SLICE_X110Y78        LUT5 (Prop_lut5_I3_O)        0.124     0.284 f  u_lcd_timing/pix_data[23]_i_18__0/O
                         net (fo=18, routed)          0.744     1.029    u_lcd_timing/pix_data[23]_i_18__0_n_0
    SLICE_X110Y78        LUT5 (Prop_lut5_I0_O)        0.152     1.181 f  u_lcd_timing/pix_data[23]_i_4__0/O
                         net (fo=159, routed)         1.317     2.498    u_lcd_timing/pix_data[23]_i_4__0_n_0
    SLICE_X109Y76        LUT6 (Prop_lut6_I1_O)        0.326     2.824 f  u_lcd_timing/pix_data[20]_i_5/O
                         net (fo=1, routed)           0.633     3.457    u_lcd_timing/pix_data[20]_i_5_n_0
    SLICE_X109Y77        LUT6 (Prop_lut6_I4_O)        0.124     3.581 f  u_lcd_timing/pix_data[20]_i_1/O
                         net (fo=13, routed)          1.032     4.612    u_lcd_timing/pix_data[23]_i_7__0[1]
    SLICE_X113Y80        LUT3 (Prop_lut3_I2_O)        0.154     4.766 r  u_lcd_timing/rgb_lcd_OBUF[6]_inst_i_1/O
                         net (fo=5, routed)           3.133     7.899    rgb_lcd_OBUF[0]
    D21                  OBUF (Prop_obuf_I_O)         3.744    11.643 r  rgb_lcd_OBUF[3]_inst/O
                         net (fo=0)                   0.000    11.643    rgb_lcd[3]
    D21                                                               r  rgb_lcd[3] (OUT)
  -------------------------------------------------------------------    -------------------

Slack:                    inf
  Source:                 u_lcd_timing/cnt_h_reg[4]/C
                            (rising edge-triggered cell FDCE clocked by clk_out1_clk_wiz_0  {rise@0.000ns fall@15.152ns period=30.303ns})
  Destination:            rgb_lcd[10]
                            (output port)
  Path Group:             (none)
  Path Type:              Max at Slow Process Corner
  Data Path Delay:        13.852ns  (logic 4.963ns (35.828%)  route 8.889ns (64.172%))
  Logic Levels:           7  (LUT4=1 LUT5=3 LUT6=2 OBUF=1)
  Clock Uncertainty:      0.430ns  ((TSJ^2 + DJ^2)^1/2) / 2 + PE
    Total System Jitter     (TSJ):    0.050ns
    Discrete Jitter          (DJ):    0.333ns
    Phase Error              (PE):    0.262ns

    Location             Delay type                Incr(ns)  Path(ns)    Netlist Resource(s)
  -------------------------------------------------------------------    -------------------
                         (clock clk_out1_clk_wiz_0 rise edge)
                                                      0.000     0.000 r  
    Y9                                                0.000     0.000 r  sys_clk (IN)
                         net (fo=0)                   0.000     0.000    clk_wiz_inst/inst/clk_in1
    Y9                   IBUF (Prop_ibuf_I_O)         1.490     1.490 r  clk_wiz_inst/inst/clkin1_ibufg/O
                         net (fo=1, routed)           1.306     2.796    clk_wiz_inst/inst/clk_in1_clk_wiz_0
    PLLE2_ADV_X0Y0       PLLE2_ADV (Prop_plle2_adv_CLKIN1_CLKOUT0)
                                                     -8.866    -6.070 r  clk_wiz_inst/inst/plle2_adv_inst/CLKOUT0
                         net (fo=1, routed)           1.849    -4.221    clk_wiz_inst/inst/clk_out1_clk_wiz_0
    BUFGCTRL_X0Y0        BUFG (Prop_bufg_I_O)         0.101    -4.120 r  clk_wiz_inst/inst/clkout1_buf/O
                         net (fo=329, routed)         1.855    -2.265    u_lcd_timing/CLK
    SLICE_X113Y79        FDCE                                         r  u_lcd_timing/cnt_h_reg[4]/C
  -------------------------------------------------------------------    -------------------
    SLICE_X113Y79        FDCE (Prop_fdce_C_Q)         0.456    -1.809 f  u_lcd_timing/cnt_h_reg[4]/Q
                         net (fo=23, routed)          1.236    -0.572    u_lcd_timing/cnt_h_reg_n_0_[4]
    SLICE_X108Y77        LUT5 (Prop_lut5_I0_O)        0.124    -0.448 r  u_lcd_timing/pix_data[23]_i_50__0/O
                         net (fo=5, routed)           0.609     0.160    u_lcd_timing/pix_data[23]_i_50__0_n_0
    SLICE_X110Y78        LUT5 (Prop_lut5_I3_O)        0.124     0.284 r  u_lcd_timing/pix_data[23]_i_18__0/O
                         net (fo=18, routed)          0.744     1.029    u_lcd_timing/pix_data[23]_i_18__0_n_0
    SLICE_X110Y78        LUT5 (Prop_lut5_I0_O)        0.152     1.181 r  u_lcd_timing/pix_data[23]_i_4__0/O
                         net (fo=159, routed)         1.317     2.498    u_lcd_timing/pix_data[23]_i_4__0_n_0
    SLICE_X109Y76        LUT6 (Prop_lut6_I1_O)        0.326     2.824 r  u_lcd_timing/pix_data[20]_i_5/O
                         net (fo=1, routed)           0.633     3.457    u_lcd_timing/pix_data[20]_i_5_n_0
    SLICE_X109Y77        LUT6 (Prop_lut6_I4_O)        0.124     3.581 r  u_lcd_timing/pix_data[20]_i_1/O
                         net (fo=13, routed)          1.052     4.632    u_lcd_timing/pix_data[23]_i_7__0[1]
    SLICE_X113Y81        LUT4 (Prop_lut4_I1_O)        0.124     4.756 r  u_lcd_timing/rgb_lcd_OBUF[14]_inst_i_1/O
                         net (fo=4, routed)           3.298     8.055    rgb_lcd_OBUF[8]
    A18                  OBUF (Prop_obuf_I_O)         3.533    11.588 r  rgb_lcd_OBUF[10]_inst/O
                         net (fo=0)                   0.000    11.588    rgb_lcd[10]
    A18                                                               r  rgb_lcd[10] (OUT)
  -------------------------------------------------------------------    -------------------





Min Delay Paths
--------------------------------------------------------------------------------------
Slack:                    inf
  Source:                 clk_wiz_inst/inst/plle2_adv_inst/CLKOUT0
                            (clock source 'clk_out1_clk_wiz_0'  {rise@0.000ns fall@15.152ns period=30.303ns})
  Destination:            lcd_clk
                            (output port)
  Path Group:             (none)
  Path Type:              Min at Fast Process Corner
  Data Path Delay:        2.542ns  (logic 1.229ns (48.334%)  route 1.313ns (51.666%))
  Logic Levels:           2  (BUFG=1 OBUF=1)
  Clock Uncertainty:      0.430ns  ((TSJ^2 + DJ^2)^1/2) / 2 + PE
    Total System Jitter     (TSJ):    0.050ns
    Discrete Jitter          (DJ):    0.333ns
    Phase Error              (PE):    0.262ns

    Location             Delay type                Incr(ns)  Path(ns)    Netlist Resource(s)
  -------------------------------------------------------------------    -------------------
                         (clock clk_out1_clk_wiz_0 rise edge)
                                                      0.000     0.000 r  
    Y9                                                0.000     0.000 r  sys_clk (IN)
                         net (fo=0)                   0.000     0.000    clk_wiz_inst/inst/clk_in1
    Y9                   IBUF (Prop_ibuf_I_O)         0.258     0.258 r  clk_wiz_inst/inst/clkin1_ibufg/O
                         net (fo=1, routed)           0.440     0.698    clk_wiz_inst/inst/clk_in1_clk_wiz_0
  -------------------------------------------------------------------    -------------------
    PLLE2_ADV_X0Y0       PLLE2_ADV (Prop_plle2_adv_CLKIN1_CLKOUT0)
                                                     -2.384    -1.685 r  clk_wiz_inst/inst/plle2_adv_inst/CLKOUT0
                         net (fo=1, routed)           0.533    -1.152    clk_wiz_inst/inst/clk_out1_clk_wiz_0
    BUFGCTRL_X0Y0        BUFG (Prop_bufg_I_O)         0.026    -1.126 r  clk_wiz_inst/inst/clkout1_buf/O
                         net (fo=329, routed)         0.780    -0.346    lcd_clk_OBUF
    L18                  OBUF (Prop_obuf_I_O)         1.203     0.857 r  lcd_clk_OBUF_inst/O
                         net (fo=0)                   0.000     0.857    lcd_clk
    L18                                                               r  lcd_clk (OUT)
  -------------------------------------------------------------------    -------------------

Slack:                    inf
  Source:                 u_lcd_timing/cnt_h_reg[3]/C
                            (rising edge-triggered cell FDCE clocked by clk_out1_clk_wiz_0  {rise@0.000ns fall@15.152ns period=30.303ns})
  Destination:            hsync
                            (output port)
  Path Group:             (none)
  Path Type:              Min at Fast Process Corner
  Data Path Delay:        2.254ns  (logic 1.435ns (63.670%)  route 0.819ns (36.330%))
  Logic Levels:           2  (LUT6=1 OBUF=1)
  Clock Uncertainty:      0.430ns  ((TSJ^2 + DJ^2)^1/2) / 2 + PE
    Total System Jitter     (TSJ):    0.050ns
    Discrete Jitter          (DJ):    0.333ns
    Phase Error              (PE):    0.262ns

    Location             Delay type                Incr(ns)  Path(ns)    Netlist Resource(s)
  -------------------------------------------------------------------    -------------------
                         (clock clk_out1_clk_wiz_0 rise edge)
                                                      0.000     0.000 r  
    Y9                                                0.000     0.000 r  sys_clk (IN)
                         net (fo=0)                   0.000     0.000    clk_wiz_inst/inst/clk_in1
    Y9                   IBUF (Prop_ibuf_I_O)         0.258     0.258 r  clk_wiz_inst/inst/clkin1_ibufg/O
                         net (fo=1, routed)           0.440     0.698    clk_wiz_inst/inst/clk_in1_clk_wiz_0
    PLLE2_ADV_X0Y0       PLLE2_ADV (Prop_plle2_adv_CLKIN1_CLKOUT0)
                                                     -2.384    -1.685 r  clk_wiz_inst/inst/plle2_adv_inst/CLKOUT0
                         net (fo=1, routed)           0.533    -1.152    clk_wiz_inst/inst/clk_out1_clk_wiz_0
    BUFGCTRL_X0Y0        BUFG (Prop_bufg_I_O)         0.026    -1.126 r  clk_wiz_inst/inst/clkout1_buf/O
                         net (fo=329, routed)         0.629    -0.498    u_lcd_timing/CLK
    SLICE_X113Y79        FDCE                                         r  u_lcd_timing/cnt_h_reg[3]/C
  -------------------------------------------------------------------    -------------------
    SLICE_X113Y79        FDCE (Prop_fdce_C_Q)         0.141    -0.357 f  u_lcd_timing/cnt_h_reg[3]/Q
                         net (fo=38, routed)          0.241    -0.116    u_lcd_timing/cnt_h_reg_n_0_[3]
    SLICE_X113Y79        LUT6 (Prop_lut6_I2_O)        0.045    -0.071 r  u_lcd_timing/hsync_OBUF_inst_i_1/O
                         net (fo=1, routed)           0.578     0.507    hsync_OBUF
    J16                  OBUF (Prop_obuf_I_O)         1.249     1.757 r  hsync_OBUF_inst/O
                         net (fo=0)                   0.000     1.757    hsync
    J16                                                               r  hsync (OUT)
  -------------------------------------------------------------------    -------------------

Slack:                    inf
  Source:                 u_renderer/pix_data_reg[14]/C
                            (rising edge-triggered cell FDRE clocked by clk_out1_clk_wiz_0  {rise@0.000ns fall@15.152ns period=30.303ns})
  Destination:            rgb_lcd[11]
                            (output port)
  Path Group:             (none)
  Path Type:              Min at Fast Process Corner
  Data Path Delay:        2.354ns  (logic 1.426ns (60.597%)  route 0.928ns (39.403%))
  Logic Levels:           2  (LUT4=1 OBUF=1)
  Clock Uncertainty:      0.430ns  ((TSJ^2 + DJ^2)^1/2) / 2 + PE
    Total System Jitter     (TSJ):    0.050ns
    Discrete Jitter          (DJ):    0.333ns
    Phase Error              (PE):    0.262ns

    Location             Delay type                Incr(ns)  Path(ns)    Netlist Resource(s)
  -------------------------------------------------------------------    -------------------
                         (clock clk_out1_clk_wiz_0 rise edge)
                                                      0.000     0.000 r  
    Y9                                                0.000     0.000 r  sys_clk (IN)
                         net (fo=0)                   0.000     0.000    clk_wiz_inst/inst/clk_in1
    Y9                   IBUF (Prop_ibuf_I_O)         0.258     0.258 r  clk_wiz_inst/inst/clkin1_ibufg/O
                         net (fo=1, routed)           0.440     0.698    clk_wiz_inst/inst/clk_in1_clk_wiz_0
    PLLE2_ADV_X0Y0       PLLE2_ADV (Prop_plle2_adv_CLKIN1_CLKOUT0)
                                                     -2.384    -1.685 r  clk_wiz_inst/inst/plle2_adv_inst/CLKOUT0
                         net (fo=1, routed)           0.533    -1.152    clk_wiz_inst/inst/clk_out1_clk_wiz_0
    BUFGCTRL_X0Y0        BUFG (Prop_bufg_I_O)         0.026    -1.126 r  clk_wiz_inst/inst/clkout1_buf/O
                         net (fo=329, routed)         0.630    -0.497    u_renderer/clk_out1
    SLICE_X109Y81        FDRE                                         r  u_renderer/pix_data_reg[14]/C
  -------------------------------------------------------------------    -------------------
    SLICE_X109Y81        FDRE (Prop_fdre_C_Q)         0.141    -0.356 r  u_renderer/pix_data_reg[14]/Q
                         net (fo=4, routed)           0.162    -0.194    u_lcd_timing/rgb_lcd[23][2]
    SLICE_X113Y81        LUT4 (Prop_lut4_I2_O)        0.045    -0.149 r  u_lcd_timing/rgb_lcd_OBUF[11]_inst_i_1/O
                         net (fo=1, routed)           0.766     0.617    rgb_lcd_OBUF[11]
    D22                  OBUF (Prop_obuf_I_O)         1.240     1.857 r  rgb_lcd_OBUF[11]_inst/O
                         net (fo=0)                   0.000     1.857    rgb_lcd[11]
    D22                                                               r  rgb_lcd[11] (OUT)
  -------------------------------------------------------------------    -------------------

Slack:                    inf
  Source:                 u_lcd_timing/cnt_v_reg[9]/C
                            (rising edge-triggered cell FDCE clocked by clk_out1_clk_wiz_0  {rise@0.000ns fall@15.152ns period=30.303ns})
  Destination:            vsync
                            (output port)
  Path Group:             (none)
  Path Type:              Min at Fast Process Corner
  Data Path Delay:        2.376ns  (logic 1.389ns (58.462%)  route 0.987ns (41.538%))
  Logic Levels:           2  (LUT6=1 OBUF=1)
  Clock Uncertainty:      0.430ns  ((TSJ^2 + DJ^2)^1/2) / 2 + PE
    Total System Jitter     (TSJ):    0.050ns
    Discrete Jitter          (DJ):    0.333ns
    Phase Error              (PE):    0.262ns

    Location             Delay type                Incr(ns)  Path(ns)    Netlist Resource(s)
  -------------------------------------------------------------------    -------------------
                         (clock clk_out1_clk_wiz_0 rise edge)
                                                      0.000     0.000 r  
    Y9                                                0.000     0.000 r  sys_clk (IN)
                         net (fo=0)                   0.000     0.000    clk_wiz_inst/inst/clk_in1
    Y9                   IBUF (Prop_ibuf_I_O)         0.258     0.258 r  clk_wiz_inst/inst/clkin1_ibufg/O
                         net (fo=1, routed)           0.440     0.698    clk_wiz_inst/inst/clk_in1_clk_wiz_0
    PLLE2_ADV_X0Y0       PLLE2_ADV (Prop_plle2_adv_CLKIN1_CLKOUT0)
                                                     -2.384    -1.685 r  clk_wiz_inst/inst/plle2_adv_inst/CLKOUT0
                         net (fo=1, routed)           0.533    -1.152    clk_wiz_inst/inst/clk_out1_clk_wiz_0
    BUFGCTRL_X0Y0        BUFG (Prop_bufg_I_O)         0.026    -1.126 r  clk_wiz_inst/inst/clkout1_buf/O
                         net (fo=329, routed)         0.627    -0.500    u_lcd_timing/CLK
    SLICE_X107Y78        FDCE                                         r  u_lcd_timing/cnt_v_reg[9]/C
  -------------------------------------------------------------------    -------------------
    SLICE_X107Y78        FDCE (Prop_fdce_C_Q)         0.141    -0.359 f  u_lcd_timing/cnt_v_reg[9]/Q
                         net (fo=5, routed)           0.204    -0.155    u_lcd_timing/cnt_v_reg_n_0_[9]
    SLICE_X108Y78        LUT6 (Prop_lut6_I5_O)        0.045    -0.110 r  u_lcd_timing/vsync_OBUF_inst_i_1/O
                         net (fo=18, routed)          0.783     0.673    vsync_OBUF
    J17                  OBUF (Prop_obuf_I_O)         1.203     1.876 r  vsync_OBUF_inst/O
                         net (fo=0)                   0.000     1.876    vsync
    J17                                                               r  vsync (OUT)
  -------------------------------------------------------------------    -------------------

Slack:                    inf
  Source:                 u_renderer/pix_data_reg[14]/C
                            (rising edge-triggered cell FDRE clocked by clk_out1_clk_wiz_0  {rise@0.000ns fall@15.152ns period=30.303ns})
  Destination:            rgb_lcd[14]
                            (output port)
  Path Group:             (none)
  Path Type:              Min at Fast Process Corner
  Data Path Delay:        2.399ns  (logic 1.403ns (58.491%)  route 0.996ns (41.509%))
  Logic Levels:           2  (LUT4=1 OBUF=1)
  Clock Uncertainty:      0.430ns  ((TSJ^2 + DJ^2)^1/2) / 2 + PE
    Total System Jitter     (TSJ):    0.050ns
    Discrete Jitter          (DJ):    0.333ns
    Phase Error              (PE):    0.262ns

    Location             Delay type                Incr(ns)  Path(ns)    Netlist Resource(s)
  -------------------------------------------------------------------    -------------------
                         (clock clk_out1_clk_wiz_0 rise edge)
                                                      0.000     0.000 r  
    Y9                                                0.000     0.000 r  sys_clk (IN)
                         net (fo=0)                   0.000     0.000    clk_wiz_inst/inst/clk_in1
    Y9                   IBUF (Prop_ibuf_I_O)         0.258     0.258 r  clk_wiz_inst/inst/clkin1_ibufg/O
                         net (fo=1, routed)           0.440     0.698    clk_wiz_inst/inst/clk_in1_clk_wiz_0
    PLLE2_ADV_X0Y0       PLLE2_ADV (Prop_plle2_adv_CLKIN1_CLKOUT0)
                                                     -2.384    -1.685 r  clk_wiz_inst/inst/plle2_adv_inst/CLKOUT0
                         net (fo=1, routed)           0.533    -1.152    clk_wiz_inst/inst/clk_out1_clk_wiz_0
    BUFGCTRL_X0Y0        BUFG (Prop_bufg_I_O)         0.026    -1.126 r  clk_wiz_inst/inst/clkout1_buf/O
                         net (fo=329, routed)         0.630    -0.497    u_renderer/clk_out1
    SLICE_X109Y81        FDRE                                         r  u_renderer/pix_data_reg[14]/C
  -------------------------------------------------------------------    -------------------
    SLICE_X109Y81        FDRE (Prop_fdre_C_Q)         0.141    -0.356 r  u_renderer/pix_data_reg[14]/Q
                         net (fo=4, routed)           0.238    -0.118    u_lcd_timing/rgb_lcd[23][2]
    SLICE_X113Y81        LUT4 (Prop_lut4_I2_O)        0.045    -0.073 r  u_lcd_timing/rgb_lcd_OBUF[14]_inst_i_1/O
                         net (fo=4, routed)           0.758     0.685    rgb_lcd_OBUF[8]
    F19                  OBUF (Prop_obuf_I_O)         1.217     1.902 r  rgb_lcd_OBUF[14]_inst/O
                         net (fo=0)                   0.000     1.902    rgb_lcd[14]
    F19                                                               r  rgb_lcd[14] (OUT)
  -------------------------------------------------------------------    -------------------

Slack:                    inf
  Source:                 u_renderer/pix_data_reg[14]/C
                            (rising edge-triggered cell FDRE clocked by clk_out1_clk_wiz_0  {rise@0.000ns fall@15.152ns period=30.303ns})
  Destination:            rgb_lcd[13]
                            (output port)
  Path Group:             (none)
  Path Type:              Min at Fast Process Corner
  Data Path Delay:        2.407ns  (logic 1.509ns (62.685%)  route 0.898ns (37.315%))
  Logic Levels:           2  (LUT3=1 OBUF=1)
  Clock Uncertainty:      0.430ns  ((TSJ^2 + DJ^2)^1/2) / 2 + PE
    Total System Jitter     (TSJ):    0.050ns
    Discrete Jitter          (DJ):    0.333ns
    Phase Error              (PE):    0.262ns

    Location             Delay type                Incr(ns)  Path(ns)    Netlist Resource(s)
  -------------------------------------------------------------------    -------------------
                         (clock clk_out1_clk_wiz_0 rise edge)
                                                      0.000     0.000 r  
    Y9                                                0.000     0.000 r  sys_clk (IN)
                         net (fo=0)                   0.000     0.000    clk_wiz_inst/inst/clk_in1
    Y9                   IBUF (Prop_ibuf_I_O)         0.258     0.258 r  clk_wiz_inst/inst/clkin1_ibufg/O
                         net (fo=1, routed)           0.440     0.698    clk_wiz_inst/inst/clk_in1_clk_wiz_0
    PLLE2_ADV_X0Y0       PLLE2_ADV (Prop_plle2_adv_CLKIN1_CLKOUT0)
                                                     -2.384    -1.685 r  clk_wiz_inst/inst/plle2_adv_inst/CLKOUT0
                         net (fo=1, routed)           0.533    -1.152    clk_wiz_inst/inst/clk_out1_clk_wiz_0
    BUFGCTRL_X0Y0        BUFG (Prop_bufg_I_O)         0.026    -1.126 r  clk_wiz_inst/inst/clkout1_buf/O
                         net (fo=329, routed)         0.630    -0.497    u_renderer/clk_out1
    SLICE_X109Y81        FDRE                                         r  u_renderer/pix_data_reg[14]/C
  -------------------------------------------------------------------    -------------------
    SLICE_X109Y81        FDRE (Prop_fdre_C_Q)         0.141    -0.356 r  u_renderer/pix_data_reg[14]/Q
                         net (fo=4, routed)           0.162    -0.194    u_lcd_timing/rgb_lcd[23][2]
    SLICE_X113Y81        LUT3 (Prop_lut3_I1_O)        0.048    -0.146 r  u_lcd_timing/rgb_lcd_OBUF[13]_inst_i_1/O
                         net (fo=1, routed)           0.737     0.591    rgb_lcd_OBUF[13]
    E20                  OBUF (Prop_obuf_I_O)         1.320     1.911 r  rgb_lcd_OBUF[13]_inst/O
                         net (fo=0)                   0.000     1.911    rgb_lcd[13]
    E20                                                               r  rgb_lcd[13] (OUT)
  -------------------------------------------------------------------    -------------------

Slack:                    inf
  Source:                 u_renderer/pix_data_reg[14]/C
                            (rising edge-triggered cell FDRE clocked by clk_out1_clk_wiz_0  {rise@0.000ns fall@15.152ns period=30.303ns})
  Destination:            rgb_lcd[9]
                            (output port)
  Path Group:             (none)
  Path Type:              Min at Fast Process Corner
  Data Path Delay:        2.479ns  (logic 1.434ns (57.826%)  route 1.046ns (42.174%))
  Logic Levels:           2  (LUT4=1 OBUF=1)
  Clock Uncertainty:      0.430ns  ((TSJ^2 + DJ^2)^1/2) / 2 + PE
    Total System Jitter     (TSJ):    0.050ns
    Discrete Jitter          (DJ):    0.333ns
    Phase Error              (PE):    0.262ns

    Location             Delay type                Incr(ns)  Path(ns)    Netlist Resource(s)
  -------------------------------------------------------------------    -------------------
                         (clock clk_out1_clk_wiz_0 rise edge)
                                                      0.000     0.000 r  
    Y9                                                0.000     0.000 r  sys_clk (IN)
                         net (fo=0)                   0.000     0.000    clk_wiz_inst/inst/clk_in1
    Y9                   IBUF (Prop_ibuf_I_O)         0.258     0.258 r  clk_wiz_inst/inst/clkin1_ibufg/O
                         net (fo=1, routed)           0.440     0.698    clk_wiz_inst/inst/clk_in1_clk_wiz_0
    PLLE2_ADV_X0Y0       PLLE2_ADV (Prop_plle2_adv_CLKIN1_CLKOUT0)
                                                     -2.384    -1.685 r  clk_wiz_inst/inst/plle2_adv_inst/CLKOUT0
                         net (fo=1, routed)           0.533    -1.152    clk_wiz_inst/inst/clk_out1_clk_wiz_0
    BUFGCTRL_X0Y0        BUFG (Prop_bufg_I_O)         0.026    -1.126 r  clk_wiz_inst/inst/clkout1_buf/O
                         net (fo=329, routed)         0.630    -0.497    u_renderer/clk_out1
    SLICE_X109Y81        FDRE                                         r  u_renderer/pix_data_reg[14]/C
  -------------------------------------------------------------------    -------------------
    SLICE_X109Y81        FDRE (Prop_fdre_C_Q)         0.141    -0.356 r  u_renderer/pix_data_reg[14]/Q
                         net (fo=4, routed)           0.238    -0.118    u_lcd_timing/rgb_lcd[23][2]
    SLICE_X113Y81        LUT4 (Prop_lut4_I2_O)        0.045    -0.073 r  u_lcd_timing/rgb_lcd_OBUF[14]_inst_i_1/O
                         net (fo=4, routed)           0.808     0.735    rgb_lcd_OBUF[8]
    C22                  OBUF (Prop_obuf_I_O)         1.248     1.983 r  rgb_lcd_OBUF[9]_inst/O
                         net (fo=0)                   0.000     1.983    rgb_lcd[9]
    C22                                                               r  rgb_lcd[9] (OUT)
  -------------------------------------------------------------------    -------------------

Slack:                    inf
  Source:                 u_score_pic/pix_data_reg[20]/C
                            (rising edge-triggered cell FDCE clocked by clk_out1_clk_wiz_0  {rise@0.000ns fall@15.152ns period=30.303ns})
  Destination:            rgb_lcd[12]
                            (output port)
  Path Group:             (none)
  Path Type:              Min at Fast Process Corner
  Data Path Delay:        2.493ns  (logic 1.384ns (55.513%)  route 1.109ns (44.487%))
  Logic Levels:           2  (LUT4=1 OBUF=1)
  Clock Uncertainty:      0.430ns  ((TSJ^2 + DJ^2)^1/2) / 2 + PE
    Total System Jitter     (TSJ):    0.050ns
    Discrete Jitter          (DJ):    0.333ns
    Phase Error              (PE):    0.262ns

    Location             Delay type                Incr(ns)  Path(ns)    Netlist Resource(s)
  -------------------------------------------------------------------    -------------------
                         (clock clk_out1_clk_wiz_0 rise edge)
                                                      0.000     0.000 r  
    Y9                                                0.000     0.000 r  sys_clk (IN)
                         net (fo=0)                   0.000     0.000    clk_wiz_inst/inst/clk_in1
    Y9                   IBUF (Prop_ibuf_I_O)         0.258     0.258 r  clk_wiz_inst/inst/clkin1_ibufg/O
                         net (fo=1, routed)           0.440     0.698    clk_wiz_inst/inst/clk_in1_clk_wiz_0
    PLLE2_ADV_X0Y0       PLLE2_ADV (Prop_plle2_adv_CLKIN1_CLKOUT0)
                                                     -2.384    -1.685 r  clk_wiz_inst/inst/plle2_adv_inst/CLKOUT0
                         net (fo=1, routed)           0.533    -1.152    clk_wiz_inst/inst/clk_out1_clk_wiz_0
    BUFGCTRL_X0Y0        BUFG (Prop_bufg_I_O)         0.026    -1.126 r  clk_wiz_inst/inst/clkout1_buf/O
                         net (fo=329, routed)         0.631    -0.496    u_score_pic/clk_out1
    SLICE_X110Y81        FDCE                                         r  u_score_pic/pix_data_reg[20]/C
  -------------------------------------------------------------------    -------------------
    SLICE_X110Y81        FDCE (Prop_fdce_C_Q)         0.141    -0.355 r  u_score_pic/pix_data_reg[20]/Q
                         net (fo=2, routed)           0.173    -0.182    u_lcd_timing/Q[1]
    SLICE_X110Y81        LUT4 (Prop_lut4_I0_O)        0.045    -0.137 r  u_lcd_timing/rgb_lcd_OBUF[12]_inst_i_1/O
                         net (fo=1, routed)           0.936     0.799    rgb_lcd_OBUF[12]
    E18                  OBUF (Prop_obuf_I_O)         1.198     1.997 r  rgb_lcd_OBUF[12]_inst/O
                         net (fo=0)                   0.000     1.997    rgb_lcd[12]
    E18                                                               r  rgb_lcd[12] (OUT)
  -------------------------------------------------------------------    -------------------

Slack:                    inf
  Source:                 u_renderer/pix_data_reg[15]/C
                            (rising edge-triggered cell FDRE clocked by clk_out1_clk_wiz_0  {rise@0.000ns fall@15.152ns period=30.303ns})
  Destination:            rgb_lcd[15]
                            (output port)
  Path Group:             (none)
  Path Type:              Min at Fast Process Corner
  Data Path Delay:        2.579ns  (logic 1.556ns (60.351%)  route 1.022ns (39.649%))
  Logic Levels:           2  (LUT4=1 OBUF=1)
  Clock Uncertainty:      0.430ns  ((TSJ^2 + DJ^2)^1/2) / 2 + PE
    Total System Jitter     (TSJ):    0.050ns
    Discrete Jitter          (DJ):    0.333ns
    Phase Error              (PE):    0.262ns

    Location             Delay type                Incr(ns)  Path(ns)    Netlist Resource(s)
  -------------------------------------------------------------------    -------------------
                         (clock clk_out1_clk_wiz_0 rise edge)
                                                      0.000     0.000 r  
    Y9                                                0.000     0.000 r  sys_clk (IN)
                         net (fo=0)                   0.000     0.000    clk_wiz_inst/inst/clk_in1
    Y9                   IBUF (Prop_ibuf_I_O)         0.258     0.258 r  clk_wiz_inst/inst/clkin1_ibufg/O
                         net (fo=1, routed)           0.440     0.698    clk_wiz_inst/inst/clk_in1_clk_wiz_0
    PLLE2_ADV_X0Y0       PLLE2_ADV (Prop_plle2_adv_CLKIN1_CLKOUT0)
                                                     -2.384    -1.685 r  clk_wiz_inst/inst/plle2_adv_inst/CLKOUT0
                         net (fo=1, routed)           0.533    -1.152    clk_wiz_inst/inst/clk_out1_clk_wiz_0
    BUFGCTRL_X0Y0        BUFG (Prop_bufg_I_O)         0.026    -1.126 r  clk_wiz_inst/inst/clkout1_buf/O
                         net (fo=329, routed)         0.630    -0.497    u_renderer/clk_out1
    SLICE_X109Y81        FDRE                                         r  u_renderer/pix_data_reg[15]/C
  -------------------------------------------------------------------    -------------------
    SLICE_X109Y81        FDRE (Prop_fdre_C_Q)         0.128    -0.369 r  u_renderer/pix_data_reg[15]/Q
                         net (fo=1, routed)           0.259    -0.109    u_lcd_timing/rgb_lcd[23][3]
    SLICE_X113Y81        LUT4 (Prop_lut4_I2_O)        0.099    -0.010 r  u_lcd_timing/rgb_lcd_OBUF[15]_inst_i_1/O
                         net (fo=1, routed)           0.763     0.753    rgb_lcd_OBUF[15]
    E19                  OBUF (Prop_obuf_I_O)         1.329     2.082 r  rgb_lcd_OBUF[15]_inst/O
                         net (fo=0)                   0.000     2.082    rgb_lcd[15]
    E19                                                               r  rgb_lcd[15] (OUT)
  -------------------------------------------------------------------    -------------------

Slack:                    inf
  Source:                 u_score_pic/pix_data_reg[11]/C
                            (rising edge-triggered cell FDCE clocked by clk_out1_clk_wiz_0  {rise@0.000ns fall@15.152ns period=30.303ns})
  Destination:            rgb_lcd[5]
                            (output port)
  Path Group:             (none)
  Path Type:              Min at Fast Process Corner
  Data Path Delay:        2.604ns  (logic 1.400ns (53.783%)  route 1.203ns (46.217%))
  Logic Levels:           2  (LUT4=1 OBUF=1)
  Clock Uncertainty:      0.430ns  ((TSJ^2 + DJ^2)^1/2) / 2 + PE
    Total System Jitter     (TSJ):    0.050ns
    Discrete Jitter          (DJ):    0.333ns
    Phase Error              (PE):    0.262ns

    Location             Delay type                Incr(ns)  Path(ns)    Netlist Resource(s)
  -------------------------------------------------------------------    -------------------
                         (clock clk_out1_clk_wiz_0 rise edge)
                                                      0.000     0.000 r  
    Y9                                                0.000     0.000 r  sys_clk (IN)
                         net (fo=0)                   0.000     0.000    clk_wiz_inst/inst/clk_in1
    Y9                   IBUF (Prop_ibuf_I_O)         0.258     0.258 r  clk_wiz_inst/inst/clkin1_ibufg/O
                         net (fo=1, routed)           0.440     0.698    clk_wiz_inst/inst/clk_in1_clk_wiz_0
    PLLE2_ADV_X0Y0       PLLE2_ADV (Prop_plle2_adv_CLKIN1_CLKOUT0)
                                                     -2.384    -1.685 r  clk_wiz_inst/inst/plle2_adv_inst/CLKOUT0
                         net (fo=1, routed)           0.533    -1.152    clk_wiz_inst/inst/clk_out1_clk_wiz_0
    BUFGCTRL_X0Y0        BUFG (Prop_bufg_I_O)         0.026    -1.126 r  clk_wiz_inst/inst/clkout1_buf/O
                         net (fo=329, routed)         0.626    -0.501    u_score_pic/clk_out1
    SLICE_X110Y76        FDCE                                         r  u_score_pic/pix_data_reg[11]/C
  -------------------------------------------------------------------    -------------------
    SLICE_X110Y76        FDCE (Prop_fdce_C_Q)         0.141    -0.360 r  u_score_pic/pix_data_reg[11]/Q
                         net (fo=2, routed)           0.511     0.151    u_lcd_timing/Q[0]
    SLICE_X113Y80        LUT4 (Prop_lut4_I0_O)        0.045     0.196 r  u_lcd_timing/rgb_lcd_OBUF[5]_inst_i_1/O
                         net (fo=2, routed)           0.692     0.889    rgb_lcd_OBUF[4]
    G21                  OBUF (Prop_obuf_I_O)         1.214     2.103 r  rgb_lcd_OBUF[5]_inst/O
                         net (fo=0)                   0.000     2.103    rgb_lcd[5]
    G21                                                               r  rgb_lcd[5] (OUT)
  -------------------------------------------------------------------    -------------------





--------------------------------------------------------------------------------------
Path Group:  (none)
From Clock:  clkfbout_clk_wiz_0
  To Clock:  

Max Delay             1 Endpoint
Min Delay             1 Endpoint
--------------------------------------------------------------------------------------


Max Delay Paths
--------------------------------------------------------------------------------------
Slack:                    inf
  Source:                 clk_wiz_inst/inst/plle2_adv_inst/CLKFBOUT
                            (clock source 'clkfbout_clk_wiz_0'  {rise@0.000ns fall@20.000ns period=40.000ns})
  Destination:            clk_wiz_inst/inst/plle2_adv_inst/CLKFBIN
  Path Group:             (none)
  Path Type:              Max at Fast Process Corner
  Data Path Delay:        1.458ns  (logic 0.029ns (1.989%)  route 1.429ns (98.011%))
  Logic Levels:           1  (BUFG=1)
  Clock Uncertainty:      0.356ns  ((TSJ^2 + DJ^2)^1/2) / 2 + PE
    Total System Jitter     (TSJ):    0.050ns
    Discrete Jitter          (DJ):    0.182ns
    Phase Error              (PE):    0.262ns

    Location             Delay type                Incr(ns)  Path(ns)    Netlist Resource(s)
  -------------------------------------------------------------------    -------------------
                         (clock clkfbout_clk_wiz_0 fall edge)
                                                     20.000    20.000 f  
    Y9                                                0.000    20.000 f  sys_clk (IN)
                         net (fo=0)                   0.000    20.000    clk_wiz_inst/inst/clk_in1
    Y9                   IBUF (Prop_ibuf_I_O)         0.446    20.446 f  clk_wiz_inst/inst/clkin1_ibufg/O
                         net (fo=1, routed)           0.481    20.927    clk_wiz_inst/inst/clk_in1_clk_wiz_0
  -------------------------------------------------------------------    -------------------
    PLLE2_ADV_X0Y0       PLLE2_ADV (Prop_plle2_adv_CLKIN1_CLKFBOUT)
                                                     -2.700    18.227 f  clk_wiz_inst/inst/plle2_adv_inst/CLKFBOUT
                         net (fo=1, routed)           0.580    18.807    clk_wiz_inst/inst/clkfbout_clk_wiz_0
    BUFGCTRL_X0Y1        BUFG (Prop_bufg_I_O)         0.029    18.836 f  clk_wiz_inst/inst/clkf_buf/O
                         net (fo=1, routed)           0.849    19.685    clk_wiz_inst/inst/clkfbout_buf_clk_wiz_0
    PLLE2_ADV_X0Y0       PLLE2_ADV                                    f  clk_wiz_inst/inst/plle2_adv_inst/CLKFBIN
  -------------------------------------------------------------------    -------------------





Min Delay Paths
--------------------------------------------------------------------------------------
Slack:                    inf
  Source:                 clk_wiz_inst/inst/plle2_adv_inst/CLKFBOUT
                            (clock source 'clkfbout_clk_wiz_0'  {rise@0.000ns fall@20.000ns period=40.000ns})
  Destination:            clk_wiz_inst/inst/plle2_adv_inst/CLKFBIN
  Path Group:             (none)
  Path Type:              Min at Slow Process Corner
  Data Path Delay:        3.366ns  (logic 0.091ns (2.703%)  route 3.275ns (97.297%))
  Logic Levels:           1  (BUFG=1)
  Clock Uncertainty:      0.356ns  ((TSJ^2 + DJ^2)^1/2) / 2 + PE
    Total System Jitter     (TSJ):    0.050ns
    Discrete Jitter          (DJ):    0.182ns
    Phase Error              (PE):    0.262ns

    Location             Delay type                Incr(ns)  Path(ns)    Netlist Resource(s)
  -------------------------------------------------------------------    -------------------
                         (clock clkfbout_clk_wiz_0 rise edge)
                                                      0.000     0.000 r  
    Y9                                                0.000     0.000 r  sys_clk (IN)
                         net (fo=0)                   0.000     0.000    clk_wiz_inst/inst/clk_in1
    Y9                   IBUF (Prop_ibuf_I_O)         1.420     1.420 r  clk_wiz_inst/inst/clkin1_ibufg/O
                         net (fo=1, routed)           1.181     2.601    clk_wiz_inst/inst/clk_in1_clk_wiz_0
  -------------------------------------------------------------------    -------------------
    PLLE2_ADV_X0Y0       PLLE2_ADV (Prop_plle2_adv_CLKIN1_CLKFBOUT)
                                                     -7.970    -5.369 r  clk_wiz_inst/inst/plle2_adv_inst/CLKFBOUT
                         net (fo=1, routed)           1.686    -3.683    clk_wiz_inst/inst/clkfbout_clk_wiz_0
    BUFGCTRL_X0Y1        BUFG (Prop_bufg_I_O)         0.091    -3.592 r  clk_wiz_inst/inst/clkf_buf/O
                         net (fo=1, routed)           1.589    -2.002    clk_wiz_inst/inst/clkfbout_buf_clk_wiz_0
    PLLE2_ADV_X0Y0       PLLE2_ADV                                    r  clk_wiz_inst/inst/plle2_adv_inst/CLKFBIN
  -------------------------------------------------------------------    -------------------





--------------------------------------------------------------------------------------
Path Group:  (none)
From Clock:  
  To Clock:  clk_out1_clk_wiz_0

Max Delay           334 Endpoints
Min Delay           334 Endpoints
--------------------------------------------------------------------------------------


Max Delay Paths
--------------------------------------------------------------------------------------
Slack:                    inf
  Source:                 sys_rst_n
                            (input port)
  Destination:            u_lcd_timing/cnt_h_reg[2]/CLR
                            (recovery check against rising-edge clock clk_out1_clk_wiz_0  {rise@0.000ns fall@15.152ns period=30.303ns})
  Path Group:             (none)
  Path Type:              Recovery (Max at Slow Process Corner)
  Data Path Delay:        11.081ns  (logic 1.611ns (14.537%)  route 9.470ns (85.463%))
  Logic Levels:           2  (IBUF=1 LUT2=1)
  Clock Path Skew:        -1.914ns (DCD - SCD + CPR)
    Destination Clock Delay (DCD):    -1.914ns
    Source Clock Delay      (SCD):    0.000ns
    Clock Pessimism Removal (CPR):    0.000ns
  Clock Uncertainty:      0.430ns  ((TSJ^2 + DJ^2)^1/2) / 2 + PE
    Total System Jitter     (TSJ):    0.050ns
    Discrete Jitter          (DJ):    0.333ns
    Phase Error              (PE):    0.262ns

    Location             Delay type                Incr(ns)  Path(ns)    Netlist Resource(s)
  -------------------------------------------------------------------    -------------------
    F22                                               0.000     0.000 r  sys_rst_n (IN)
                         net (fo=0)                   0.000     0.000    sys_rst_n
    F22                  IBUF (Prop_ibuf_I_O)         1.487     1.487 r  sys_rst_n_IBUF_inst/O
                         net (fo=2, routed)           3.477     4.963    u_game_logic/sys_rst_n_IBUF
    SLICE_X80Y58         LUT2 (Prop_lut2_I1_O)        0.124     5.087 f  u_game_logic/cnt_h[11]_i_2/O
                         net (fo=322, routed)         5.994    11.081    u_lcd_timing/cnt_v_reg[9]_0
    SLICE_X110Y79        FDCE                                         f  u_lcd_timing/cnt_h_reg[2]/CLR
  -------------------------------------------------------------------    -------------------

                         (clock clk_out1_clk_wiz_0 rise edge)
                                                      0.000     0.000 r  
    Y9                                                0.000     0.000 r  sys_clk (IN)
                         net (fo=0)                   0.000     0.000    clk_wiz_inst/inst/clk_in1
    Y9                   IBUF (Prop_ibuf_I_O)         1.420     1.420 r  clk_wiz_inst/inst/clkin1_ibufg/O
                         net (fo=1, routed)           1.181     2.601    clk_wiz_inst/inst/clk_in1_clk_wiz_0
    PLLE2_ADV_X0Y0       PLLE2_ADV (Prop_plle2_adv_CLKIN1_CLKOUT0)
                                                     -7.970    -5.369 r  clk_wiz_inst/inst/plle2_adv_inst/CLKOUT0
                         net (fo=1, routed)           1.686    -3.683    clk_wiz_inst/inst/clk_out1_clk_wiz_0
    BUFGCTRL_X0Y0        BUFG (Prop_bufg_I_O)         0.091    -3.592 r  clk_wiz_inst/inst/clkout1_buf/O
                         net (fo=329, routed)         1.678    -1.914    u_lcd_timing/CLK
    SLICE_X110Y79        FDCE                                         r  u_lcd_timing/cnt_h_reg[2]/C

Slack:                    inf
  Source:                 sys_rst_n
                            (input port)
  Destination:            u_lcd_timing/cnt_h_reg[10]/CLR
                            (recovery check against rising-edge clock clk_out1_clk_wiz_0  {rise@0.000ns fall@15.152ns period=30.303ns})
  Path Group:             (none)
  Path Type:              Recovery (Max at Slow Process Corner)
  Data Path Delay:        11.077ns  (logic 1.611ns (14.542%)  route 9.466ns (85.458%))
  Logic Levels:           2  (IBUF=1 LUT2=1)
  Clock Path Skew:        -1.914ns (DCD - SCD + CPR)
    Destination Clock Delay (DCD):    -1.914ns
    Source Clock Delay      (SCD):    0.000ns
    Clock Pessimism Removal (CPR):    0.000ns
  Clock Uncertainty:      0.430ns  ((TSJ^2 + DJ^2)^1/2) / 2 + PE
    Total System Jitter     (TSJ):    0.050ns
    Discrete Jitter          (DJ):    0.333ns
    Phase Error              (PE):    0.262ns

    Location             Delay type                Incr(ns)  Path(ns)    Netlist Resource(s)
  -------------------------------------------------------------------    -------------------
    F22                                               0.000     0.000 r  sys_rst_n (IN)
                         net (fo=0)                   0.000     0.000    sys_rst_n
    F22                  IBUF (Prop_ibuf_I_O)         1.487     1.487 r  sys_rst_n_IBUF_inst/O
                         net (fo=2, routed)           3.477     4.963    u_game_logic/sys_rst_n_IBUF
    SLICE_X80Y58         LUT2 (Prop_lut2_I1_O)        0.124     5.087 f  u_game_logic/cnt_h[11]_i_2/O
                         net (fo=322, routed)         5.989    11.077    u_lcd_timing/cnt_v_reg[9]_0
    SLICE_X111Y79        FDCE                                         f  u_lcd_timing/cnt_h_reg[10]/CLR
  -------------------------------------------------------------------    -------------------

                         (clock clk_out1_clk_wiz_0 rise edge)
                                                      0.000     0.000 r  
    Y9                                                0.000     0.000 r  sys_clk (IN)
                         net (fo=0)                   0.000     0.000    clk_wiz_inst/inst/clk_in1
    Y9                   IBUF (Prop_ibuf_I_O)         1.420     1.420 r  clk_wiz_inst/inst/clkin1_ibufg/O
                         net (fo=1, routed)           1.181     2.601    clk_wiz_inst/inst/clk_in1_clk_wiz_0
    PLLE2_ADV_X0Y0       PLLE2_ADV (Prop_plle2_adv_CLKIN1_CLKOUT0)
                                                     -7.970    -5.369 r  clk_wiz_inst/inst/plle2_adv_inst/CLKOUT0
                         net (fo=1, routed)           1.686    -3.683    clk_wiz_inst/inst/clk_out1_clk_wiz_0
    BUFGCTRL_X0Y0        BUFG (Prop_bufg_I_O)         0.091    -3.592 r  clk_wiz_inst/inst/clkout1_buf/O
                         net (fo=329, routed)         1.678    -1.914    u_lcd_timing/CLK
    SLICE_X111Y79        FDCE                                         r  u_lcd_timing/cnt_h_reg[10]/C

Slack:                    inf
  Source:                 sys_rst_n
                            (input port)
  Destination:            u_lcd_timing/cnt_h_reg[1]/CLR
                            (recovery check against rising-edge clock clk_out1_clk_wiz_0  {rise@0.000ns fall@15.152ns period=30.303ns})
  Path Group:             (none)
  Path Type:              Recovery (Max at Slow Process Corner)
  Data Path Delay:        11.077ns  (logic 1.611ns (14.542%)  route 9.466ns (85.458%))
  Logic Levels:           2  (IBUF=1 LUT2=1)
  Clock Path Skew:        -1.914ns (DCD - SCD + CPR)
    Destination Clock Delay (DCD):    -1.914ns
    Source Clock Delay      (SCD):    0.000ns
    Clock Pessimism Removal (CPR):    0.000ns
  Clock Uncertainty:      0.430ns  ((TSJ^2 + DJ^2)^1/2) / 2 + PE
    Total System Jitter     (TSJ):    0.050ns
    Discrete Jitter          (DJ):    0.333ns
    Phase Error              (PE):    0.262ns

    Location             Delay type                Incr(ns)  Path(ns)    Netlist Resource(s)
  -------------------------------------------------------------------    -------------------
    F22                                               0.000     0.000 r  sys_rst_n (IN)
                         net (fo=0)                   0.000     0.000    sys_rst_n
    F22                  IBUF (Prop_ibuf_I_O)         1.487     1.487 r  sys_rst_n_IBUF_inst/O
                         net (fo=2, routed)           3.477     4.963    u_game_logic/sys_rst_n_IBUF
    SLICE_X80Y58         LUT2 (Prop_lut2_I1_O)        0.124     5.087 f  u_game_logic/cnt_h[11]_i_2/O
                         net (fo=322, routed)         5.989    11.077    u_lcd_timing/cnt_v_reg[9]_0
    SLICE_X111Y79        FDCE                                         f  u_lcd_timing/cnt_h_reg[1]/CLR
  -------------------------------------------------------------------    -------------------

                         (clock clk_out1_clk_wiz_0 rise edge)
                                                      0.000     0.000 r  
    Y9                                                0.000     0.000 r  sys_clk (IN)
                         net (fo=0)                   0.000     0.000    clk_wiz_inst/inst/clk_in1
    Y9                   IBUF (Prop_ibuf_I_O)         1.420     1.420 r  clk_wiz_inst/inst/clkin1_ibufg/O
                         net (fo=1, routed)           1.181     2.601    clk_wiz_inst/inst/clk_in1_clk_wiz_0
    PLLE2_ADV_X0Y0       PLLE2_ADV (Prop_plle2_adv_CLKIN1_CLKOUT0)
                                                     -7.970    -5.369 r  clk_wiz_inst/inst/plle2_adv_inst/CLKOUT0
                         net (fo=1, routed)           1.686    -3.683    clk_wiz_inst/inst/clk_out1_clk_wiz_0
    BUFGCTRL_X0Y0        BUFG (Prop_bufg_I_O)         0.091    -3.592 r  clk_wiz_inst/inst/clkout1_buf/O
                         net (fo=329, routed)         1.678    -1.914    u_lcd_timing/CLK
    SLICE_X111Y79        FDCE                                         r  u_lcd_timing/cnt_h_reg[1]/C

Slack:                    inf
  Source:                 sys_rst_n
                            (input port)
  Destination:            u_score_pic/pix_data_reg[20]/CLR
                            (recovery check against rising-edge clock clk_out1_clk_wiz_0  {rise@0.000ns fall@15.152ns period=30.303ns})
  Path Group:             (none)
  Path Type:              Recovery (Max at Slow Process Corner)
  Data Path Delay:        10.824ns  (logic 1.611ns (14.882%)  route 9.213ns (85.118%))
  Logic Levels:           2  (IBUF=1 LUT2=1)
  Clock Path Skew:        -1.913ns (DCD - SCD + CPR)
    Destination Clock Delay (DCD):    -1.913ns
    Source Clock Delay      (SCD):    0.000ns
    Clock Pessimism Removal (CPR):    0.000ns
  Clock Uncertainty:      0.430ns  ((TSJ^2 + DJ^2)^1/2) / 2 + PE
    Total System Jitter     (TSJ):    0.050ns
    Discrete Jitter          (DJ):    0.333ns
    Phase Error              (PE):    0.262ns

    Location             Delay type                Incr(ns)  Path(ns)    Netlist Resource(s)
  -------------------------------------------------------------------    -------------------
    F22                                               0.000     0.000 r  sys_rst_n (IN)
                         net (fo=0)                   0.000     0.000    sys_rst_n
    F22                  IBUF (Prop_ibuf_I_O)         1.487     1.487 r  sys_rst_n_IBUF_inst/O
                         net (fo=2, routed)           3.477     4.963    u_game_logic/sys_rst_n_IBUF
    SLICE_X80Y58         LUT2 (Prop_lut2_I1_O)        0.124     5.087 f  u_game_logic/cnt_h[11]_i_2/O
                         net (fo=322, routed)         5.736    10.824    u_score_pic/pix_data_reg[23]_1
    SLICE_X110Y81        FDCE                                         f  u_score_pic/pix_data_reg[20]/CLR
  -------------------------------------------------------------------    -------------------

                         (clock clk_out1_clk_wiz_0 rise edge)
                                                      0.000     0.000 r  
    Y9                                                0.000     0.000 r  sys_clk (IN)
                         net (fo=0)                   0.000     0.000    clk_wiz_inst/inst/clk_in1
    Y9                   IBUF (Prop_ibuf_I_O)         1.420     1.420 r  clk_wiz_inst/inst/clkin1_ibufg/O
                         net (fo=1, routed)           1.181     2.601    clk_wiz_inst/inst/clk_in1_clk_wiz_0
    PLLE2_ADV_X0Y0       PLLE2_ADV (Prop_plle2_adv_CLKIN1_CLKOUT0)
                                                     -7.970    -5.369 r  clk_wiz_inst/inst/plle2_adv_inst/CLKOUT0
                         net (fo=1, routed)           1.686    -3.683    clk_wiz_inst/inst/clk_out1_clk_wiz_0
    BUFGCTRL_X0Y0        BUFG (Prop_bufg_I_O)         0.091    -3.592 r  clk_wiz_inst/inst/clkout1_buf/O
                         net (fo=329, routed)         1.679    -1.913    u_score_pic/clk_out1
    SLICE_X110Y81        FDCE                                         r  u_score_pic/pix_data_reg[20]/C

Slack:                    inf
  Source:                 sys_rst_n
                            (input port)
  Destination:            u_lcd_timing/cnt_v_reg[6]/CLR
                            (recovery check against rising-edge clock clk_out1_clk_wiz_0  {rise@0.000ns fall@15.152ns period=30.303ns})
  Path Group:             (none)
  Path Type:              Recovery (Max at Slow Process Corner)
  Data Path Delay:        10.770ns  (logic 1.611ns (14.956%)  route 9.159ns (85.044%))
  Logic Levels:           2  (IBUF=1 LUT2=1)
  Clock Path Skew:        -1.917ns (DCD - SCD + CPR)
    Destination Clock Delay (DCD):    -1.917ns
    Source Clock Delay      (SCD):    0.000ns
    Clock Pessimism Removal (CPR):    0.000ns
  Clock Uncertainty:      0.430ns  ((TSJ^2 + DJ^2)^1/2) / 2 + PE
    Total System Jitter     (TSJ):    0.050ns
    Discrete Jitter          (DJ):    0.333ns
    Phase Error              (PE):    0.262ns

    Location             Delay type                Incr(ns)  Path(ns)    Netlist Resource(s)
  -------------------------------------------------------------------    -------------------
    F22                                               0.000     0.000 r  sys_rst_n (IN)
                         net (fo=0)                   0.000     0.000    sys_rst_n
    F22                  IBUF (Prop_ibuf_I_O)         1.487     1.487 r  sys_rst_n_IBUF_inst/O
                         net (fo=2, routed)           3.477     4.963    u_game_logic/sys_rst_n_IBUF
    SLICE_X80Y58         LUT2 (Prop_lut2_I1_O)        0.124     5.087 f  u_game_logic/cnt_h[11]_i_2/O
                         net (fo=322, routed)         5.682    10.770    u_lcd_timing/cnt_v_reg[9]_0
    SLICE_X108Y79        FDCE                                         f  u_lcd_timing/cnt_v_reg[6]/CLR
  -------------------------------------------------------------------    -------------------

                         (clock clk_out1_clk_wiz_0 rise edge)
                                                      0.000     0.000 r  
    Y9                                                0.000     0.000 r  sys_clk (IN)
                         net (fo=0)                   0.000     0.000    clk_wiz_inst/inst/clk_in1
    Y9                   IBUF (Prop_ibuf_I_O)         1.420     1.420 r  clk_wiz_inst/inst/clkin1_ibufg/O
                         net (fo=1, routed)           1.181     2.601    clk_wiz_inst/inst/clk_in1_clk_wiz_0
    PLLE2_ADV_X0Y0       PLLE2_ADV (Prop_plle2_adv_CLKIN1_CLKOUT0)
                                                     -7.970    -5.369 r  clk_wiz_inst/inst/plle2_adv_inst/CLKOUT0
                         net (fo=1, routed)           1.686    -3.683    clk_wiz_inst/inst/clk_out1_clk_wiz_0
    BUFGCTRL_X0Y0        BUFG (Prop_bufg_I_O)         0.091    -3.592 r  clk_wiz_inst/inst/clkout1_buf/O
                         net (fo=329, routed)         1.675    -1.917    u_lcd_timing/CLK
    SLICE_X108Y79        FDCE                                         r  u_lcd_timing/cnt_v_reg[6]/C

Slack:                    inf
  Source:                 sys_rst_n
                            (input port)
  Destination:            u_lcd_timing/cnt_h_reg[5]/CLR
                            (recovery check against rising-edge clock clk_out1_clk_wiz_0  {rise@0.000ns fall@15.152ns period=30.303ns})
  Path Group:             (none)
  Path Type:              Recovery (Max at Slow Process Corner)
  Data Path Delay:        10.745ns  (logic 1.611ns (14.992%)  route 9.134ns (85.008%))
  Logic Levels:           2  (IBUF=1 LUT2=1)
  Clock Path Skew:        -1.914ns (DCD - SCD + CPR)
    Destination Clock Delay (DCD):    -1.914ns
    Source Clock Delay      (SCD):    0.000ns
    Clock Pessimism Removal (CPR):    0.000ns
  Clock Uncertainty:      0.430ns  ((TSJ^2 + DJ^2)^1/2) / 2 + PE
    Total System Jitter     (TSJ):    0.050ns
    Discrete Jitter          (DJ):    0.333ns
    Phase Error              (PE):    0.262ns

    Location             Delay type                Incr(ns)  Path(ns)    Netlist Resource(s)
  -------------------------------------------------------------------    -------------------
    F22                                               0.000     0.000 r  sys_rst_n (IN)
                         net (fo=0)                   0.000     0.000    sys_rst_n
    F22                  IBUF (Prop_ibuf_I_O)         1.487     1.487 r  sys_rst_n_IBUF_inst/O
                         net (fo=2, routed)           3.477     4.963    u_game_logic/sys_rst_n_IBUF
    SLICE_X80Y58         LUT2 (Prop_lut2_I1_O)        0.124     5.087 f  u_game_logic/cnt_h[11]_i_2/O
                         net (fo=322, routed)         5.657    10.745    u_lcd_timing/cnt_v_reg[9]_0
    SLICE_X113Y80        FDCE                                         f  u_lcd_timing/cnt_h_reg[5]/CLR
  -------------------------------------------------------------------    -------------------

                         (clock clk_out1_clk_wiz_0 rise edge)
                                                      0.000     0.000 r  
    Y9                                                0.000     0.000 r  sys_clk (IN)
                         net (fo=0)                   0.000     0.000    clk_wiz_inst/inst/clk_in1
    Y9                   IBUF (Prop_ibuf_I_O)         1.420     1.420 r  clk_wiz_inst/inst/clkin1_ibufg/O
                         net (fo=1, routed)           1.181     2.601    clk_wiz_inst/inst/clk_in1_clk_wiz_0
    PLLE2_ADV_X0Y0       PLLE2_ADV (Prop_plle2_adv_CLKIN1_CLKOUT0)
                                                     -7.970    -5.369 r  clk_wiz_inst/inst/plle2_adv_inst/CLKOUT0
                         net (fo=1, routed)           1.686    -3.683    clk_wiz_inst/inst/clk_out1_clk_wiz_0
    BUFGCTRL_X0Y0        BUFG (Prop_bufg_I_O)         0.091    -3.592 r  clk_wiz_inst/inst/clkout1_buf/O
                         net (fo=329, routed)         1.678    -1.914    u_lcd_timing/CLK
    SLICE_X113Y80        FDCE                                         r  u_lcd_timing/cnt_h_reg[5]/C

Slack:                    inf
  Source:                 sys_rst_n
                            (input port)
  Destination:            u_lcd_timing/cnt_h_reg[9]/CLR
                            (recovery check against rising-edge clock clk_out1_clk_wiz_0  {rise@0.000ns fall@15.152ns period=30.303ns})
  Path Group:             (none)
  Path Type:              Recovery (Max at Slow Process Corner)
  Data Path Delay:        10.745ns  (logic 1.611ns (14.992%)  route 9.134ns (85.008%))
  Logic Levels:           2  (IBUF=1 LUT2=1)
  Clock Path Skew:        -1.914ns (DCD - SCD + CPR)
    Destination Clock Delay (DCD):    -1.914ns
    Source Clock Delay      (SCD):    0.000ns
    Clock Pessimism Removal (CPR):    0.000ns
  Clock Uncertainty:      0.430ns  ((TSJ^2 + DJ^2)^1/2) / 2 + PE
    Total System Jitter     (TSJ):    0.050ns
    Discrete Jitter          (DJ):    0.333ns
    Phase Error              (PE):    0.262ns

    Location             Delay type                Incr(ns)  Path(ns)    Netlist Resource(s)
  -------------------------------------------------------------------    -------------------
    F22                                               0.000     0.000 r  sys_rst_n (IN)
                         net (fo=0)                   0.000     0.000    sys_rst_n
    F22                  IBUF (Prop_ibuf_I_O)         1.487     1.487 r  sys_rst_n_IBUF_inst/O
                         net (fo=2, routed)           3.477     4.963    u_game_logic/sys_rst_n_IBUF
    SLICE_X80Y58         LUT2 (Prop_lut2_I1_O)        0.124     5.087 f  u_game_logic/cnt_h[11]_i_2/O
                         net (fo=322, routed)         5.657    10.745    u_lcd_timing/cnt_v_reg[9]_0
    SLICE_X113Y80        FDCE                                         f  u_lcd_timing/cnt_h_reg[9]/CLR
  -------------------------------------------------------------------    -------------------

                         (clock clk_out1_clk_wiz_0 rise edge)
                                                      0.000     0.000 r  
    Y9                                                0.000     0.000 r  sys_clk (IN)
                         net (fo=0)                   0.000     0.000    clk_wiz_inst/inst/clk_in1
    Y9                   IBUF (Prop_ibuf_I_O)         1.420     1.420 r  clk_wiz_inst/inst/clkin1_ibufg/O
                         net (fo=1, routed)           1.181     2.601    clk_wiz_inst/inst/clk_in1_clk_wiz_0
    PLLE2_ADV_X0Y0       PLLE2_ADV (Prop_plle2_adv_CLKIN1_CLKOUT0)
                                                     -7.970    -5.369 r  clk_wiz_inst/inst/plle2_adv_inst/CLKOUT0
                         net (fo=1, routed)           1.686    -3.683    clk_wiz_inst/inst/clk_out1_clk_wiz_0
    BUFGCTRL_X0Y0        BUFG (Prop_bufg_I_O)         0.091    -3.592 r  clk_wiz_inst/inst/clkout1_buf/O
                         net (fo=329, routed)         1.678    -1.914    u_lcd_timing/CLK
    SLICE_X113Y80        FDCE                                         r  u_lcd_timing/cnt_h_reg[9]/C

Slack:                    inf
  Source:                 sys_rst_n
                            (input port)
  Destination:            u_lcd_timing/cnt_h_reg[0]/CLR
                            (recovery check against rising-edge clock clk_out1_clk_wiz_0  {rise@0.000ns fall@15.152ns period=30.303ns})
  Path Group:             (none)
  Path Type:              Recovery (Max at Slow Process Corner)
  Data Path Delay:        10.662ns  (logic 1.611ns (15.108%)  route 9.051ns (84.892%))
  Logic Levels:           2  (IBUF=1 LUT2=1)
  Clock Path Skew:        -1.917ns (DCD - SCD + CPR)
    Destination Clock Delay (DCD):    -1.917ns
    Source Clock Delay      (SCD):    0.000ns
    Clock Pessimism Removal (CPR):    0.000ns
  Clock Uncertainty:      0.430ns  ((TSJ^2 + DJ^2)^1/2) / 2 + PE
    Total System Jitter     (TSJ):    0.050ns
    Discrete Jitter          (DJ):    0.333ns
    Phase Error              (PE):    0.262ns

    Location             Delay type                Incr(ns)  Path(ns)    Netlist Resource(s)
  -------------------------------------------------------------------    -------------------
    F22                                               0.000     0.000 r  sys_rst_n (IN)
                         net (fo=0)                   0.000     0.000    sys_rst_n
    F22                  IBUF (Prop_ibuf_I_O)         1.487     1.487 r  sys_rst_n_IBUF_inst/O
                         net (fo=2, routed)           3.477     4.963    u_game_logic/sys_rst_n_IBUF
    SLICE_X80Y58         LUT2 (Prop_lut2_I1_O)        0.124     5.087 f  u_game_logic/cnt_h[11]_i_2/O
                         net (fo=322, routed)         5.574    10.662    u_lcd_timing/cnt_v_reg[9]_0
    SLICE_X108Y80        FDCE                                         f  u_lcd_timing/cnt_h_reg[0]/CLR
  -------------------------------------------------------------------    -------------------

                         (clock clk_out1_clk_wiz_0 rise edge)
                                                      0.000     0.000 r  
    Y9                                                0.000     0.000 r  sys_clk (IN)
                         net (fo=0)                   0.000     0.000    clk_wiz_inst/inst/clk_in1
    Y9                   IBUF (Prop_ibuf_I_O)         1.420     1.420 r  clk_wiz_inst/inst/clkin1_ibufg/O
                         net (fo=1, routed)           1.181     2.601    clk_wiz_inst/inst/clk_in1_clk_wiz_0
    PLLE2_ADV_X0Y0       PLLE2_ADV (Prop_plle2_adv_CLKIN1_CLKOUT0)
                                                     -7.970    -5.369 r  clk_wiz_inst/inst/plle2_adv_inst/CLKOUT0
                         net (fo=1, routed)           1.686    -3.683    clk_wiz_inst/inst/clk_out1_clk_wiz_0
    BUFGCTRL_X0Y0        BUFG (Prop_bufg_I_O)         0.091    -3.592 r  clk_wiz_inst/inst/clkout1_buf/O
                         net (fo=329, routed)         1.675    -1.917    u_lcd_timing/CLK
    SLICE_X108Y80        FDCE                                         r  u_lcd_timing/cnt_h_reg[0]/C

Slack:                    inf
  Source:                 sys_rst_n
                            (input port)
  Destination:            u_lcd_timing/cnt_h_reg[11]/CLR
                            (recovery check against rising-edge clock clk_out1_clk_wiz_0  {rise@0.000ns fall@15.152ns period=30.303ns})
  Path Group:             (none)
  Path Type:              Recovery (Max at Slow Process Corner)
  Data Path Delay:        10.618ns  (logic 1.611ns (15.170%)  route 9.007ns (84.830%))
  Logic Levels:           2  (IBUF=1 LUT2=1)
  Clock Path Skew:        -1.914ns (DCD - SCD + CPR)
    Destination Clock Delay (DCD):    -1.914ns
    Source Clock Delay      (SCD):    0.000ns
    Clock Pessimism Removal (CPR):    0.000ns
  Clock Uncertainty:      0.430ns  ((TSJ^2 + DJ^2)^1/2) / 2 + PE
    Total System Jitter     (TSJ):    0.050ns
    Discrete Jitter          (DJ):    0.333ns
    Phase Error              (PE):    0.262ns

    Location             Delay type                Incr(ns)  Path(ns)    Netlist Resource(s)
  -------------------------------------------------------------------    -------------------
    F22                                               0.000     0.000 r  sys_rst_n (IN)
                         net (fo=0)                   0.000     0.000    sys_rst_n
    F22                  IBUF (Prop_ibuf_I_O)         1.487     1.487 r  sys_rst_n_IBUF_inst/O
                         net (fo=2, routed)           3.477     4.963    u_game_logic/sys_rst_n_IBUF
    SLICE_X80Y58         LUT2 (Prop_lut2_I1_O)        0.124     5.087 f  u_game_logic/cnt_h[11]_i_2/O
                         net (fo=322, routed)         5.531    10.618    u_lcd_timing/cnt_v_reg[9]_0
    SLICE_X111Y80        FDCE                                         f  u_lcd_timing/cnt_h_reg[11]/CLR
  -------------------------------------------------------------------    -------------------

                         (clock clk_out1_clk_wiz_0 rise edge)
                                                      0.000     0.000 r  
    Y9                                                0.000     0.000 r  sys_clk (IN)
                         net (fo=0)                   0.000     0.000    clk_wiz_inst/inst/clk_in1
    Y9                   IBUF (Prop_ibuf_I_O)         1.420     1.420 r  clk_wiz_inst/inst/clkin1_ibufg/O
                         net (fo=1, routed)           1.181     2.601    clk_wiz_inst/inst/clk_in1_clk_wiz_0
    PLLE2_ADV_X0Y0       PLLE2_ADV (Prop_plle2_adv_CLKIN1_CLKOUT0)
                                                     -7.970    -5.369 r  clk_wiz_inst/inst/plle2_adv_inst/CLKOUT0
                         net (fo=1, routed)           1.686    -3.683    clk_wiz_inst/inst/clk_out1_clk_wiz_0
    BUFGCTRL_X0Y0        BUFG (Prop_bufg_I_O)         0.091    -3.592 r  clk_wiz_inst/inst/clkout1_buf/O
                         net (fo=329, routed)         1.678    -1.914    u_lcd_timing/CLK
    SLICE_X111Y80        FDCE                                         r  u_lcd_timing/cnt_h_reg[11]/C

Slack:                    inf
  Source:                 sys_rst_n
                            (input port)
  Destination:            u_lcd_timing/cnt_h_reg[6]/CLR
                            (recovery check against rising-edge clock clk_out1_clk_wiz_0  {rise@0.000ns fall@15.152ns period=30.303ns})
  Path Group:             (none)
  Path Type:              Recovery (Max at Slow Process Corner)
  Data Path Delay:        10.618ns  (logic 1.611ns (15.170%)  route 9.007ns (84.830%))
  Logic Levels:           2  (IBUF=1 LUT2=1)
  Clock Path Skew:        -1.914ns (DCD - SCD + CPR)
    Destination Clock Delay (DCD):    -1.914ns
    Source Clock Delay      (SCD):    0.000ns
    Clock Pessimism Removal (CPR):    0.000ns
  Clock Uncertainty:      0.430ns  ((TSJ^2 + DJ^2)^1/2) / 2 + PE
    Total System Jitter     (TSJ):    0.050ns
    Discrete Jitter          (DJ):    0.333ns
    Phase Error              (PE):    0.262ns

    Location             Delay type                Incr(ns)  Path(ns)    Netlist Resource(s)
  -------------------------------------------------------------------    -------------------
    F22                                               0.000     0.000 r  sys_rst_n (IN)
                         net (fo=0)                   0.000     0.000    sys_rst_n
    F22                  IBUF (Prop_ibuf_I_O)         1.487     1.487 r  sys_rst_n_IBUF_inst/O
                         net (fo=2, routed)           3.477     4.963    u_game_logic/sys_rst_n_IBUF
    SLICE_X80Y58         LUT2 (Prop_lut2_I1_O)        0.124     5.087 f  u_game_logic/cnt_h[11]_i_2/O
                         net (fo=322, routed)         5.531    10.618    u_lcd_timing/cnt_v_reg[9]_0
    SLICE_X111Y80        FDCE                                         f  u_lcd_timing/cnt_h_reg[6]/CLR
  -------------------------------------------------------------------    -------------------

                         (clock clk_out1_clk_wiz_0 rise edge)
                                                      0.000     0.000 r  
    Y9                                                0.000     0.000 r  sys_clk (IN)
                         net (fo=0)                   0.000     0.000    clk_wiz_inst/inst/clk_in1
    Y9                   IBUF (Prop_ibuf_I_O)         1.420     1.420 r  clk_wiz_inst/inst/clkin1_ibufg/O
                         net (fo=1, routed)           1.181     2.601    clk_wiz_inst/inst/clk_in1_clk_wiz_0
    PLLE2_ADV_X0Y0       PLLE2_ADV (Prop_plle2_adv_CLKIN1_CLKOUT0)
                                                     -7.970    -5.369 r  clk_wiz_inst/inst/plle2_adv_inst/CLKOUT0
                         net (fo=1, routed)           1.686    -3.683    clk_wiz_inst/inst/clk_out1_clk_wiz_0
    BUFGCTRL_X0Y0        BUFG (Prop_bufg_I_O)         0.091    -3.592 r  clk_wiz_inst/inst/clkout1_buf/O
                         net (fo=329, routed)         1.678    -1.914    u_lcd_timing/CLK
    SLICE_X111Y80        FDCE                                         r  u_lcd_timing/cnt_h_reg[6]/C





Min Delay Paths
--------------------------------------------------------------------------------------
Slack:                    inf
  Source:                 key_in[1]
                            (input port)
  Destination:            u_game_logic/key_left_d_reg/D
                            (rising edge-triggered cell FDPE clocked by clk_out1_clk_wiz_0  {rise@0.000ns fall@15.152ns period=30.303ns})
  Path Group:             (none)
  Path Type:              Hold (Min at Fast Process Corner)
  Data Path Delay:        1.372ns  (logic 0.258ns (18.840%)  route 1.114ns (81.160%))
  Logic Levels:           1  (IBUF=1)
  Clock Path Skew:        -0.321ns (DCD - SCD - CPR)
    Destination Clock Delay (DCD):    -0.321ns
    Source Clock Delay      (SCD):    0.000ns
    Clock Pessimism Removal (CPR):    -0.000ns

    Location             Delay type                Incr(ns)  Path(ns)    Netlist Resource(s)
  -------------------------------------------------------------------    -------------------
    N15                                               0.000     0.000 r  key_in[1] (IN)
                         net (fo=0)                   0.000     0.000    key_in[1]
    N15                  IBUF (Prop_ibuf_I_O)         0.258     0.258 r  key_in_IBUF[1]_inst/O
                         net (fo=2, routed)           1.114     1.372    u_game_logic/key_in_IBUF[1]
    SLICE_X87Y78         FDPE                                         r  u_game_logic/key_left_d_reg/D
  -------------------------------------------------------------------    -------------------

                         (clock clk_out1_clk_wiz_0 rise edge)
                                                      0.000     0.000 r  
    Y9                                                0.000     0.000 r  sys_clk (IN)
                         net (fo=0)                   0.000     0.000    clk_wiz_inst/inst/clk_in1
    Y9                   IBUF (Prop_ibuf_I_O)         0.446     0.446 r  clk_wiz_inst/inst/clkin1_ibufg/O
                         net (fo=1, routed)           0.481     0.927    clk_wiz_inst/inst/clk_in1_clk_wiz_0
    PLLE2_ADV_X0Y0       PLLE2_ADV (Prop_plle2_adv_CLKIN1_CLKOUT0)
                                                     -2.700    -1.773 r  clk_wiz_inst/inst/plle2_adv_inst/CLKOUT0
                         net (fo=1, routed)           0.580    -1.193    clk_wiz_inst/inst/clk_out1_clk_wiz_0
    BUFGCTRL_X0Y0        BUFG (Prop_bufg_I_O)         0.029    -1.164 r  clk_wiz_inst/inst/clkout1_buf/O
                         net (fo=329, routed)         0.843    -0.321    u_game_logic/clk_out1
    SLICE_X87Y78         FDPE                                         r  u_game_logic/key_left_d_reg/C

Slack:                    inf
  Source:                 key_in[0]
                            (input port)
  Destination:            u_game_logic/key_rot_d_reg/D
                            (rising edge-triggered cell FDPE clocked by clk_out1_clk_wiz_0  {rise@0.000ns fall@15.152ns period=30.303ns})
  Path Group:             (none)
  Path Type:              Hold (Min at Fast Process Corner)
  Data Path Delay:        1.376ns  (logic 0.216ns (15.707%)  route 1.160ns (84.293%))
  Logic Levels:           1  (IBUF=1)
  Clock Path Skew:        -0.326ns (DCD - SCD - CPR)
    Destination Clock Delay (DCD):    -0.326ns
    Source Clock Delay      (SCD):    0.000ns
    Clock Pessimism Removal (CPR):    -0.000ns

    Location             Delay type                Incr(ns)  Path(ns)    Netlist Resource(s)
  -------------------------------------------------------------------    -------------------
    P16                                               0.000     0.000 r  key_in[0] (IN)
                         net (fo=0)                   0.000     0.000    key_in[0]
    P16                  IBUF (Prop_ibuf_I_O)         0.216     0.216 r  key_in_IBUF[0]_inst/O
                         net (fo=2, routed)           1.160     1.376    u_game_logic/key_in_IBUF[0]
    SLICE_X83Y75         FDPE                                         r  u_game_logic/key_rot_d_reg/D
  -------------------------------------------------------------------    -------------------

                         (clock clk_out1_clk_wiz_0 rise edge)
                                                      0.000     0.000 r  
    Y9                                                0.000     0.000 r  sys_clk (IN)
                         net (fo=0)                   0.000     0.000    clk_wiz_inst/inst/clk_in1
    Y9                   IBUF (Prop_ibuf_I_O)         0.446     0.446 r  clk_wiz_inst/inst/clkin1_ibufg/O
                         net (fo=1, routed)           0.481     0.927    clk_wiz_inst/inst/clk_in1_clk_wiz_0
    PLLE2_ADV_X0Y0       PLLE2_ADV (Prop_plle2_adv_CLKIN1_CLKOUT0)
                                                     -2.700    -1.773 r  clk_wiz_inst/inst/plle2_adv_inst/CLKOUT0
                         net (fo=1, routed)           0.580    -1.193    clk_wiz_inst/inst/clk_out1_clk_wiz_0
    BUFGCTRL_X0Y0        BUFG (Prop_bufg_I_O)         0.029    -1.164 r  clk_wiz_inst/inst/clkout1_buf/O
                         net (fo=329, routed)         0.838    -0.326    u_game_logic/clk_out1
    SLICE_X83Y75         FDPE                                         r  u_game_logic/key_rot_d_reg/C

Slack:                    inf
  Source:                 key_in[1]
                            (input port)
  Destination:            u_game_logic/block_x_reg[2]/CE
                            (rising edge-triggered cell FDPE clocked by clk_out1_clk_wiz_0  {rise@0.000ns fall@15.152ns period=30.303ns})
  Path Group:             (none)
  Path Type:              Hold (Min at Fast Process Corner)
  Data Path Delay:        1.505ns  (logic 0.303ns (20.162%)  route 1.202ns (79.838%))
  Logic Levels:           2  (IBUF=1 LUT6=1)
  Clock Path Skew:        -0.322ns (DCD - SCD - CPR)
    Destination Clock Delay (DCD):    -0.322ns
    Source Clock Delay      (SCD):    0.000ns
    Clock Pessimism Removal (CPR):    -0.000ns

    Location             Delay type                Incr(ns)  Path(ns)    Netlist Resource(s)
  -------------------------------------------------------------------    -------------------
    N15                                               0.000     0.000 f  key_in[1] (IN)
                         net (fo=0)                   0.000     0.000    key_in[1]
    N15                  IBUF (Prop_ibuf_I_O)         0.258     0.258 f  key_in_IBUF[1]_inst/O
                         net (fo=2, routed)           1.079     1.338    u_game_logic/key_in_IBUF[1]
    SLICE_X87Y78         LUT6 (Prop_lut6_I2_O)        0.045     1.383 r  u_game_logic/block_x[3]_i_1/O
                         net (fo=4, routed)           0.122     1.505    u_game_logic/block_x
    SLICE_X87Y77         FDPE                                         r  u_game_logic/block_x_reg[2]/CE
  -------------------------------------------------------------------    -------------------

                         (clock clk_out1_clk_wiz_0 rise edge)
                                                      0.000     0.000 r  
    Y9                                                0.000     0.000 r  sys_clk (IN)
                         net (fo=0)                   0.000     0.000    clk_wiz_inst/inst/clk_in1
    Y9                   IBUF (Prop_ibuf_I_O)         0.446     0.446 r  clk_wiz_inst/inst/clkin1_ibufg/O
                         net (fo=1, routed)           0.481     0.927    clk_wiz_inst/inst/clk_in1_clk_wiz_0
    PLLE2_ADV_X0Y0       PLLE2_ADV (Prop_plle2_adv_CLKIN1_CLKOUT0)
                                                     -2.700    -1.773 r  clk_wiz_inst/inst/plle2_adv_inst/CLKOUT0
                         net (fo=1, routed)           0.580    -1.193    clk_wiz_inst/inst/clk_out1_clk_wiz_0
    BUFGCTRL_X0Y0        BUFG (Prop_bufg_I_O)         0.029    -1.164 r  clk_wiz_inst/inst/clkout1_buf/O
                         net (fo=329, routed)         0.842    -0.322    u_game_logic/clk_out1
    SLICE_X87Y77         FDPE                                         r  u_game_logic/block_x_reg[2]/C

Slack:                    inf
  Source:                 key_in[1]
                            (input port)
  Destination:            u_game_logic/block_x_reg[3]/CE
                            (rising edge-triggered cell FDCE clocked by clk_out1_clk_wiz_0  {rise@0.000ns fall@15.152ns period=30.303ns})
  Path Group:             (none)
  Path Type:              Hold (Min at Fast Process Corner)
  Data Path Delay:        1.505ns  (logic 0.303ns (20.162%)  route 1.202ns (79.838%))
  Logic Levels:           2  (IBUF=1 LUT6=1)
  Clock Path Skew:        -0.322ns (DCD - SCD - CPR)
    Destination Clock Delay (DCD):    -0.322ns
    Source Clock Delay      (SCD):    0.000ns
    Clock Pessimism Removal (CPR):    -0.000ns

    Location             Delay type                Incr(ns)  Path(ns)    Netlist Resource(s)
  -------------------------------------------------------------------    -------------------
    N15                                               0.000     0.000 f  key_in[1] (IN)
                         net (fo=0)                   0.000     0.000    key_in[1]
    N15                  IBUF (Prop_ibuf_I_O)         0.258     0.258 f  key_in_IBUF[1]_inst/O
                         net (fo=2, routed)           1.079     1.338    u_game_logic/key_in_IBUF[1]
    SLICE_X87Y78         LUT6 (Prop_lut6_I2_O)        0.045     1.383 r  u_game_logic/block_x[3]_i_1/O
                         net (fo=4, routed)           0.122     1.505    u_game_logic/block_x
    SLICE_X87Y77         FDCE                                         r  u_game_logic/block_x_reg[3]/CE
  -------------------------------------------------------------------    -------------------

                         (clock clk_out1_clk_wiz_0 rise edge)
                                                      0.000     0.000 r  
    Y9                                                0.000     0.000 r  sys_clk (IN)
                         net (fo=0)                   0.000     0.000    clk_wiz_inst/inst/clk_in1
    Y9                   IBUF (Prop_ibuf_I_O)         0.446     0.446 r  clk_wiz_inst/inst/clkin1_ibufg/O
                         net (fo=1, routed)           0.481     0.927    clk_wiz_inst/inst/clk_in1_clk_wiz_0
    PLLE2_ADV_X0Y0       PLLE2_ADV (Prop_plle2_adv_CLKIN1_CLKOUT0)
                                                     -2.700    -1.773 r  clk_wiz_inst/inst/plle2_adv_inst/CLKOUT0
                         net (fo=1, routed)           0.580    -1.193    clk_wiz_inst/inst/clk_out1_clk_wiz_0
    BUFGCTRL_X0Y0        BUFG (Prop_bufg_I_O)         0.029    -1.164 r  clk_wiz_inst/inst/clkout1_buf/O
                         net (fo=329, routed)         0.842    -0.322    u_game_logic/clk_out1
    SLICE_X87Y77         FDCE                                         r  u_game_logic/block_x_reg[3]/C

Slack:                    inf
  Source:                 key_in[3]
                            (input port)
  Destination:            u_game_logic/key_right_d_reg/D
                            (rising edge-triggered cell FDPE clocked by clk_out1_clk_wiz_0  {rise@0.000ns fall@15.152ns period=30.303ns})
  Path Group:             (none)
  Path Type:              Hold (Min at Fast Process Corner)
  Data Path Delay:        1.511ns  (logic 0.241ns (15.930%)  route 1.270ns (84.070%))
  Logic Levels:           1  (IBUF=1)
  Clock Path Skew:        -0.321ns (DCD - SCD - CPR)
    Destination Clock Delay (DCD):    -0.321ns
    Source Clock Delay      (SCD):    0.000ns
    Clock Pessimism Removal (CPR):    -0.000ns

    Location             Delay type                Incr(ns)  Path(ns)    Netlist Resource(s)
  -------------------------------------------------------------------    -------------------
    R16                                               0.000     0.000 r  key_in[3] (IN)
                         net (fo=0)                   0.000     0.000    key_in[3]
    R16                  IBUF (Prop_ibuf_I_O)         0.241     0.241 r  key_in_IBUF[3]_inst/O
                         net (fo=2, routed)           1.270     1.511    u_game_logic/key_in_IBUF[2]
    SLICE_X87Y78         FDPE                                         r  u_game_logic/key_right_d_reg/D
  -------------------------------------------------------------------    -------------------

                         (clock clk_out1_clk_wiz_0 rise edge)
                                                      0.000     0.000 r  
    Y9                                                0.000     0.000 r  sys_clk (IN)
                         net (fo=0)                   0.000     0.000    clk_wiz_inst/inst/clk_in1
    Y9                   IBUF (Prop_ibuf_I_O)         0.446     0.446 r  clk_wiz_inst/inst/clkin1_ibufg/O
                         net (fo=1, routed)           0.481     0.927    clk_wiz_inst/inst/clk_in1_clk_wiz_0
    PLLE2_ADV_X0Y0       PLLE2_ADV (Prop_plle2_adv_CLKIN1_CLKOUT0)
                                                     -2.700    -1.773 r  clk_wiz_inst/inst/plle2_adv_inst/CLKOUT0
                         net (fo=1, routed)           0.580    -1.193    clk_wiz_inst/inst/clk_out1_clk_wiz_0
    BUFGCTRL_X0Y0        BUFG (Prop_bufg_I_O)         0.029    -1.164 r  clk_wiz_inst/inst/clkout1_buf/O
                         net (fo=329, routed)         0.843    -0.321    u_game_logic/clk_out1
    SLICE_X87Y78         FDPE                                         r  u_game_logic/key_right_d_reg/C

Slack:                    inf
  Source:                 clk_wiz_inst/inst/plle2_adv_inst/LOCKED
                            (internal pin)
  Destination:            u_game_logic/tetris_map_reg[14][0]/CLR
                            (removal check against rising-edge clock clk_out1_clk_wiz_0  {rise@0.000ns fall@15.152ns period=30.303ns})
  Path Group:             (none)
  Path Type:              Removal (Min at Fast Process Corner)
  Data Path Delay:        1.647ns  (logic 0.045ns (2.732%)  route 1.602ns (97.268%))
  Logic Levels:           1  (LUT2=1)
  Clock Uncertainty:      0.430ns  ((TSJ^2 + DJ^2)^1/2) / 2 + PE
    Total System Jitter     (TSJ):    0.050ns
    Discrete Jitter          (DJ):    0.333ns
    Phase Error              (PE):    0.262ns

    Location             Delay type                Incr(ns)  Path(ns)    Netlist Resource(s)
  -------------------------------------------------------------------    -------------------
    PLLE2_ADV_X0Y0       PLLE2_ADV                    0.000     0.000 r  clk_wiz_inst/inst/plle2_adv_inst/LOCKED
                         net (fo=1, routed)           1.326     1.326    u_game_logic/locked
    SLICE_X80Y58         LUT2 (Prop_lut2_I0_O)        0.045     1.371 f  u_game_logic/cnt_h[11]_i_2/O
                         net (fo=322, routed)         0.277     1.647    u_game_logic/sys_rst_n
    SLICE_X83Y60         FDCE                                         f  u_game_logic/tetris_map_reg[14][0]/CLR
  -------------------------------------------------------------------    -------------------

                         (clock clk_out1_clk_wiz_0 rise edge)
                                                      0.000     0.000 r  
    Y9                                                0.000     0.000 r  sys_clk (IN)
                         net (fo=0)                   0.000     0.000    clk_wiz_inst/inst/clk_in1
    Y9                   IBUF (Prop_ibuf_I_O)         0.446     0.446 r  clk_wiz_inst/inst/clkin1_ibufg/O
                         net (fo=1, routed)           0.481     0.927    clk_wiz_inst/inst/clk_in1_clk_wiz_0
    PLLE2_ADV_X0Y0       PLLE2_ADV (Prop_plle2_adv_CLKIN1_CLKOUT0)
                                                     -2.700    -1.773 r  clk_wiz_inst/inst/plle2_adv_inst/CLKOUT0
                         net (fo=1, routed)           0.580    -1.193    clk_wiz_inst/inst/clk_out1_clk_wiz_0
    BUFGCTRL_X0Y0        BUFG (Prop_bufg_I_O)         0.029    -1.164 r  clk_wiz_inst/inst/clkout1_buf/O
                         net (fo=329, routed)         0.852    -0.312    u_game_logic/clk_out1
    SLICE_X83Y60         FDCE                                         r  u_game_logic/tetris_map_reg[14][0]/C

Slack:                    inf
  Source:                 clk_wiz_inst/inst/plle2_adv_inst/LOCKED
                            (internal pin)
  Destination:            u_game_logic/tetris_map_reg[14][2]/CLR
                            (removal check against rising-edge clock clk_out1_clk_wiz_0  {rise@0.000ns fall@15.152ns period=30.303ns})
  Path Group:             (none)
  Path Type:              Removal (Min at Fast Process Corner)
  Data Path Delay:        1.647ns  (logic 0.045ns (2.732%)  route 1.602ns (97.268%))
  Logic Levels:           1  (LUT2=1)
  Clock Uncertainty:      0.430ns  ((TSJ^2 + DJ^2)^1/2) / 2 + PE
    Total System Jitter     (TSJ):    0.050ns
    Discrete Jitter          (DJ):    0.333ns
    Phase Error              (PE):    0.262ns

    Location             Delay type                Incr(ns)  Path(ns)    Netlist Resource(s)
  -------------------------------------------------------------------    -------------------
    PLLE2_ADV_X0Y0       PLLE2_ADV                    0.000     0.000 r  clk_wiz_inst/inst/plle2_adv_inst/LOCKED
                         net (fo=1, routed)           1.326     1.326    u_game_logic/locked
    SLICE_X80Y58         LUT2 (Prop_lut2_I0_O)        0.045     1.371 f  u_game_logic/cnt_h[11]_i_2/O
                         net (fo=322, routed)         0.277     1.647    u_game_logic/sys_rst_n
    SLICE_X83Y60         FDCE                                         f  u_game_logic/tetris_map_reg[14][2]/CLR
  -------------------------------------------------------------------    -------------------

                         (clock clk_out1_clk_wiz_0 rise edge)
                                                      0.000     0.000 r  
    Y9                                                0.000     0.000 r  sys_clk (IN)
                         net (fo=0)                   0.000     0.000    clk_wiz_inst/inst/clk_in1
    Y9                   IBUF (Prop_ibuf_I_O)         0.446     0.446 r  clk_wiz_inst/inst/clkin1_ibufg/O
                         net (fo=1, routed)           0.481     0.927    clk_wiz_inst/inst/clk_in1_clk_wiz_0
    PLLE2_ADV_X0Y0       PLLE2_ADV (Prop_plle2_adv_CLKIN1_CLKOUT0)
                                                     -2.700    -1.773 r  clk_wiz_inst/inst/plle2_adv_inst/CLKOUT0
                         net (fo=1, routed)           0.580    -1.193    clk_wiz_inst/inst/clk_out1_clk_wiz_0
    BUFGCTRL_X0Y0        BUFG (Prop_bufg_I_O)         0.029    -1.164 r  clk_wiz_inst/inst/clkout1_buf/O
                         net (fo=329, routed)         0.852    -0.312    u_game_logic/clk_out1
    SLICE_X83Y60         FDCE                                         r  u_game_logic/tetris_map_reg[14][2]/C

Slack:                    inf
  Source:                 clk_wiz_inst/inst/plle2_adv_inst/LOCKED
                            (internal pin)
  Destination:            u_game_logic/tetris_map_reg[14][6]/CLR
                            (removal check against rising-edge clock clk_out1_clk_wiz_0  {rise@0.000ns fall@15.152ns period=30.303ns})
  Path Group:             (none)
  Path Type:              Removal (Min at Fast Process Corner)
  Data Path Delay:        1.647ns  (logic 0.045ns (2.732%)  route 1.602ns (97.268%))
  Logic Levels:           1  (LUT2=1)
  Clock Uncertainty:      0.430ns  ((TSJ^2 + DJ^2)^1/2) / 2 + PE
    Total System Jitter     (TSJ):    0.050ns
    Discrete Jitter          (DJ):    0.333ns
    Phase Error              (PE):    0.262ns

    Location             Delay type                Incr(ns)  Path(ns)    Netlist Resource(s)
  -------------------------------------------------------------------    -------------------
    PLLE2_ADV_X0Y0       PLLE2_ADV                    0.000     0.000 r  clk_wiz_inst/inst/plle2_adv_inst/LOCKED
                         net (fo=1, routed)           1.326     1.326    u_game_logic/locked
    SLICE_X80Y58         LUT2 (Prop_lut2_I0_O)        0.045     1.371 f  u_game_logic/cnt_h[11]_i_2/O
                         net (fo=322, routed)         0.277     1.647    u_game_logic/sys_rst_n
    SLICE_X83Y60         FDCE                                         f  u_game_logic/tetris_map_reg[14][6]/CLR
  -------------------------------------------------------------------    -------------------

                         (clock clk_out1_clk_wiz_0 rise edge)
                                                      0.000     0.000 r  
    Y9                                                0.000     0.000 r  sys_clk (IN)
                         net (fo=0)                   0.000     0.000    clk_wiz_inst/inst/clk_in1
    Y9                   IBUF (Prop_ibuf_I_O)         0.446     0.446 r  clk_wiz_inst/inst/clkin1_ibufg/O
                         net (fo=1, routed)           0.481     0.927    clk_wiz_inst/inst/clk_in1_clk_wiz_0
    PLLE2_ADV_X0Y0       PLLE2_ADV (Prop_plle2_adv_CLKIN1_CLKOUT0)
                                                     -2.700    -1.773 r  clk_wiz_inst/inst/plle2_adv_inst/CLKOUT0
                         net (fo=1, routed)           0.580    -1.193    clk_wiz_inst/inst/clk_out1_clk_wiz_0
    BUFGCTRL_X0Y0        BUFG (Prop_bufg_I_O)         0.029    -1.164 r  clk_wiz_inst/inst/clkout1_buf/O
                         net (fo=329, routed)         0.852    -0.312    u_game_logic/clk_out1
    SLICE_X83Y60         FDCE                                         r  u_game_logic/tetris_map_reg[14][6]/C

Slack:                    inf
  Source:                 clk_wiz_inst/inst/plle2_adv_inst/LOCKED
                            (internal pin)
  Destination:            u_game_logic/tetris_map_reg[16][0]/CLR
                            (removal check against rising-edge clock clk_out1_clk_wiz_0  {rise@0.000ns fall@15.152ns period=30.303ns})
  Path Group:             (none)
  Path Type:              Removal (Min at Fast Process Corner)
  Data Path Delay:        1.647ns  (logic 0.045ns (2.732%)  route 1.602ns (97.268%))
  Logic Levels:           1  (LUT2=1)
  Clock Uncertainty:      0.430ns  ((TSJ^2 + DJ^2)^1/2) / 2 + PE
    Total System Jitter     (TSJ):    0.050ns
    Discrete Jitter          (DJ):    0.333ns
    Phase Error              (PE):    0.262ns

    Location             Delay type                Incr(ns)  Path(ns)    Netlist Resource(s)
  -------------------------------------------------------------------    -------------------
    PLLE2_ADV_X0Y0       PLLE2_ADV                    0.000     0.000 r  clk_wiz_inst/inst/plle2_adv_inst/LOCKED
                         net (fo=1, routed)           1.326     1.326    u_game_logic/locked
    SLICE_X80Y58         LUT2 (Prop_lut2_I0_O)        0.045     1.371 f  u_game_logic/cnt_h[11]_i_2/O
                         net (fo=322, routed)         0.277     1.647    u_game_logic/sys_rst_n
    SLICE_X82Y60         FDCE                                         f  u_game_logic/tetris_map_reg[16][0]/CLR
  -------------------------------------------------------------------    -------------------

                         (clock clk_out1_clk_wiz_0 rise edge)
                                                      0.000     0.000 r  
    Y9                                                0.000     0.000 r  sys_clk (IN)
                         net (fo=0)                   0.000     0.000    clk_wiz_inst/inst/clk_in1
    Y9                   IBUF (Prop_ibuf_I_O)         0.446     0.446 r  clk_wiz_inst/inst/clkin1_ibufg/O
                         net (fo=1, routed)           0.481     0.927    clk_wiz_inst/inst/clk_in1_clk_wiz_0
    PLLE2_ADV_X0Y0       PLLE2_ADV (Prop_plle2_adv_CLKIN1_CLKOUT0)
                                                     -2.700    -1.773 r  clk_wiz_inst/inst/plle2_adv_inst/CLKOUT0
                         net (fo=1, routed)           0.580    -1.193    clk_wiz_inst/inst/clk_out1_clk_wiz_0
    BUFGCTRL_X0Y0        BUFG (Prop_bufg_I_O)         0.029    -1.164 r  clk_wiz_inst/inst/clkout1_buf/O
                         net (fo=329, routed)         0.852    -0.312    u_game_logic/clk_out1
    SLICE_X82Y60         FDCE                                         r  u_game_logic/tetris_map_reg[16][0]/C

Slack:                    inf
  Source:                 clk_wiz_inst/inst/plle2_adv_inst/LOCKED
                            (internal pin)
  Destination:            u_game_logic/tetris_map_reg[14][4]/CLR
                            (removal check against rising-edge clock clk_out1_clk_wiz_0  {rise@0.000ns fall@15.152ns period=30.303ns})
  Path Group:             (none)
  Path Type:              Removal (Min at Fast Process Corner)
  Data Path Delay:        1.718ns  (logic 0.045ns (2.619%)  route 1.673ns (97.381%))
  Logic Levels:           1  (LUT2=1)
  Clock Uncertainty:      0.430ns  ((TSJ^2 + DJ^2)^1/2) / 2 + PE
    Total System Jitter     (TSJ):    0.050ns
    Discrete Jitter          (DJ):    0.333ns
    Phase Error              (PE):    0.262ns

    Location             Delay type                Incr(ns)  Path(ns)    Netlist Resource(s)
  -------------------------------------------------------------------    -------------------
    PLLE2_ADV_X0Y0       PLLE2_ADV                    0.000     0.000 r  clk_wiz_inst/inst/plle2_adv_inst/LOCKED
                         net (fo=1, routed)           1.326     1.326    u_game_logic/locked
    SLICE_X80Y58         LUT2 (Prop_lut2_I0_O)        0.045     1.371 f  u_game_logic/cnt_h[11]_i_2/O
                         net (fo=322, routed)         0.347     1.718    u_game_logic/sys_rst_n
    SLICE_X83Y61         FDCE                                         f  u_game_logic/tetris_map_reg[14][4]/CLR
  -------------------------------------------------------------------    -------------------

                         (clock clk_out1_clk_wiz_0 rise edge)
                                                      0.000     0.000 r  
    Y9                                                0.000     0.000 r  sys_clk (IN)
                         net (fo=0)                   0.000     0.000    clk_wiz_inst/inst/clk_in1
    Y9                   IBUF (Prop_ibuf_I_O)         0.446     0.446 r  clk_wiz_inst/inst/clkin1_ibufg/O
                         net (fo=1, routed)           0.481     0.927    clk_wiz_inst/inst/clk_in1_clk_wiz_0
    PLLE2_ADV_X0Y0       PLLE2_ADV (Prop_plle2_adv_CLKIN1_CLKOUT0)
                                                     -2.700    -1.773 r  clk_wiz_inst/inst/plle2_adv_inst/CLKOUT0
                         net (fo=1, routed)           0.580    -1.193    clk_wiz_inst/inst/clk_out1_clk_wiz_0
    BUFGCTRL_X0Y0        BUFG (Prop_bufg_I_O)         0.029    -1.164 r  clk_wiz_inst/inst/clkout1_buf/O
                         net (fo=329, routed)         0.852    -0.312    u_game_logic/clk_out1
    SLICE_X83Y61         FDCE                                         r  u_game_logic/tetris_map_reg[14][4]/C





