Copyright 1986-2022 Xilinx, Inc. All Rights Reserved. Copyright 2022-2023 Advanced Micro Devices, Inc. All Rights Reserved.
------------------------------------------------------------------------------------------------------------------------------------------------------------------------------------------------------------------------------------
| Tool Version : Vivado v.2023.2 (win64) Build 4029153 Fri Oct 13 20:14:34 MDT 2023
| Date         : Mon May 18 12:51:52 2026
| Host         : DESKTOP-O1S0IG8 running 64-bit major release  (build 9200)
| Command      : report_timing_summary -max_paths 10 -report_unconstrained -file score_display_timing_summary_routed.rpt -pb score_display_timing_summary_routed.pb -rpx score_display_timing_summary_routed.rpx -warn_on_violation
| Design       : score_display
| Device       : 7z020-clg484
| Speed File   : -1  PRODUCTION 1.12 2019-11-22
| Design State : Routed
------------------------------------------------------------------------------------------------------------------------------------------------------------------------------------------------------------------------------------

Timing Summary Report

------------------------------------------------------------------------------------------------
| Timer Settings
| --------------
------------------------------------------------------------------------------------------------

  Enable Multi Corner Analysis               :  Yes
  Enable Pessimism Removal                   :  Yes
  Pessimism Removal Resolution               :  Nearest Common Node
  Enable Input Delay Default Clock           :  No
  Enable Preset / Clear Arcs                 :  No
  Disable Flight Delays                      :  No
  Ignore I/O Paths                           :  No
  Timing Early Launch at Borrowing Latches   :  No
  Borrow Time for Max Delay Exceptions       :  Yes
  Merge Timing Exceptions                    :  Yes
  Inter-SLR Compensation                     :  Conservative

  Corner  Analyze    Analyze    
  Name    Max Paths  Min Paths  
  ------  ---------  ---------  
  Slow    Yes        Yes        
  Fast    Yes        Yes        


------------------------------------------------------------------------------------------------
| Report Methodology
| ------------------
------------------------------------------------------------------------------------------------

Rule     Severity  Description                   Violations  
-------  --------  ----------------------------  ----------  
LUTAR-1  Warning   LUT drives async reset alert  1           

Note: This report is based on the most recent report_methodology run and may not be up-to-date. Run report_methodology on the current design for the latest report.



check_timing report

Table of Contents
-----------------
1. checking no_clock (0)
2. checking constant_clock (0)
3. checking pulse_width_clock (0)
4. checking unconstrained_internal_endpoints (0)
5. checking no_input_delay (1)
6. checking no_output_delay (20)
7. checking multiple_clock (0)
8. checking generated_clocks (0)
9. checking loops (0)
10. checking partial_input_delay (0)
11. checking partial_output_delay (0)
12. checking latch_loops (0)

1. checking no_clock (0)
------------------------
 There are 0 register/latch pins with no clock.


2. checking constant_clock (0)
------------------------------
 There are 0 register/latch pins with constant_clock.


3. checking pulse_width_clock (0)
---------------------------------
 There are 0 register/latch pins which need pulse_width check


4. checking unconstrained_internal_endpoints (0)
------------------------------------------------
 There are 0 pins that are not constrained for maximum delay.

 There are 0 pins that are not constrained for maximum delay due to constant clock.


5. checking no_input_delay (1)
------------------------------
 There is 1 input port with no input delay specified. (HIGH)

 There are 0 input ports with no input delay but user has a false path constraint.


6. checking no_output_delay (20)
--------------------------------
 There are 20 ports with no output delay specified. (HIGH)

 There are 0 ports with no output delay but user has a false path constraint

 There are 0 ports with no output delay but with a timing clock defined on it or propagating through it


7. checking multiple_clock (0)
------------------------------
 There are 0 register/latch pins with multiple clocks.


8. checking generated_clocks (0)
--------------------------------
 There are 0 generated clocks that are not connected to a clock source.


9. checking loops (0)
---------------------
 There are 0 combinational loops in the design.


10. checking partial_input_delay (0)
------------------------------------
 There are 0 input ports with partial input delay specified.


11. checking partial_output_delay (0)
-------------------------------------
 There are 0 ports with partial output delay specified.


12. checking latch_loops (0)
----------------------------
 There are 0 combinational latch loops in the design through latch input



------------------------------------------------------------------------------------------------
| Design Timing Summary
| ---------------------
------------------------------------------------------------------------------------------------

    WNS(ns)      TNS(ns)  TNS Failing Endpoints  TNS Total Endpoints      WHS(ns)      THS(ns)  THS Failing Endpoints  THS Total Endpoints     WPWS(ns)     TPWS(ns)  TPWS Failing Endpoints  TPWS Total Endpoints  
    -------      -------  ---------------------  -------------------      -------      -------  ---------------------  -------------------     --------     --------  ----------------------  --------------------  
     12.829        0.000                      0                   89        0.206        0.000                      0                   89        3.000        0.000                       0                    71  


All user specified timing constraints are met.


------------------------------------------------------------------------------------------------
| Clock Summary
| -------------
------------------------------------------------------------------------------------------------

Clock                 Waveform(ns)       Period(ns)      Frequency(MHz)
-----                 ------------       ----------      --------------
sys_clk               {0.000 5.000}      10.000          100.000         
  clk_out1_clk_wiz_0  {0.000 15.152}     30.303          33.000          
  clkfbout_clk_wiz_0  {0.000 20.000}     40.000          25.000          


------------------------------------------------------------------------------------------------
| Intra Clock Table
| -----------------
------------------------------------------------------------------------------------------------

Clock                     WNS(ns)      TNS(ns)  TNS Failing Endpoints  TNS Total Endpoints      WHS(ns)      THS(ns)  THS Failing Endpoints  THS Total Endpoints     WPWS(ns)     TPWS(ns)  TPWS Failing Endpoints  TPWS Total Endpoints  
-----                     -------      -------  ---------------------  -------------------      -------      -------  ---------------------  -------------------     --------     --------  ----------------------  --------------------  
sys_clk                                                                                                                                                                 3.000        0.000                       0                     1  
  clk_out1_clk_wiz_0       12.829        0.000                      0                   89        0.206        0.000                      0                   89       14.652        0.000                       0                    67  
  clkfbout_clk_wiz_0                                                                                                                                                   12.633        0.000                       0                     3  


------------------------------------------------------------------------------------------------
| Inter Clock Table
| -----------------
------------------------------------------------------------------------------------------------

From Clock    To Clock          WNS(ns)      TNS(ns)  TNS Failing Endpoints  TNS Total Endpoints      WHS(ns)      THS(ns)  THS Failing Endpoints  THS Total Endpoints  
----------    --------          -------      -------  ---------------------  -------------------      -------      -------  ---------------------  -------------------  


------------------------------------------------------------------------------------------------
| Other Path Groups Table
| -----------------------
------------------------------------------------------------------------------------------------

Path Group    From Clock    To Clock          WNS(ns)      TNS(ns)  TNS Failing Endpoints  TNS Total Endpoints      WHS(ns)      THS(ns)  THS Failing Endpoints  THS Total Endpoints  
----------    ----------    --------          -------      -------  ---------------------  -------------------      -------      -------  ---------------------  -------------------  


------------------------------------------------------------------------------------------------
| User Ignored Path Table
| -----------------------
------------------------------------------------------------------------------------------------

Path Group    From Clock    To Clock    
----------    ----------    --------    


------------------------------------------------------------------------------------------------
| Unconstrained Path Table
| ------------------------
------------------------------------------------------------------------------------------------

Path Group          From Clock          To Clock          
----------          ----------          --------          
(none)              clk_out1_clk_wiz_0                      
(none)              clkfbout_clk_wiz_0                      
(none)                                  clk_out1_clk_wiz_0  


------------------------------------------------------------------------------------------------
| Timing Details
| --------------
------------------------------------------------------------------------------------------------


---------------------------------------------------------------------------------------------------
From Clock:  sys_clk
  To Clock:  sys_clk

Setup :           NA  Failing Endpoints,  Worst Slack           NA  ,  Total Violation           NA
Hold  :           NA  Failing Endpoints,  Worst Slack           NA  ,  Total Violation           NA
PW    :            0  Failing Endpoints,  Worst Slack        3.000ns,  Total Violation        0.000ns
---------------------------------------------------------------------------------------------------


Pulse Width Checks
--------------------------------------------------------------------------------------
Clock Name:         sys_clk
Waveform(ns):       { 0.000 5.000 }
Period(ns):         10.000
Sources:            { sys_clk }

Check Type        Corner  Lib Pin           Reference Pin  Required(ns)  Actual(ns)  Slack(ns)  Location        Pin
Min Period        n/a     PLLE2_ADV/CLKIN1  n/a            1.249         10.000      8.751      PLLE2_ADV_X0Y0  clk_wiz_0_inst/inst/plle2_adv_inst/CLKIN1
Max Period        n/a     PLLE2_ADV/CLKIN1  n/a            52.633        10.000      42.633     PLLE2_ADV_X0Y0  clk_wiz_0_inst/inst/plle2_adv_inst/CLKIN1
Low Pulse Width   Slow    PLLE2_ADV/CLKIN1  n/a            2.000         5.000       3.000      PLLE2_ADV_X0Y0  clk_wiz_0_inst/inst/plle2_adv_inst/CLKIN1
Low Pulse Width   Fast    PLLE2_ADV/CLKIN1  n/a            2.000         5.000       3.000      PLLE2_ADV_X0Y0  clk_wiz_0_inst/inst/plle2_adv_inst/CLKIN1
High Pulse Width  Slow    PLLE2_ADV/CLKIN1  n/a            2.000         5.000       3.000      PLLE2_ADV_X0Y0  clk_wiz_0_inst/inst/plle2_adv_inst/CLKIN1
High Pulse Width  Fast    PLLE2_ADV/CLKIN1  n/a            2.000         5.000       3.000      PLLE2_ADV_X0Y0  clk_wiz_0_inst/inst/plle2_adv_inst/CLKIN1



---------------------------------------------------------------------------------------------------
From Clock:  clk_out1_clk_wiz_0
  To Clock:  clk_out1_clk_wiz_0

Setup :            0  Failing Endpoints,  Worst Slack       12.829ns,  Total Violation        0.000ns
Hold  :            0  Failing Endpoints,  Worst Slack        0.206ns,  Total Violation        0.000ns
PW    :            0  Failing Endpoints,  Worst Slack       14.652ns,  Total Violation        0.000ns
---------------------------------------------------------------------------------------------------


Max Delay Paths
--------------------------------------------------------------------------------------
Slack (MET) :             12.829ns  (required time - arrival time)
  Source:                 score_pic_inst/score_reg[5]/C
                            (rising edge-triggered cell FDCE clocked by clk_out1_clk_wiz_0  {rise@0.000ns fall@15.152ns period=30.303ns})
  Destination:            score_pic_inst/pix_data_reg[11]/D
                            (rising edge-triggered cell FDCE clocked by clk_out1_clk_wiz_0  {rise@0.000ns fall@15.152ns period=30.303ns})
  Path Group:             clk_out1_clk_wiz_0
  Path Type:              Setup (Max at Slow Process Corner)
  Requirement:            30.303ns  (clk_out1_clk_wiz_0 rise@30.303ns - clk_out1_clk_wiz_0 rise@0.000ns)
  Data Path Delay:        17.340ns  (logic 7.415ns (42.764%)  route 9.925ns (57.236%))
  Logic Levels:           22  (CARRY4=11 LUT2=2 LUT3=2 LUT4=3 LUT5=1 LUT6=3)
  Clock Path Skew:        0.007ns (DCD - SCD + CPR)
    Destination Clock Delay (DCD):    -1.732ns = ( 28.571 - 30.303 ) 
    Source Clock Delay      (SCD):    -2.253ns
    Clock Pessimism Removal (CPR):    -0.514ns
  Clock Uncertainty:      0.170ns  ((TSJ^2 + DJ^2)^1/2) / 2 + PE
    Total System Jitter     (TSJ):    0.071ns
    Discrete Jitter          (DJ):    0.333ns
    Phase Error              (PE):    0.000ns

    Location             Delay type                Incr(ns)  Path(ns)    Netlist Resource(s)
  -------------------------------------------------------------------    -------------------
                         (clock clk_out1_clk_wiz_0 rise edge)
                                                      0.000     0.000 r  
    Y9                                                0.000     0.000 r  sys_clk (IN)
                         net (fo=0)                   0.000     0.000    clk_wiz_0_inst/inst/clk_in1
    Y9                   IBUF (Prop_ibuf_I_O)         1.490     1.490 r  clk_wiz_0_inst/inst/clkin1_ibufg/O
                         net (fo=1, routed)           1.306     2.796    clk_wiz_0_inst/inst/clk_in1_clk_wiz_0
    PLLE2_ADV_X0Y0       PLLE2_ADV (Prop_plle2_adv_CLKIN1_CLKOUT0)
                                                     -8.866    -6.070 r  clk_wiz_0_inst/inst/plle2_adv_inst/CLKOUT0
                         net (fo=1, routed)           1.849    -4.221    clk_wiz_0_inst/inst/clk_out1_clk_wiz_0
    BUFGCTRL_X0Y0        BUFG (Prop_bufg_I_O)         0.101    -4.120 r  clk_wiz_0_inst/inst/clkout1_buf/O
                         net (fo=66, routed)          1.867    -2.253    score_pic_inst/clk_out1
    SLICE_X108Y97        FDCE                                         r  score_pic_inst/score_reg[5]/C
  -------------------------------------------------------------------    -------------------
    SLICE_X108Y97        FDCE (Prop_fdce_C_Q)         0.518    -1.735 r  score_pic_inst/score_reg[5]/Q
                         net (fo=32, routed)          1.084    -0.651    score_pic_inst/score_reg_n_0_[5]
    SLICE_X105Y92        CARRY4 (Prop_carry4_S[0]_CO[3])
                                                      0.656     0.005 r  score_pic_inst/d20_carry/CO[3]
                         net (fo=1, routed)           0.000     0.005    score_pic_inst/d20_carry_n_0
    SLICE_X105Y93        CARRY4 (Prop_carry4_CI_CO[3])
                                                      0.114     0.119 r  score_pic_inst/d20_carry__0/CO[3]
                         net (fo=1, routed)           0.000     0.119    score_pic_inst/d20_carry__0_n_0
    SLICE_X105Y94        CARRY4 (Prop_carry4_CI_CO[3])
                                                      0.114     0.233 r  score_pic_inst/d20_carry__1/CO[3]
                         net (fo=1, routed)           0.000     0.233    score_pic_inst/d20_carry__1_n_0
    SLICE_X105Y95        CARRY4 (Prop_carry4_CI_O[2])
                                                      0.239     0.472 r  score_pic_inst/d20_carry__2/O[2]
                         net (fo=6, routed)           0.981     1.454    score_pic_inst/d20_carry__2_n_5
    SLICE_X105Y97        LUT4 (Prop_lut4_I2_O)        0.302     1.756 r  score_pic_inst/d20__19_carry_i_6/O
                         net (fo=1, routed)           0.000     1.756    score_pic_inst/d20__19_carry_i_6_n_0
    SLICE_X105Y97        CARRY4 (Prop_carry4_S[1]_O[2])
                                                      0.580     2.336 r  score_pic_inst/d20__19_carry/O[2]
                         net (fo=3, routed)           0.822     3.158    score_pic_inst/d20__19_carry_n_5
    SLICE_X104Y98        LUT4 (Prop_lut4_I1_O)        0.302     3.460 r  score_pic_inst/d20__35_carry_i_5/O
                         net (fo=1, routed)           0.000     3.460    score_pic_inst/d20__35_carry_i_5_n_0
    SLICE_X104Y98        CARRY4 (Prop_carry4_S[1]_O[2])
                                                      0.578     4.038 r  score_pic_inst/d20__35_carry/O[2]
                         net (fo=1, routed)           0.459     4.497    score_pic_inst/d20__35_carry_n_5
    SLICE_X103Y99        LUT2 (Prop_lut2_I1_O)        0.301     4.798 r  score_pic_inst/d20__44_carry__1_i_2/O
                         net (fo=1, routed)           0.000     4.798    score_pic_inst/d20__44_carry__1_i_2_n_0
    SLICE_X103Y99        CARRY4 (Prop_carry4_S[1]_O[2])
                                                      0.580     5.378 f  score_pic_inst/d20__44_carry__1/O[2]
                         net (fo=6, routed)           0.819     6.197    score_pic_inst/d20__44_carry__1_n_5
    SLICE_X103Y102       LUT3 (Prop_lut3_I0_O)        0.328     6.525 r  score_pic_inst/d2_carry_i_5/O
                         net (fo=14, routed)          0.349     6.874    score_pic_inst/d2_carry_i_5_n_0
    SLICE_X103Y100       LUT3 (Prop_lut3_I2_O)        0.326     7.200 r  score_pic_inst/d2_carry_i_6/O
                         net (fo=3, routed)           0.678     7.878    score_pic_inst/d20[4]
    SLICE_X102Y100       LUT2 (Prop_lut2_I0_O)        0.124     8.002 r  score_pic_inst/d2_carry_i_2/O
                         net (fo=1, routed)           0.000     8.002    score_pic_inst/d2_carry_i_2_n_0
    SLICE_X102Y100       CARRY4 (Prop_carry4_S[3]_CO[3])
                                                      0.376     8.378 r  score_pic_inst/d2_carry/CO[3]
                         net (fo=1, routed)           0.000     8.378    score_pic_inst/d2_carry_n_0
    SLICE_X102Y101       CARRY4 (Prop_carry4_CI_CO[3])
                                                      0.117     8.495 r  score_pic_inst/d2_carry__0/CO[3]
                         net (fo=1, routed)           0.000     8.495    score_pic_inst/d2_carry__0_n_0
    SLICE_X102Y102       CARRY4 (Prop_carry4_CI_O[1])
                                                      0.323     8.818 r  score_pic_inst/d2_carry__1/O[1]
                         net (fo=17, routed)          1.124     9.942    score_pic_inst/d2_carry__1_n_6
    SLICE_X100Y101       LUT4 (Prop_lut4_I3_O)        0.330    10.272 r  score_pic_inst/d2__22_carry__0_i_3/O
                         net (fo=1, routed)           0.625    10.897    score_pic_inst/d2__22_carry__0_i_3_n_0
    SLICE_X101Y101       CARRY4 (Prop_carry4_DI[1]_CO[3])
                                                      0.711    11.608 r  score_pic_inst/d2__22_carry__0/CO[3]
                         net (fo=7, routed)           0.827    12.435    score_pic_inst/d2__22_carry__0_n_0
    SLICE_X104Y101       LUT6 (Prop_lut6_I4_O)        0.124    12.559 r  score_pic_inst/pix_data[23]_i_64/O
                         net (fo=1, routed)           1.046    13.605    lcd_ctrl_inst/pix_data[23]_i_3_5
    SLICE_X106Y103       LUT5 (Prop_lut5_I2_O)        0.124    13.729 f  lcd_ctrl_inst/pix_data[23]_i_15/O
                         net (fo=1, routed)           0.674    14.403    lcd_ctrl_inst/pix_data[23]_i_15_n_0
    SLICE_X106Y103       LUT6 (Prop_lut6_I1_O)        0.124    14.527 f  lcd_ctrl_inst/pix_data[23]_i_3/O
                         net (fo=2, routed)           0.436    14.963    lcd_ctrl_inst/pix_data[23]_i_3_n_0
    SLICE_X109Y103       LUT6 (Prop_lut6_I4_O)        0.124    15.087 r  lcd_ctrl_inst/pix_data[11]_i_1/O
                         net (fo=1, routed)           0.000    15.087    score_pic_inst/D[0]
    SLICE_X109Y103       FDCE                                         r  score_pic_inst/pix_data_reg[11]/D
  -------------------------------------------------------------------    -------------------

                         (clock clk_out1_clk_wiz_0 rise edge)
                                                     30.303    30.303 r  
    Y9                                                0.000    30.303 r  sys_clk (IN)
                         net (fo=0)                   0.000    30.303    clk_wiz_0_inst/inst/clk_in1
    Y9                   IBUF (Prop_ibuf_I_O)         1.420    31.723 r  clk_wiz_0_inst/inst/clkin1_ibufg/O
                         net (fo=1, routed)           1.181    32.904    clk_wiz_0_inst/inst/clk_in1_clk_wiz_0
    PLLE2_ADV_X0Y0       PLLE2_ADV (Prop_plle2_adv_CLKIN1_CLKOUT0)
                                                     -7.970    24.934 r  clk_wiz_0_inst/inst/plle2_adv_inst/CLKOUT0
                         net (fo=1, routed)           1.686    26.620    clk_wiz_0_inst/inst/clk_out1_clk_wiz_0
    BUFGCTRL_X0Y0        BUFG (Prop_bufg_I_O)         0.091    26.711 r  clk_wiz_0_inst/inst/clkout1_buf/O
                         net (fo=66, routed)          1.860    28.571    score_pic_inst/clk_out1
    SLICE_X109Y103       FDCE                                         r  score_pic_inst/pix_data_reg[11]/C
                         clock pessimism             -0.514    28.058    
                         clock uncertainty           -0.170    27.887    
    SLICE_X109Y103       FDCE (Setup_fdce_C_D)        0.029    27.916    score_pic_inst/pix_data_reg[11]
  -------------------------------------------------------------------
                         required time                         27.916    
                         arrival time                         -15.087    
  -------------------------------------------------------------------
                         slack                                 12.829    

Slack (MET) :             12.834ns  (required time - arrival time)
  Source:                 score_pic_inst/score_reg[5]/C
                            (rising edge-triggered cell FDCE clocked by clk_out1_clk_wiz_0  {rise@0.000ns fall@15.152ns period=30.303ns})
  Destination:            score_pic_inst/pix_data_reg[23]/D
                            (rising edge-triggered cell FDCE clocked by clk_out1_clk_wiz_0  {rise@0.000ns fall@15.152ns period=30.303ns})
  Path Group:             clk_out1_clk_wiz_0
  Path Type:              Setup (Max at Slow Process Corner)
  Requirement:            30.303ns  (clk_out1_clk_wiz_0 rise@30.303ns - clk_out1_clk_wiz_0 rise@0.000ns)
  Data Path Delay:        17.337ns  (logic 7.415ns (42.771%)  route 9.922ns (57.229%))
  Logic Levels:           22  (CARRY4=11 LUT2=2 LUT3=2 LUT4=3 LUT5=1 LUT6=3)
  Clock Path Skew:        0.007ns (DCD - SCD + CPR)
    Destination Clock Delay (DCD):    -1.732ns = ( 28.571 - 30.303 ) 
    Source Clock Delay      (SCD):    -2.253ns
    Clock Pessimism Removal (CPR):    -0.514ns
  Clock Uncertainty:      0.170ns  ((TSJ^2 + DJ^2)^1/2) / 2 + PE
    Total System Jitter     (TSJ):    0.071ns
    Discrete Jitter          (DJ):    0.333ns
    Phase Error              (PE):    0.000ns

    Location             Delay type                Incr(ns)  Path(ns)    Netlist Resource(s)
  -------------------------------------------------------------------    -------------------
                         (clock clk_out1_clk_wiz_0 rise edge)
                                                      0.000     0.000 r  
    Y9                                                0.000     0.000 r  sys_clk (IN)
                         net (fo=0)                   0.000     0.000    clk_wiz_0_inst/inst/clk_in1
    Y9                   IBUF (Prop_ibuf_I_O)         1.490     1.490 r  clk_wiz_0_inst/inst/clkin1_ibufg/O
                         net (fo=1, routed)           1.306     2.796    clk_wiz_0_inst/inst/clk_in1_clk_wiz_0
    PLLE2_ADV_X0Y0       PLLE2_ADV (Prop_plle2_adv_CLKIN1_CLKOUT0)
                                                     -8.866    -6.070 r  clk_wiz_0_inst/inst/plle2_adv_inst/CLKOUT0
                         net (fo=1, routed)           1.849    -4.221    clk_wiz_0_inst/inst/clk_out1_clk_wiz_0
    BUFGCTRL_X0Y0        BUFG (Prop_bufg_I_O)         0.101    -4.120 r  clk_wiz_0_inst/inst/clkout1_buf/O
                         net (fo=66, routed)          1.867    -2.253    score_pic_inst/clk_out1
    SLICE_X108Y97        FDCE                                         r  score_pic_inst/score_reg[5]/C
  -------------------------------------------------------------------    -------------------
    SLICE_X108Y97        FDCE (Prop_fdce_C_Q)         0.518    -1.735 r  score_pic_inst/score_reg[5]/Q
                         net (fo=32, routed)          1.084    -0.651    score_pic_inst/score_reg_n_0_[5]
    SLICE_X105Y92        CARRY4 (Prop_carry4_S[0]_CO[3])
                                                      0.656     0.005 r  score_pic_inst/d20_carry/CO[3]
                         net (fo=1, routed)           0.000     0.005    score_pic_inst/d20_carry_n_0
    SLICE_X105Y93        CARRY4 (Prop_carry4_CI_CO[3])
                                                      0.114     0.119 r  score_pic_inst/d20_carry__0/CO[3]
                         net (fo=1, routed)           0.000     0.119    score_pic_inst/d20_carry__0_n_0
    SLICE_X105Y94        CARRY4 (Prop_carry4_CI_CO[3])
                                                      0.114     0.233 r  score_pic_inst/d20_carry__1/CO[3]
                         net (fo=1, routed)           0.000     0.233    score_pic_inst/d20_carry__1_n_0
    SLICE_X105Y95        CARRY4 (Prop_carry4_CI_O[2])
                                                      0.239     0.472 r  score_pic_inst/d20_carry__2/O[2]
                         net (fo=6, routed)           0.981     1.454    score_pic_inst/d20_carry__2_n_5
    SLICE_X105Y97        LUT4 (Prop_lut4_I2_O)        0.302     1.756 r  score_pic_inst/d20__19_carry_i_6/O
                         net (fo=1, routed)           0.000     1.756    score_pic_inst/d20__19_carry_i_6_n_0
    SLICE_X105Y97        CARRY4 (Prop_carry4_S[1]_O[2])
                                                      0.580     2.336 r  score_pic_inst/d20__19_carry/O[2]
                         net (fo=3, routed)           0.822     3.158    score_pic_inst/d20__19_carry_n_5
    SLICE_X104Y98        LUT4 (Prop_lut4_I1_O)        0.302     3.460 r  score_pic_inst/d20__35_carry_i_5/O
                         net (fo=1, routed)           0.000     3.460    score_pic_inst/d20__35_carry_i_5_n_0
    SLICE_X104Y98        CARRY4 (Prop_carry4_S[1]_O[2])
                                                      0.578     4.038 r  score_pic_inst/d20__35_carry/O[2]
                         net (fo=1, routed)           0.459     4.497    score_pic_inst/d20__35_carry_n_5
    SLICE_X103Y99        LUT2 (Prop_lut2_I1_O)        0.301     4.798 r  score_pic_inst/d20__44_carry__1_i_2/O
                         net (fo=1, routed)           0.000     4.798    score_pic_inst/d20__44_carry__1_i_2_n_0
    SLICE_X103Y99        CARRY4 (Prop_carry4_S[1]_O[2])
                                                      0.580     5.378 f  score_pic_inst/d20__44_carry__1/O[2]
                         net (fo=6, routed)           0.819     6.197    score_pic_inst/d20__44_carry__1_n_5
    SLICE_X103Y102       LUT3 (Prop_lut3_I0_O)        0.328     6.525 r  score_pic_inst/d2_carry_i_5/O
                         net (fo=14, routed)          0.349     6.874    score_pic_inst/d2_carry_i_5_n_0
    SLICE_X103Y100       LUT3 (Prop_lut3_I2_O)        0.326     7.200 r  score_pic_inst/d2_carry_i_6/O
                         net (fo=3, routed)           0.678     7.878    score_pic_inst/d20[4]
    SLICE_X102Y100       LUT2 (Prop_lut2_I0_O)        0.124     8.002 r  score_pic_inst/d2_carry_i_2/O
                         net (fo=1, routed)           0.000     8.002    score_pic_inst/d2_carry_i_2_n_0
    SLICE_X102Y100       CARRY4 (Prop_carry4_S[3]_CO[3])
                                                      0.376     8.378 r  score_pic_inst/d2_carry/CO[3]
                         net (fo=1, routed)           0.000     8.378    score_pic_inst/d2_carry_n_0
    SLICE_X102Y101       CARRY4 (Prop_carry4_CI_CO[3])
                                                      0.117     8.495 r  score_pic_inst/d2_carry__0/CO[3]
                         net (fo=1, routed)           0.000     8.495    score_pic_inst/d2_carry__0_n_0
    SLICE_X102Y102       CARRY4 (Prop_carry4_CI_O[1])
                                                      0.323     8.818 r  score_pic_inst/d2_carry__1/O[1]
                         net (fo=17, routed)          1.124     9.942    score_pic_inst/d2_carry__1_n_6
    SLICE_X100Y101       LUT4 (Prop_lut4_I3_O)        0.330    10.272 r  score_pic_inst/d2__22_carry__0_i_3/O
                         net (fo=1, routed)           0.625    10.897    score_pic_inst/d2__22_carry__0_i_3_n_0
    SLICE_X101Y101       CARRY4 (Prop_carry4_DI[1]_CO[3])
                                                      0.711    11.608 r  score_pic_inst/d2__22_carry__0/CO[3]
                         net (fo=7, routed)           0.827    12.435    score_pic_inst/d2__22_carry__0_n_0
    SLICE_X104Y101       LUT6 (Prop_lut6_I4_O)        0.124    12.559 f  score_pic_inst/pix_data[23]_i_64/O
                         net (fo=1, routed)           1.046    13.605    lcd_ctrl_inst/pix_data[23]_i_3_5
    SLICE_X106Y103       LUT5 (Prop_lut5_I2_O)        0.124    13.729 r  lcd_ctrl_inst/pix_data[23]_i_15/O
                         net (fo=1, routed)           0.674    14.403    lcd_ctrl_inst/pix_data[23]_i_15_n_0
    SLICE_X106Y103       LUT6 (Prop_lut6_I1_O)        0.124    14.527 r  lcd_ctrl_inst/pix_data[23]_i_3/O
                         net (fo=2, routed)           0.433    14.960    lcd_ctrl_inst/pix_data[23]_i_3_n_0
    SLICE_X109Y103       LUT6 (Prop_lut6_I1_O)        0.124    15.084 r  lcd_ctrl_inst/pix_data[23]_i_1/O
                         net (fo=1, routed)           0.000    15.084    score_pic_inst/D[2]
    SLICE_X109Y103       FDCE                                         r  score_pic_inst/pix_data_reg[23]/D
  -------------------------------------------------------------------    -------------------

                         (clock clk_out1_clk_wiz_0 rise edge)
                                                     30.303    30.303 r  
    Y9                                                0.000    30.303 r  sys_clk (IN)
                         net (fo=0)                   0.000    30.303    clk_wiz_0_inst/inst/clk_in1
    Y9                   IBUF (Prop_ibuf_I_O)         1.420    31.723 r  clk_wiz_0_inst/inst/clkin1_ibufg/O
                         net (fo=1, routed)           1.181    32.904    clk_wiz_0_inst/inst/clk_in1_clk_wiz_0
    PLLE2_ADV_X0Y0       PLLE2_ADV (Prop_plle2_adv_CLKIN1_CLKOUT0)
                                                     -7.970    24.934 r  clk_wiz_0_inst/inst/plle2_adv_inst/CLKOUT0
                         net (fo=1, routed)           1.686    26.620    clk_wiz_0_inst/inst/clk_out1_clk_wiz_0
    BUFGCTRL_X0Y0        BUFG (Prop_bufg_I_O)         0.091    26.711 r  clk_wiz_0_inst/inst/clkout1_buf/O
                         net (fo=66, routed)          1.860    28.571    score_pic_inst/clk_out1
    SLICE_X109Y103       FDCE                                         r  score_pic_inst/pix_data_reg[23]/C
                         clock pessimism             -0.514    28.058    
                         clock uncertainty           -0.170    27.887    
    SLICE_X109Y103       FDCE (Setup_fdce_C_D)        0.031    27.918    score_pic_inst/pix_data_reg[23]
  -------------------------------------------------------------------
                         required time                         27.918    
                         arrival time                         -15.084    
  -------------------------------------------------------------------
                         slack                                 12.834    

Slack (MET) :             23.480ns  (required time - arrival time)
  Source:                 score_pic_inst/clk_cnt_reg[12]/C
                            (rising edge-triggered cell FDCE clocked by clk_out1_clk_wiz_0  {rise@0.000ns fall@15.152ns period=30.303ns})
  Destination:            score_pic_inst/score_reg[1]/CE
                            (rising edge-triggered cell FDCE clocked by clk_out1_clk_wiz_0  {rise@0.000ns fall@15.152ns period=30.303ns})
  Path Group:             clk_out1_clk_wiz_0
  Path Type:              Setup (Max at Slow Process Corner)
  Requirement:            30.303ns  (clk_out1_clk_wiz_0 rise@30.303ns - clk_out1_clk_wiz_0 rise@0.000ns)
  Data Path Delay:        6.498ns  (logic 1.145ns (17.620%)  route 5.353ns (82.380%))
  Logic Levels:           4  (LUT4=1 LUT5=2 LUT6=1)
  Clock Path Skew:        0.015ns (DCD - SCD + CPR)
    Destination Clock Delay (DCD):    -1.906ns = ( 28.397 - 30.303 ) 
    Source Clock Delay      (SCD):    -2.335ns
    Clock Pessimism Removal (CPR):    -0.414ns
  Clock Uncertainty:      0.170ns  ((TSJ^2 + DJ^2)^1/2) / 2 + PE
    Total System Jitter     (TSJ):    0.071ns
    Discrete Jitter          (DJ):    0.333ns
    Phase Error              (PE):    0.000ns

    Location             Delay type                Incr(ns)  Path(ns)    Netlist Resource(s)
  -------------------------------------------------------------------    -------------------
                         (clock clk_out1_clk_wiz_0 rise edge)
                                                      0.000     0.000 r  
    Y9                                                0.000     0.000 r  sys_clk (IN)
                         net (fo=0)                   0.000     0.000    clk_wiz_0_inst/inst/clk_in1
    Y9                   IBUF (Prop_ibuf_I_O)         1.490     1.490 r  clk_wiz_0_inst/inst/clkin1_ibufg/O
                         net (fo=1, routed)           1.306     2.796    clk_wiz_0_inst/inst/clk_in1_clk_wiz_0
    PLLE2_ADV_X0Y0       PLLE2_ADV (Prop_plle2_adv_CLKIN1_CLKOUT0)
                                                     -8.866    -6.070 r  clk_wiz_0_inst/inst/plle2_adv_inst/CLKOUT0
                         net (fo=1, routed)           1.849    -4.221    clk_wiz_0_inst/inst/clk_out1_clk_wiz_0
    BUFGCTRL_X0Y0        BUFG (Prop_bufg_I_O)         0.101    -4.120 r  clk_wiz_0_inst/inst/clkout1_buf/O
                         net (fo=66, routed)          1.785    -2.335    score_pic_inst/clk_out1
    SLICE_X102Y88        FDCE                                         r  score_pic_inst/clk_cnt_reg[12]/C
  -------------------------------------------------------------------    -------------------
    SLICE_X102Y88        FDCE (Prop_fdce_C_Q)         0.478    -1.857 f  score_pic_inst/clk_cnt_reg[12]/Q
                         net (fo=2, routed)           0.848    -1.009    score_pic_inst/clk_cnt_reg_n_0_[12]
    SLICE_X102Y87        LUT4 (Prop_lut4_I3_O)        0.295    -0.714 f  score_pic_inst/clk_cnt[25]_i_5/O
                         net (fo=1, routed)           0.831     0.117    score_pic_inst/clk_cnt[25]_i_5_n_0
    SLICE_X102Y88        LUT5 (Prop_lut5_I4_O)        0.124     0.241 f  score_pic_inst/clk_cnt[25]_i_3/O
                         net (fo=1, routed)           0.282     0.524    score_pic_inst/clk_cnt[25]_i_3_n_0
    SLICE_X102Y88        LUT6 (Prop_lut6_I0_O)        0.124     0.648 r  score_pic_inst/clk_cnt[25]_i_2/O
                         net (fo=26, routed)          2.479     3.127    score_pic_inst/clk_cnt[25]_i_2_n_0
    SLICE_X107Y98        LUT5 (Prop_lut5_I0_O)        0.124     3.251 r  score_pic_inst/score[13]_i_1/O
                         net (fo=14, routed)          0.913     4.164    score_pic_inst/score
    SLICE_X108Y96        FDCE                                         r  score_pic_inst/score_reg[1]/CE
  -------------------------------------------------------------------    -------------------

                         (clock clk_out1_clk_wiz_0 rise edge)
                                                     30.303    30.303 r  
    Y9                                                0.000    30.303 r  sys_clk (IN)
                         net (fo=0)                   0.000    30.303    clk_wiz_0_inst/inst/clk_in1
    Y9                   IBUF (Prop_ibuf_I_O)         1.420    31.723 r  clk_wiz_0_inst/inst/clkin1_ibufg/O
                         net (fo=1, routed)           1.181    32.904    clk_wiz_0_inst/inst/clk_in1_clk_wiz_0
    PLLE2_ADV_X0Y0       PLLE2_ADV (Prop_plle2_adv_CLKIN1_CLKOUT0)
                                                     -7.970    24.934 r  clk_wiz_0_inst/inst/plle2_adv_inst/CLKOUT0
                         net (fo=1, routed)           1.686    26.620    clk_wiz_0_inst/inst/clk_out1_clk_wiz_0
    BUFGCTRL_X0Y0        BUFG (Prop_bufg_I_O)         0.091    26.711 r  clk_wiz_0_inst/inst/clkout1_buf/O
                         net (fo=66, routed)          1.686    28.397    score_pic_inst/clk_out1
    SLICE_X108Y96        FDCE                                         r  score_pic_inst/score_reg[1]/C
                         clock pessimism             -0.414    27.983    
                         clock uncertainty           -0.170    27.813    
    SLICE_X108Y96        FDCE (Setup_fdce_C_CE)      -0.169    27.644    score_pic_inst/score_reg[1]
  -------------------------------------------------------------------
                         required time                         27.644    
                         arrival time                          -4.164    
  -------------------------------------------------------------------
                         slack                                 23.480    

Slack (MET) :             23.480ns  (required time - arrival time)
  Source:                 score_pic_inst/clk_cnt_reg[12]/C
                            (rising edge-triggered cell FDCE clocked by clk_out1_clk_wiz_0  {rise@0.000ns fall@15.152ns period=30.303ns})
  Destination:            score_pic_inst/score_reg[2]/CE
                            (rising edge-triggered cell FDCE clocked by clk_out1_clk_wiz_0  {rise@0.000ns fall@15.152ns period=30.303ns})
  Path Group:             clk_out1_clk_wiz_0
  Path Type:              Setup (Max at Slow Process Corner)
  Requirement:            30.303ns  (clk_out1_clk_wiz_0 rise@30.303ns - clk_out1_clk_wiz_0 rise@0.000ns)
  Data Path Delay:        6.498ns  (logic 1.145ns (17.620%)  route 5.353ns (82.380%))
  Logic Levels:           4  (LUT4=1 LUT5=2 LUT6=1)
  Clock Path Skew:        0.015ns (DCD - SCD + CPR)
    Destination Clock Delay (DCD):    -1.906ns = ( 28.397 - 30.303 ) 
    Source Clock Delay      (SCD):    -2.335ns
    Clock Pessimism Removal (CPR):    -0.414ns
  Clock Uncertainty:      0.170ns  ((TSJ^2 + DJ^2)^1/2) / 2 + PE
    Total System Jitter     (TSJ):    0.071ns
    Discrete Jitter          (DJ):    0.333ns
    Phase Error              (PE):    0.000ns

    Location             Delay type                Incr(ns)  Path(ns)    Netlist Resource(s)
  -------------------------------------------------------------------    -------------------
                         (clock clk_out1_clk_wiz_0 rise edge)
                                                      0.000     0.000 r  
    Y9                                                0.000     0.000 r  sys_clk (IN)
                         net (fo=0)                   0.000     0.000    clk_wiz_0_inst/inst/clk_in1
    Y9                   IBUF (Prop_ibuf_I_O)         1.490     1.490 r  clk_wiz_0_inst/inst/clkin1_ibufg/O
                         net (fo=1, routed)           1.306     2.796    clk_wiz_0_inst/inst/clk_in1_clk_wiz_0
    PLLE2_ADV_X0Y0       PLLE2_ADV (Prop_plle2_adv_CLKIN1_CLKOUT0)
                                                     -8.866    -6.070 r  clk_wiz_0_inst/inst/plle2_adv_inst/CLKOUT0
                         net (fo=1, routed)           1.849    -4.221    clk_wiz_0_inst/inst/clk_out1_clk_wiz_0
    BUFGCTRL_X0Y0        BUFG (Prop_bufg_I_O)         0.101    -4.120 r  clk_wiz_0_inst/inst/clkout1_buf/O
                         net (fo=66, routed)          1.785    -2.335    score_pic_inst/clk_out1
    SLICE_X102Y88        FDCE                                         r  score_pic_inst/clk_cnt_reg[12]/C
  -------------------------------------------------------------------    -------------------
    SLICE_X102Y88        FDCE (Prop_fdce_C_Q)         0.478    -1.857 f  score_pic_inst/clk_cnt_reg[12]/Q
                         net (fo=2, routed)           0.848    -1.009    score_pic_inst/clk_cnt_reg_n_0_[12]
    SLICE_X102Y87        LUT4 (Prop_lut4_I3_O)        0.295    -0.714 f  score_pic_inst/clk_cnt[25]_i_5/O
                         net (fo=1, routed)           0.831     0.117    score_pic_inst/clk_cnt[25]_i_5_n_0
    SLICE_X102Y88        LUT5 (Prop_lut5_I4_O)        0.124     0.241 f  score_pic_inst/clk_cnt[25]_i_3/O
                         net (fo=1, routed)           0.282     0.524    score_pic_inst/clk_cnt[25]_i_3_n_0
    SLICE_X102Y88        LUT6 (Prop_lut6_I0_O)        0.124     0.648 r  score_pic_inst/clk_cnt[25]_i_2/O
                         net (fo=26, routed)          2.479     3.127    score_pic_inst/clk_cnt[25]_i_2_n_0
    SLICE_X107Y98        LUT5 (Prop_lut5_I0_O)        0.124     3.251 r  score_pic_inst/score[13]_i_1/O
                         net (fo=14, routed)          0.913     4.164    score_pic_inst/score
    SLICE_X108Y96        FDCE                                         r  score_pic_inst/score_reg[2]/CE
  -------------------------------------------------------------------    -------------------

                         (clock clk_out1_clk_wiz_0 rise edge)
                                                     30.303    30.303 r  
    Y9                                                0.000    30.303 r  sys_clk (IN)
                         net (fo=0)                   0.000    30.303    clk_wiz_0_inst/inst/clk_in1
    Y9                   IBUF (Prop_ibuf_I_O)         1.420    31.723 r  clk_wiz_0_inst/inst/clkin1_ibufg/O
                         net (fo=1, routed)           1.181    32.904    clk_wiz_0_inst/inst/clk_in1_clk_wiz_0
    PLLE2_ADV_X0Y0       PLLE2_ADV (Prop_plle2_adv_CLKIN1_CLKOUT0)
                                                     -7.970    24.934 r  clk_wiz_0_inst/inst/plle2_adv_inst/CLKOUT0
                         net (fo=1, routed)           1.686    26.620    clk_wiz_0_inst/inst/clk_out1_clk_wiz_0
    BUFGCTRL_X0Y0        BUFG (Prop_bufg_I_O)         0.091    26.711 r  clk_wiz_0_inst/inst/clkout1_buf/O
                         net (fo=66, routed)          1.686    28.397    score_pic_inst/clk_out1
    SLICE_X108Y96        FDCE                                         r  score_pic_inst/score_reg[2]/C
                         clock pessimism             -0.414    27.983    
                         clock uncertainty           -0.170    27.813    
    SLICE_X108Y96        FDCE (Setup_fdce_C_CE)      -0.169    27.644    score_pic_inst/score_reg[2]
  -------------------------------------------------------------------
                         required time                         27.644    
                         arrival time                          -4.164    
  -------------------------------------------------------------------
                         slack                                 23.480    

Slack (MET) :             23.480ns  (required time - arrival time)
  Source:                 score_pic_inst/clk_cnt_reg[12]/C
                            (rising edge-triggered cell FDCE clocked by clk_out1_clk_wiz_0  {rise@0.000ns fall@15.152ns period=30.303ns})
  Destination:            score_pic_inst/score_reg[3]/CE
                            (rising edge-triggered cell FDCE clocked by clk_out1_clk_wiz_0  {rise@0.000ns fall@15.152ns period=30.303ns})
  Path Group:             clk_out1_clk_wiz_0
  Path Type:              Setup (Max at Slow Process Corner)
  Requirement:            30.303ns  (clk_out1_clk_wiz_0 rise@30.303ns - clk_out1_clk_wiz_0 rise@0.000ns)
  Data Path Delay:        6.498ns  (logic 1.145ns (17.620%)  route 5.353ns (82.380%))
  Logic Levels:           4  (LUT4=1 LUT5=2 LUT6=1)
  Clock Path Skew:        0.015ns (DCD - SCD + CPR)
    Destination Clock Delay (DCD):    -1.906ns = ( 28.397 - 30.303 ) 
    Source Clock Delay      (SCD):    -2.335ns
    Clock Pessimism Removal (CPR):    -0.414ns
  Clock Uncertainty:      0.170ns  ((TSJ^2 + DJ^2)^1/2) / 2 + PE
    Total System Jitter     (TSJ):    0.071ns
    Discrete Jitter          (DJ):    0.333ns
    Phase Error              (PE):    0.000ns

    Location             Delay type                Incr(ns)  Path(ns)    Netlist Resource(s)
  -------------------------------------------------------------------    -------------------
                         (clock clk_out1_clk_wiz_0 rise edge)
                                                      0.000     0.000 r  
    Y9                                                0.000     0.000 r  sys_clk (IN)
                         net (fo=0)                   0.000     0.000    clk_wiz_0_inst/inst/clk_in1
    Y9                   IBUF (Prop_ibuf_I_O)         1.490     1.490 r  clk_wiz_0_inst/inst/clkin1_ibufg/O
                         net (fo=1, routed)           1.306     2.796    clk_wiz_0_inst/inst/clk_in1_clk_wiz_0
    PLLE2_ADV_X0Y0       PLLE2_ADV (Prop_plle2_adv_CLKIN1_CLKOUT0)
                                                     -8.866    -6.070 r  clk_wiz_0_inst/inst/plle2_adv_inst/CLKOUT0
                         net (fo=1, routed)           1.849    -4.221    clk_wiz_0_inst/inst/clk_out1_clk_wiz_0
    BUFGCTRL_X0Y0        BUFG (Prop_bufg_I_O)         0.101    -4.120 r  clk_wiz_0_inst/inst/clkout1_buf/O
                         net (fo=66, routed)          1.785    -2.335    score_pic_inst/clk_out1
    SLICE_X102Y88        FDCE                                         r  score_pic_inst/clk_cnt_reg[12]/C
  -------------------------------------------------------------------    -------------------
    SLICE_X102Y88        FDCE (Prop_fdce_C_Q)         0.478    -1.857 f  score_pic_inst/clk_cnt_reg[12]/Q
                         net (fo=2, routed)           0.848    -1.009    score_pic_inst/clk_cnt_reg_n_0_[12]
    SLICE_X102Y87        LUT4 (Prop_lut4_I3_O)        0.295    -0.714 f  score_pic_inst/clk_cnt[25]_i_5/O
                         net (fo=1, routed)           0.831     0.117    score_pic_inst/clk_cnt[25]_i_5_n_0
    SLICE_X102Y88        LUT5 (Prop_lut5_I4_O)        0.124     0.241 f  score_pic_inst/clk_cnt[25]_i_3/O
                         net (fo=1, routed)           0.282     0.524    score_pic_inst/clk_cnt[25]_i_3_n_0
    SLICE_X102Y88        LUT6 (Prop_lut6_I0_O)        0.124     0.648 r  score_pic_inst/clk_cnt[25]_i_2/O
                         net (fo=26, routed)          2.479     3.127    score_pic_inst/clk_cnt[25]_i_2_n_0
    SLICE_X107Y98        LUT5 (Prop_lut5_I0_O)        0.124     3.251 r  score_pic_inst/score[13]_i_1/O
                         net (fo=14, routed)          0.913     4.164    score_pic_inst/score
    SLICE_X108Y96        FDCE                                         r  score_pic_inst/score_reg[3]/CE
  -------------------------------------------------------------------    -------------------

                         (clock clk_out1_clk_wiz_0 rise edge)
                                                     30.303    30.303 r  
    Y9                                                0.000    30.303 r  sys_clk (IN)
                         net (fo=0)                   0.000    30.303    clk_wiz_0_inst/inst/clk_in1
    Y9                   IBUF (Prop_ibuf_I_O)         1.420    31.723 r  clk_wiz_0_inst/inst/clkin1_ibufg/O
                         net (fo=1, routed)           1.181    32.904    clk_wiz_0_inst/inst/clk_in1_clk_wiz_0
    PLLE2_ADV_X0Y0       PLLE2_ADV (Prop_plle2_adv_CLKIN1_CLKOUT0)
                                                     -7.970    24.934 r  clk_wiz_0_inst/inst/plle2_adv_inst/CLKOUT0
                         net (fo=1, routed)           1.686    26.620    clk_wiz_0_inst/inst/clk_out1_clk_wiz_0
    BUFGCTRL_X0Y0        BUFG (Prop_bufg_I_O)         0.091    26.711 r  clk_wiz_0_inst/inst/clkout1_buf/O
                         net (fo=66, routed)          1.686    28.397    score_pic_inst/clk_out1
    SLICE_X108Y96        FDCE                                         r  score_pic_inst/score_reg[3]/C
                         clock pessimism             -0.414    27.983    
                         clock uncertainty           -0.170    27.813    
    SLICE_X108Y96        FDCE (Setup_fdce_C_CE)      -0.169    27.644    score_pic_inst/score_reg[3]
  -------------------------------------------------------------------
                         required time                         27.644    
                         arrival time                          -4.164    
  -------------------------------------------------------------------
                         slack                                 23.480    

Slack (MET) :             23.480ns  (required time - arrival time)
  Source:                 score_pic_inst/clk_cnt_reg[12]/C
                            (rising edge-triggered cell FDCE clocked by clk_out1_clk_wiz_0  {rise@0.000ns fall@15.152ns period=30.303ns})
  Destination:            score_pic_inst/score_reg[4]/CE
                            (rising edge-triggered cell FDCE clocked by clk_out1_clk_wiz_0  {rise@0.000ns fall@15.152ns period=30.303ns})
  Path Group:             clk_out1_clk_wiz_0
  Path Type:              Setup (Max at Slow Process Corner)
  Requirement:            30.303ns  (clk_out1_clk_wiz_0 rise@30.303ns - clk_out1_clk_wiz_0 rise@0.000ns)
  Data Path Delay:        6.498ns  (logic 1.145ns (17.620%)  route 5.353ns (82.380%))
  Logic Levels:           4  (LUT4=1 LUT5=2 LUT6=1)
  Clock Path Skew:        0.015ns (DCD - SCD + CPR)
    Destination Clock Delay (DCD):    -1.906ns = ( 28.397 - 30.303 ) 
    Source Clock Delay      (SCD):    -2.335ns
    Clock Pessimism Removal (CPR):    -0.414ns
  Clock Uncertainty:      0.170ns  ((TSJ^2 + DJ^2)^1/2) / 2 + PE
    Total System Jitter     (TSJ):    0.071ns
    Discrete Jitter          (DJ):    0.333ns
    Phase Error              (PE):    0.000ns

    Location             Delay type                Incr(ns)  Path(ns)    Netlist Resource(s)
  -------------------------------------------------------------------    -------------------
                         (clock clk_out1_clk_wiz_0 rise edge)
                                                      0.000     0.000 r  
    Y9                                                0.000     0.000 r  sys_clk (IN)
                         net (fo=0)                   0.000     0.000    clk_wiz_0_inst/inst/clk_in1
    Y9                   IBUF (Prop_ibuf_I_O)         1.490     1.490 r  clk_wiz_0_inst/inst/clkin1_ibufg/O
                         net (fo=1, routed)           1.306     2.796    clk_wiz_0_inst/inst/clk_in1_clk_wiz_0
    PLLE2_ADV_X0Y0       PLLE2_ADV (Prop_plle2_adv_CLKIN1_CLKOUT0)
                                                     -8.866    -6.070 r  clk_wiz_0_inst/inst/plle2_adv_inst/CLKOUT0
                         net (fo=1, routed)           1.849    -4.221    clk_wiz_0_inst/inst/clk_out1_clk_wiz_0
    BUFGCTRL_X0Y0        BUFG (Prop_bufg_I_O)         0.101    -4.120 r  clk_wiz_0_inst/inst/clkout1_buf/O
                         net (fo=66, routed)          1.785    -2.335    score_pic_inst/clk_out1
    SLICE_X102Y88        FDCE                                         r  score_pic_inst/clk_cnt_reg[12]/C
  -------------------------------------------------------------------    -------------------
    SLICE_X102Y88        FDCE (Prop_fdce_C_Q)         0.478    -1.857 f  score_pic_inst/clk_cnt_reg[12]/Q
                         net (fo=2, routed)           0.848    -1.009    score_pic_inst/clk_cnt_reg_n_0_[12]
    SLICE_X102Y87        LUT4 (Prop_lut4_I3_O)        0.295    -0.714 f  score_pic_inst/clk_cnt[25]_i_5/O
                         net (fo=1, routed)           0.831     0.117    score_pic_inst/clk_cnt[25]_i_5_n_0
    SLICE_X102Y88        LUT5 (Prop_lut5_I4_O)        0.124     0.241 f  score_pic_inst/clk_cnt[25]_i_3/O
                         net (fo=1, routed)           0.282     0.524    score_pic_inst/clk_cnt[25]_i_3_n_0
    SLICE_X102Y88        LUT6 (Prop_lut6_I0_O)        0.124     0.648 r  score_pic_inst/clk_cnt[25]_i_2/O
                         net (fo=26, routed)          2.479     3.127    score_pic_inst/clk_cnt[25]_i_2_n_0
    SLICE_X107Y98        LUT5 (Prop_lut5_I0_O)        0.124     3.251 r  score_pic_inst/score[13]_i_1/O
                         net (fo=14, routed)          0.913     4.164    score_pic_inst/score
    SLICE_X108Y96        FDCE                                         r  score_pic_inst/score_reg[4]/CE
  -------------------------------------------------------------------    -------------------

                         (clock clk_out1_clk_wiz_0 rise edge)
                                                     30.303    30.303 r  
    Y9                                                0.000    30.303 r  sys_clk (IN)
                         net (fo=0)                   0.000    30.303    clk_wiz_0_inst/inst/clk_in1
    Y9                   IBUF (Prop_ibuf_I_O)         1.420    31.723 r  clk_wiz_0_inst/inst/clkin1_ibufg/O
                         net (fo=1, routed)           1.181    32.904    clk_wiz_0_inst/inst/clk_in1_clk_wiz_0
    PLLE2_ADV_X0Y0       PLLE2_ADV (Prop_plle2_adv_CLKIN1_CLKOUT0)
                                                     -7.970    24.934 r  clk_wiz_0_inst/inst/plle2_adv_inst/CLKOUT0
                         net (fo=1, routed)           1.686    26.620    clk_wiz_0_inst/inst/clk_out1_clk_wiz_0
    BUFGCTRL_X0Y0        BUFG (Prop_bufg_I_O)         0.091    26.711 r  clk_wiz_0_inst/inst/clkout1_buf/O
                         net (fo=66, routed)          1.686    28.397    score_pic_inst/clk_out1
    SLICE_X108Y96        FDCE                                         r  score_pic_inst/score_reg[4]/C
                         clock pessimism             -0.414    27.983    
                         clock uncertainty           -0.170    27.813    
    SLICE_X108Y96        FDCE (Setup_fdce_C_CE)      -0.169    27.644    score_pic_inst/score_reg[4]
  -------------------------------------------------------------------
                         required time                         27.644    
                         arrival time                          -4.164    
  -------------------------------------------------------------------
                         slack                                 23.480    

Slack (MET) :             23.546ns  (required time - arrival time)
  Source:                 score_pic_inst/clk_cnt_reg[12]/C
                            (rising edge-triggered cell FDCE clocked by clk_out1_clk_wiz_0  {rise@0.000ns fall@15.152ns period=30.303ns})
  Destination:            score_pic_inst/score_reg[0]/CE
                            (rising edge-triggered cell FDCE clocked by clk_out1_clk_wiz_0  {rise@0.000ns fall@15.152ns period=30.303ns})
  Path Group:             clk_out1_clk_wiz_0
  Path Type:              Setup (Max at Slow Process Corner)
  Requirement:            30.303ns  (clk_out1_clk_wiz_0 rise@30.303ns - clk_out1_clk_wiz_0 rise@0.000ns)
  Data Path Delay:        6.398ns  (logic 1.145ns (17.896%)  route 5.253ns (82.104%))
  Logic Levels:           4  (LUT4=1 LUT5=2 LUT6=1)
  Clock Path Skew:        0.016ns (DCD - SCD + CPR)
    Destination Clock Delay (DCD):    -1.905ns = ( 28.398 - 30.303 ) 
    Source Clock Delay      (SCD):    -2.335ns
    Clock Pessimism Removal (CPR):    -0.414ns
  Clock Uncertainty:      0.170ns  ((TSJ^2 + DJ^2)^1/2) / 2 + PE
    Total System Jitter     (TSJ):    0.071ns
    Discrete Jitter          (DJ):    0.333ns
    Phase Error              (PE):    0.000ns

    Location             Delay type                Incr(ns)  Path(ns)    Netlist Resource(s)
  -------------------------------------------------------------------    -------------------
                         (clock clk_out1_clk_wiz_0 rise edge)
                                                      0.000     0.000 r  
    Y9                                                0.000     0.000 r  sys_clk (IN)
                         net (fo=0)                   0.000     0.000    clk_wiz_0_inst/inst/clk_in1
    Y9                   IBUF (Prop_ibuf_I_O)         1.490     1.490 r  clk_wiz_0_inst/inst/clkin1_ibufg/O
                         net (fo=1, routed)           1.306     2.796    clk_wiz_0_inst/inst/clk_in1_clk_wiz_0
    PLLE2_ADV_X0Y0       PLLE2_ADV (Prop_plle2_adv_CLKIN1_CLKOUT0)
                                                     -8.866    -6.070 r  clk_wiz_0_inst/inst/plle2_adv_inst/CLKOUT0
                         net (fo=1, routed)           1.849    -4.221    clk_wiz_0_inst/inst/clk_out1_clk_wiz_0
    BUFGCTRL_X0Y0        BUFG (Prop_bufg_I_O)         0.101    -4.120 r  clk_wiz_0_inst/inst/clkout1_buf/O
                         net (fo=66, routed)          1.785    -2.335    score_pic_inst/clk_out1
    SLICE_X102Y88        FDCE                                         r  score_pic_inst/clk_cnt_reg[12]/C
  -------------------------------------------------------------------    -------------------
    SLICE_X102Y88        FDCE (Prop_fdce_C_Q)         0.478    -1.857 f  score_pic_inst/clk_cnt_reg[12]/Q
                         net (fo=2, routed)           0.848    -1.009    score_pic_inst/clk_cnt_reg_n_0_[12]
    SLICE_X102Y87        LUT4 (Prop_lut4_I3_O)        0.295    -0.714 f  score_pic_inst/clk_cnt[25]_i_5/O
                         net (fo=1, routed)           0.831     0.117    score_pic_inst/clk_cnt[25]_i_5_n_0
    SLICE_X102Y88        LUT5 (Prop_lut5_I4_O)        0.124     0.241 f  score_pic_inst/clk_cnt[25]_i_3/O
                         net (fo=1, routed)           0.282     0.524    score_pic_inst/clk_cnt[25]_i_3_n_0
    SLICE_X102Y88        LUT6 (Prop_lut6_I0_O)        0.124     0.648 r  score_pic_inst/clk_cnt[25]_i_2/O
                         net (fo=26, routed)          2.479     3.127    score_pic_inst/clk_cnt[25]_i_2_n_0
    SLICE_X107Y98        LUT5 (Prop_lut5_I0_O)        0.124     3.251 r  score_pic_inst/score[13]_i_1/O
                         net (fo=14, routed)          0.813     4.063    score_pic_inst/score
    SLICE_X109Y98        FDCE                                         r  score_pic_inst/score_reg[0]/CE
  -------------------------------------------------------------------    -------------------

                         (clock clk_out1_clk_wiz_0 rise edge)
                                                     30.303    30.303 r  
    Y9                                                0.000    30.303 r  sys_clk (IN)
                         net (fo=0)                   0.000    30.303    clk_wiz_0_inst/inst/clk_in1
    Y9                   IBUF (Prop_ibuf_I_O)         1.420    31.723 r  clk_wiz_0_inst/inst/clkin1_ibufg/O
                         net (fo=1, routed)           1.181    32.904    clk_wiz_0_inst/inst/clk_in1_clk_wiz_0
    PLLE2_ADV_X0Y0       PLLE2_ADV (Prop_plle2_adv_CLKIN1_CLKOUT0)
                                                     -7.970    24.934 r  clk_wiz_0_inst/inst/plle2_adv_inst/CLKOUT0
                         net (fo=1, routed)           1.686    26.620    clk_wiz_0_inst/inst/clk_out1_clk_wiz_0
    BUFGCTRL_X0Y0        BUFG (Prop_bufg_I_O)         0.091    26.711 r  clk_wiz_0_inst/inst/clkout1_buf/O
                         net (fo=66, routed)          1.687    28.398    score_pic_inst/clk_out1
    SLICE_X109Y98        FDCE                                         r  score_pic_inst/score_reg[0]/C
                         clock pessimism             -0.414    27.984    
                         clock uncertainty           -0.170    27.814    
    SLICE_X109Y98        FDCE (Setup_fdce_C_CE)      -0.205    27.609    score_pic_inst/score_reg[0]
  -------------------------------------------------------------------
                         required time                         27.609    
                         arrival time                          -4.063    
  -------------------------------------------------------------------
                         slack                                 23.546    

Slack (MET) :             23.621ns  (required time - arrival time)
  Source:                 score_pic_inst/clk_cnt_reg[12]/C
                            (rising edge-triggered cell FDCE clocked by clk_out1_clk_wiz_0  {rise@0.000ns fall@15.152ns period=30.303ns})
  Destination:            score_pic_inst/score_reg[5]/CE
                            (rising edge-triggered cell FDCE clocked by clk_out1_clk_wiz_0  {rise@0.000ns fall@15.152ns period=30.303ns})
  Path Group:             clk_out1_clk_wiz_0
  Path Type:              Setup (Max at Slow Process Corner)
  Requirement:            30.303ns  (clk_out1_clk_wiz_0 rise@30.303ns - clk_out1_clk_wiz_0 rise@0.000ns)
  Data Path Delay:        6.358ns  (logic 1.145ns (18.008%)  route 5.213ns (81.993%))
  Logic Levels:           4  (LUT4=1 LUT5=2 LUT6=1)
  Clock Path Skew:        0.016ns (DCD - SCD + CPR)
    Destination Clock Delay (DCD):    -1.905ns = ( 28.398 - 30.303 ) 
    Source Clock Delay      (SCD):    -2.335ns
    Clock Pessimism Removal (CPR):    -0.414ns
  Clock Uncertainty:      0.170ns  ((TSJ^2 + DJ^2)^1/2) / 2 + PE
    Total System Jitter     (TSJ):    0.071ns
    Discrete Jitter          (DJ):    0.333ns
    Phase Error              (PE):    0.000ns

    Location             Delay type                Incr(ns)  Path(ns)    Netlist Resource(s)
  -------------------------------------------------------------------    -------------------
                         (clock clk_out1_clk_wiz_0 rise edge)
                                                      0.000     0.000 r  
    Y9                                                0.000     0.000 r  sys_clk (IN)
                         net (fo=0)                   0.000     0.000    clk_wiz_0_inst/inst/clk_in1
    Y9                   IBUF (Prop_ibuf_I_O)         1.490     1.490 r  clk_wiz_0_inst/inst/clkin1_ibufg/O
                         net (fo=1, routed)           1.306     2.796    clk_wiz_0_inst/inst/clk_in1_clk_wiz_0
    PLLE2_ADV_X0Y0       PLLE2_ADV (Prop_plle2_adv_CLKIN1_CLKOUT0)
                                                     -8.866    -6.070 r  clk_wiz_0_inst/inst/plle2_adv_inst/CLKOUT0
                         net (fo=1, routed)           1.849    -4.221    clk_wiz_0_inst/inst/clk_out1_clk_wiz_0
    BUFGCTRL_X0Y0        BUFG (Prop_bufg_I_O)         0.101    -4.120 r  clk_wiz_0_inst/inst/clkout1_buf/O
                         net (fo=66, routed)          1.785    -2.335    score_pic_inst/clk_out1
    SLICE_X102Y88        FDCE                                         r  score_pic_inst/clk_cnt_reg[12]/C
  -------------------------------------------------------------------    -------------------
    SLICE_X102Y88        FDCE (Prop_fdce_C_Q)         0.478    -1.857 f  score_pic_inst/clk_cnt_reg[12]/Q
                         net (fo=2, routed)           0.848    -1.009    score_pic_inst/clk_cnt_reg_n_0_[12]
    SLICE_X102Y87        LUT4 (Prop_lut4_I3_O)        0.295    -0.714 f  score_pic_inst/clk_cnt[25]_i_5/O
                         net (fo=1, routed)           0.831     0.117    score_pic_inst/clk_cnt[25]_i_5_n_0
    SLICE_X102Y88        LUT5 (Prop_lut5_I4_O)        0.124     0.241 f  score_pic_inst/clk_cnt[25]_i_3/O
                         net (fo=1, routed)           0.282     0.524    score_pic_inst/clk_cnt[25]_i_3_n_0
    SLICE_X102Y88        LUT6 (Prop_lut6_I0_O)        0.124     0.648 r  score_pic_inst/clk_cnt[25]_i_2/O
                         net (fo=26, routed)          2.479     3.127    score_pic_inst/clk_cnt[25]_i_2_n_0
    SLICE_X107Y98        LUT5 (Prop_lut5_I0_O)        0.124     3.251 r  score_pic_inst/score[13]_i_1/O
                         net (fo=14, routed)          0.773     4.024    score_pic_inst/score
    SLICE_X108Y97        FDCE                                         r  score_pic_inst/score_reg[5]/CE
  -------------------------------------------------------------------    -------------------

                         (clock clk_out1_clk_wiz_0 rise edge)
                                                     30.303    30.303 r  
    Y9                                                0.000    30.303 r  sys_clk (IN)
                         net (fo=0)                   0.000    30.303    clk_wiz_0_inst/inst/clk_in1
    Y9                   IBUF (Prop_ibuf_I_O)         1.420    31.723 r  clk_wiz_0_inst/inst/clkin1_ibufg/O
                         net (fo=1, routed)           1.181    32.904    clk_wiz_0_inst/inst/clk_in1_clk_wiz_0
    PLLE2_ADV_X0Y0       PLLE2_ADV (Prop_plle2_adv_CLKIN1_CLKOUT0)
                                                     -7.970    24.934 r  clk_wiz_0_inst/inst/plle2_adv_inst/CLKOUT0
                         net (fo=1, routed)           1.686    26.620    clk_wiz_0_inst/inst/clk_out1_clk_wiz_0
    BUFGCTRL_X0Y0        BUFG (Prop_bufg_I_O)         0.091    26.711 r  clk_wiz_0_inst/inst/clkout1_buf/O
                         net (fo=66, routed)          1.687    28.398    score_pic_inst/clk_out1
    SLICE_X108Y97        FDCE                                         r  score_pic_inst/score_reg[5]/C
                         clock pessimism             -0.414    27.984    
                         clock uncertainty           -0.170    27.814    
    SLICE_X108Y97        FDCE (Setup_fdce_C_CE)      -0.169    27.645    score_pic_inst/score_reg[5]
  -------------------------------------------------------------------
                         required time                         27.645    
                         arrival time                          -4.024    
  -------------------------------------------------------------------
                         slack                                 23.621    

Slack (MET) :             23.621ns  (required time - arrival time)
  Source:                 score_pic_inst/clk_cnt_reg[12]/C
                            (rising edge-triggered cell FDCE clocked by clk_out1_clk_wiz_0  {rise@0.000ns fall@15.152ns period=30.303ns})
  Destination:            score_pic_inst/score_reg[6]/CE
                            (rising edge-triggered cell FDCE clocked by clk_out1_clk_wiz_0  {rise@0.000ns fall@15.152ns period=30.303ns})
  Path Group:             clk_out1_clk_wiz_0
  Path Type:              Setup (Max at Slow Process Corner)
  Requirement:            30.303ns  (clk_out1_clk_wiz_0 rise@30.303ns - clk_out1_clk_wiz_0 rise@0.000ns)
  Data Path Delay:        6.358ns  (logic 1.145ns (18.008%)  route 5.213ns (81.993%))
  Logic Levels:           4  (LUT4=1 LUT5=2 LUT6=1)
  Clock Path Skew:        0.016ns (DCD - SCD + CPR)
    Destination Clock Delay (DCD):    -1.905ns = ( 28.398 - 30.303 ) 
    Source Clock Delay      (SCD):    -2.335ns
    Clock Pessimism Removal (CPR):    -0.414ns
  Clock Uncertainty:      0.170ns  ((TSJ^2 + DJ^2)^1/2) / 2 + PE
    Total System Jitter     (TSJ):    0.071ns
    Discrete Jitter          (DJ):    0.333ns
    Phase Error              (PE):    0.000ns

    Location             Delay type                Incr(ns)  Path(ns)    Netlist Resource(s)
  -------------------------------------------------------------------    -------------------
                         (clock clk_out1_clk_wiz_0 rise edge)
                                                      0.000     0.000 r  
    Y9                                                0.000     0.000 r  sys_clk (IN)
                         net (fo=0)                   0.000     0.000    clk_wiz_0_inst/inst/clk_in1
    Y9                   IBUF (Prop_ibuf_I_O)         1.490     1.490 r  clk_wiz_0_inst/inst/clkin1_ibufg/O
                         net (fo=1, routed)           1.306     2.796    clk_wiz_0_inst/inst/clk_in1_clk_wiz_0
    PLLE2_ADV_X0Y0       PLLE2_ADV (Prop_plle2_adv_CLKIN1_CLKOUT0)
                                                     -8.866    -6.070 r  clk_wiz_0_inst/inst/plle2_adv_inst/CLKOUT0
                         net (fo=1, routed)           1.849    -4.221    clk_wiz_0_inst/inst/clk_out1_clk_wiz_0
    BUFGCTRL_X0Y0        BUFG (Prop_bufg_I_O)         0.101    -4.120 r  clk_wiz_0_inst/inst/clkout1_buf/O
                         net (fo=66, routed)          1.785    -2.335    score_pic_inst/clk_out1
    SLICE_X102Y88        FDCE                                         r  score_pic_inst/clk_cnt_reg[12]/C
  -------------------------------------------------------------------    -------------------
    SLICE_X102Y88        FDCE (Prop_fdce_C_Q)         0.478    -1.857 f  score_pic_inst/clk_cnt_reg[12]/Q
                         net (fo=2, routed)           0.848    -1.009    score_pic_inst/clk_cnt_reg_n_0_[12]
    SLICE_X102Y87        LUT4 (Prop_lut4_I3_O)        0.295    -0.714 f  score_pic_inst/clk_cnt[25]_i_5/O
                         net (fo=1, routed)           0.831     0.117    score_pic_inst/clk_cnt[25]_i_5_n_0
    SLICE_X102Y88        LUT5 (Prop_lut5_I4_O)        0.124     0.241 f  score_pic_inst/clk_cnt[25]_i_3/O
                         net (fo=1, routed)           0.282     0.524    score_pic_inst/clk_cnt[25]_i_3_n_0
    SLICE_X102Y88        LUT6 (Prop_lut6_I0_O)        0.124     0.648 r  score_pic_inst/clk_cnt[25]_i_2/O
                         net (fo=26, routed)          2.479     3.127    score_pic_inst/clk_cnt[25]_i_2_n_0
    SLICE_X107Y98        LUT5 (Prop_lut5_I0_O)        0.124     3.251 r  score_pic_inst/score[13]_i_1/O
                         net (fo=14, routed)          0.773     4.024    score_pic_inst/score
    SLICE_X108Y97        FDCE                                         r  score_pic_inst/score_reg[6]/CE
  -------------------------------------------------------------------    -------------------

                         (clock clk_out1_clk_wiz_0 rise edge)
                                                     30.303    30.303 r  
    Y9                                                0.000    30.303 r  sys_clk (IN)
                         net (fo=0)                   0.000    30.303    clk_wiz_0_inst/inst/clk_in1
    Y9                   IBUF (Prop_ibuf_I_O)         1.420    31.723 r  clk_wiz_0_inst/inst/clkin1_ibufg/O
                         net (fo=1, routed)           1.181    32.904    clk_wiz_0_inst/inst/clk_in1_clk_wiz_0
    PLLE2_ADV_X0Y0       PLLE2_ADV (Prop_plle2_adv_CLKIN1_CLKOUT0)
                                                     -7.970    24.934 r  clk_wiz_0_inst/inst/plle2_adv_inst/CLKOUT0
                         net (fo=1, routed)           1.686    26.620    clk_wiz_0_inst/inst/clk_out1_clk_wiz_0
    BUFGCTRL_X0Y0        BUFG (Prop_bufg_I_O)         0.091    26.711 r  clk_wiz_0_inst/inst/clkout1_buf/O
                         net (fo=66, routed)          1.687    28.398    score_pic_inst/clk_out1
    SLICE_X108Y97        FDCE                                         r  score_pic_inst/score_reg[6]/C
                         clock pessimism             -0.414    27.984    
                         clock uncertainty           -0.170    27.814    
    SLICE_X108Y97        FDCE (Setup_fdce_C_CE)      -0.169    27.645    score_pic_inst/score_reg[6]
  -------------------------------------------------------------------
                         required time                         27.645    
                         arrival time                          -4.024    
  -------------------------------------------------------------------
                         slack                                 23.621    

Slack (MET) :             23.621ns  (required time - arrival time)
  Source:                 score_pic_inst/clk_cnt_reg[12]/C
                            (rising edge-triggered cell FDCE clocked by clk_out1_clk_wiz_0  {rise@0.000ns fall@15.152ns period=30.303ns})
  Destination:            score_pic_inst/score_reg[7]/CE
                            (rising edge-triggered cell FDCE clocked by clk_out1_clk_wiz_0  {rise@0.000ns fall@15.152ns period=30.303ns})
  Path Group:             clk_out1_clk_wiz_0
  Path Type:              Setup (Max at Slow Process Corner)
  Requirement:            30.303ns  (clk_out1_clk_wiz_0 rise@30.303ns - clk_out1_clk_wiz_0 rise@0.000ns)
  Data Path Delay:        6.358ns  (logic 1.145ns (18.008%)  route 5.213ns (81.993%))
  Logic Levels:           4  (LUT4=1 LUT5=2 LUT6=1)
  Clock Path Skew:        0.016ns (DCD - SCD + CPR)
    Destination Clock Delay (DCD):    -1.905ns = ( 28.398 - 30.303 ) 
    Source Clock Delay      (SCD):    -2.335ns
    Clock Pessimism Removal (CPR):    -0.414ns
  Clock Uncertainty:      0.170ns  ((TSJ^2 + DJ^2)^1/2) / 2 + PE
    Total System Jitter     (TSJ):    0.071ns
    Discrete Jitter          (DJ):    0.333ns
    Phase Error              (PE):    0.000ns

    Location             Delay type                Incr(ns)  Path(ns)    Netlist Resource(s)
  -------------------------------------------------------------------    -------------------
                         (clock clk_out1_clk_wiz_0 rise edge)
                                                      0.000     0.000 r  
    Y9                                                0.000     0.000 r  sys_clk (IN)
                         net (fo=0)                   0.000     0.000    clk_wiz_0_inst/inst/clk_in1
    Y9                   IBUF (Prop_ibuf_I_O)         1.490     1.490 r  clk_wiz_0_inst/inst/clkin1_ibufg/O
                         net (fo=1, routed)           1.306     2.796    clk_wiz_0_inst/inst/clk_in1_clk_wiz_0
    PLLE2_ADV_X0Y0       PLLE2_ADV (Prop_plle2_adv_CLKIN1_CLKOUT0)
                                                     -8.866    -6.070 r  clk_wiz_0_inst/inst/plle2_adv_inst/CLKOUT0
                         net (fo=1, routed)           1.849    -4.221    clk_wiz_0_inst/inst/clk_out1_clk_wiz_0
    BUFGCTRL_X0Y0        BUFG (Prop_bufg_I_O)         0.101    -4.120 r  clk_wiz_0_inst/inst/clkout1_buf/O
                         net (fo=66, routed)          1.785    -2.335    score_pic_inst/clk_out1
    SLICE_X102Y88        FDCE                                         r  score_pic_inst/clk_cnt_reg[12]/C
  -------------------------------------------------------------------    -------------------
    SLICE_X102Y88        FDCE (Prop_fdce_C_Q)         0.478    -1.857 f  score_pic_inst/clk_cnt_reg[12]/Q
                         net (fo=2, routed)           0.848    -1.009    score_pic_inst/clk_cnt_reg_n_0_[12]
    SLICE_X102Y87        LUT4 (Prop_lut4_I3_O)        0.295    -0.714 f  score_pic_inst/clk_cnt[25]_i_5/O
                         net (fo=1, routed)           0.831     0.117    score_pic_inst/clk_cnt[25]_i_5_n_0
    SLICE_X102Y88        LUT5 (Prop_lut5_I4_O)        0.124     0.241 f  score_pic_inst/clk_cnt[25]_i_3/O
                         net (fo=1, routed)           0.282     0.524    score_pic_inst/clk_cnt[25]_i_3_n_0
    SLICE_X102Y88        LUT6 (Prop_lut6_I0_O)        0.124     0.648 r  score_pic_inst/clk_cnt[25]_i_2/O
                         net (fo=26, routed)          2.479     3.127    score_pic_inst/clk_cnt[25]_i_2_n_0
    SLICE_X107Y98        LUT5 (Prop_lut5_I0_O)        0.124     3.251 r  score_pic_inst/score[13]_i_1/O
                         net (fo=14, routed)          0.773     4.024    score_pic_inst/score
    SLICE_X108Y97        FDCE                                         r  score_pic_inst/score_reg[7]/CE
  -------------------------------------------------------------------    -------------------

                         (clock clk_out1_clk_wiz_0 rise edge)
                                                     30.303    30.303 r  
    Y9                                                0.000    30.303 r  sys_clk (IN)
                         net (fo=0)                   0.000    30.303    clk_wiz_0_inst/inst/clk_in1
    Y9                   IBUF (Prop_ibuf_I_O)         1.420    31.723 r  clk_wiz_0_inst/inst/clkin1_ibufg/O
                         net (fo=1, routed)           1.181    32.904    clk_wiz_0_inst/inst/clk_in1_clk_wiz_0
    PLLE2_ADV_X0Y0       PLLE2_ADV (Prop_plle2_adv_CLKIN1_CLKOUT0)
                                                     -7.970    24.934 r  clk_wiz_0_inst/inst/plle2_adv_inst/CLKOUT0
                         net (fo=1, routed)           1.686    26.620    clk_wiz_0_inst/inst/clk_out1_clk_wiz_0
    BUFGCTRL_X0Y0        BUFG (Prop_bufg_I_O)         0.091    26.711 r  clk_wiz_0_inst/inst/clkout1_buf/O
                         net (fo=66, routed)          1.687    28.398    score_pic_inst/clk_out1
    SLICE_X108Y97        FDCE                                         r  score_pic_inst/score_reg[7]/C
                         clock pessimism             -0.414    27.984    
                         clock uncertainty           -0.170    27.814    
    SLICE_X108Y97        FDCE (Setup_fdce_C_CE)      -0.169    27.645    score_pic_inst/score_reg[7]
  -------------------------------------------------------------------
                         required time                         27.645    
                         arrival time                          -4.024    
  -------------------------------------------------------------------
                         slack                                 23.621    





Min Delay Paths
--------------------------------------------------------------------------------------
Slack (MET) :             0.206ns  (arrival time - required time)
  Source:                 lcd_ctrl_inst/cnt_h_reg[10]/C
                            (rising edge-triggered cell FDCE clocked by clk_out1_clk_wiz_0  {rise@0.000ns fall@15.152ns period=30.303ns})
  Destination:            lcd_ctrl_inst/cnt_h_reg[8]/D
                            (rising edge-triggered cell FDCE clocked by clk_out1_clk_wiz_0  {rise@0.000ns fall@15.152ns period=30.303ns})
  Path Group:             clk_out1_clk_wiz_0
  Path Type:              Hold (Min at Fast Process Corner)
  Requirement:            0.000ns  (clk_out1_clk_wiz_0 rise@0.000ns - clk_out1_clk_wiz_0 rise@0.000ns)
  Data Path Delay:        0.343ns  (logic 0.186ns (54.267%)  route 0.157ns (45.733%))
  Logic Levels:           1  (LUT6=1)
  Clock Path Skew:        0.016ns (DCD - SCD - CPR)
    Destination Clock Delay (DCD):    -0.168ns
    Source Clock Delay      (SCD):    -0.406ns
    Clock Pessimism Removal (CPR):    0.222ns

    Location             Delay type                Incr(ns)  Path(ns)    Netlist Resource(s)
  -------------------------------------------------------------------    -------------------
                         (clock clk_out1_clk_wiz_0 rise edge)
                                                      0.000     0.000 r  
    Y9                                                0.000     0.000 r  sys_clk (IN)
                         net (fo=0)                   0.000     0.000    clk_wiz_0_inst/inst/clk_in1
    Y9                   IBUF (Prop_ibuf_I_O)         0.258     0.258 r  clk_wiz_0_inst/inst/clkin1_ibufg/O
                         net (fo=1, routed)           0.440     0.698    clk_wiz_0_inst/inst/clk_in1_clk_wiz_0
    PLLE2_ADV_X0Y0       PLLE2_ADV (Prop_plle2_adv_CLKIN1_CLKOUT0)
                                                     -2.384    -1.685 r  clk_wiz_0_inst/inst/plle2_adv_inst/CLKOUT0
                         net (fo=1, routed)           0.533    -1.152    clk_wiz_0_inst/inst/clk_out1_clk_wiz_0
    BUFGCTRL_X0Y0        BUFG (Prop_bufg_I_O)         0.026    -1.126 r  clk_wiz_0_inst/inst/clkout1_buf/O
                         net (fo=66, routed)          0.720    -0.406    lcd_ctrl_inst/clk_out1
    SLICE_X110Y106       FDCE                                         r  lcd_ctrl_inst/cnt_h_reg[10]/C
  -------------------------------------------------------------------    -------------------
    SLICE_X110Y106       FDCE (Prop_fdce_C_Q)         0.141    -0.265 f  lcd_ctrl_inst/cnt_h_reg[10]/Q
                         net (fo=16, routed)          0.157    -0.108    lcd_ctrl_inst/cnt_h_reg_n_0_[10]
    SLICE_X112Y105       LUT6 (Prop_lut6_I2_O)        0.045    -0.063 r  lcd_ctrl_inst/cnt_h[8]_i_1/O
                         net (fo=1, routed)           0.000    -0.063    lcd_ctrl_inst/cnt_h[8]
    SLICE_X112Y105       FDCE                                         r  lcd_ctrl_inst/cnt_h_reg[8]/D
  -------------------------------------------------------------------    -------------------

                         (clock clk_out1_clk_wiz_0 rise edge)
                                                      0.000     0.000 r  
    Y9                                                0.000     0.000 r  sys_clk (IN)
                         net (fo=0)                   0.000     0.000    clk_wiz_0_inst/inst/clk_in1
    Y9                   IBUF (Prop_ibuf_I_O)         0.446     0.446 r  clk_wiz_0_inst/inst/clkin1_ibufg/O
                         net (fo=1, routed)           0.481     0.927    clk_wiz_0_inst/inst/clk_in1_clk_wiz_0
    PLLE2_ADV_X0Y0       PLLE2_ADV (Prop_plle2_adv_CLKIN1_CLKOUT0)
                                                     -2.700    -1.773 r  clk_wiz_0_inst/inst/plle2_adv_inst/CLKOUT0
                         net (fo=1, routed)           0.580    -1.193    clk_wiz_0_inst/inst/clk_out1_clk_wiz_0
    BUFGCTRL_X0Y0        BUFG (Prop_bufg_I_O)         0.029    -1.164 r  clk_wiz_0_inst/inst/clkout1_buf/O
                         net (fo=66, routed)          0.996    -0.168    lcd_ctrl_inst/clk_out1
    SLICE_X112Y105       FDCE                                         r  lcd_ctrl_inst/cnt_h_reg[8]/C
                         clock pessimism             -0.222    -0.390    
    SLICE_X112Y105       FDCE (Hold_fdce_C_D)         0.121    -0.269    lcd_ctrl_inst/cnt_h_reg[8]
  -------------------------------------------------------------------
                         required time                          0.269    
                         arrival time                          -0.063    
  -------------------------------------------------------------------
                         slack                                  0.206    

Slack (MET) :             0.209ns  (arrival time - required time)
  Source:                 lcd_ctrl_inst/cnt_h_reg[10]/C
                            (rising edge-triggered cell FDCE clocked by clk_out1_clk_wiz_0  {rise@0.000ns fall@15.152ns period=30.303ns})
  Destination:            lcd_ctrl_inst/cnt_h_reg[3]/D
                            (rising edge-triggered cell FDCE clocked by clk_out1_clk_wiz_0  {rise@0.000ns fall@15.152ns period=30.303ns})
  Path Group:             clk_out1_clk_wiz_0
  Path Type:              Hold (Min at Fast Process Corner)
  Requirement:            0.000ns  (clk_out1_clk_wiz_0 rise@0.000ns - clk_out1_clk_wiz_0 rise@0.000ns)
  Data Path Delay:        0.345ns  (logic 0.186ns (53.952%)  route 0.159ns (46.048%))
  Logic Levels:           1  (LUT6=1)
  Clock Path Skew:        0.016ns (DCD - SCD - CPR)
    Destination Clock Delay (DCD):    -0.168ns
    Source Clock Delay      (SCD):    -0.406ns
    Clock Pessimism Removal (CPR):    0.222ns

    Location             Delay type                Incr(ns)  Path(ns)    Netlist Resource(s)
  -------------------------------------------------------------------    -------------------
                         (clock clk_out1_clk_wiz_0 rise edge)
                                                      0.000     0.000 r  
    Y9                                                0.000     0.000 r  sys_clk (IN)
                         net (fo=0)                   0.000     0.000    clk_wiz_0_inst/inst/clk_in1
    Y9                   IBUF (Prop_ibuf_I_O)         0.258     0.258 r  clk_wiz_0_inst/inst/clkin1_ibufg/O
                         net (fo=1, routed)           0.440     0.698    clk_wiz_0_inst/inst/clk_in1_clk_wiz_0
    PLLE2_ADV_X0Y0       PLLE2_ADV (Prop_plle2_adv_CLKIN1_CLKOUT0)
                                                     -2.384    -1.685 r  clk_wiz_0_inst/inst/plle2_adv_inst/CLKOUT0
                         net (fo=1, routed)           0.533    -1.152    clk_wiz_0_inst/inst/clk_out1_clk_wiz_0
    BUFGCTRL_X0Y0        BUFG (Prop_bufg_I_O)         0.026    -1.126 r  clk_wiz_0_inst/inst/clkout1_buf/O
                         net (fo=66, routed)          0.720    -0.406    lcd_ctrl_inst/clk_out1
    SLICE_X110Y106       FDCE                                         r  lcd_ctrl_inst/cnt_h_reg[10]/C
  -------------------------------------------------------------------    -------------------
    SLICE_X110Y106       FDCE (Prop_fdce_C_Q)         0.141    -0.265 f  lcd_ctrl_inst/cnt_h_reg[10]/Q
                         net (fo=16, routed)          0.159    -0.106    lcd_ctrl_inst/cnt_h_reg_n_0_[10]
    SLICE_X112Y105       LUT6 (Prop_lut6_I2_O)        0.045    -0.061 r  lcd_ctrl_inst/cnt_h[3]_i_1/O
                         net (fo=1, routed)           0.000    -0.061    lcd_ctrl_inst/cnt_h[3]
    SLICE_X112Y105       FDCE                                         r  lcd_ctrl_inst/cnt_h_reg[3]/D
  -------------------------------------------------------------------    -------------------

                         (clock clk_out1_clk_wiz_0 rise edge)
                                                      0.000     0.000 r  
    Y9                                                0.000     0.000 r  sys_clk (IN)
                         net (fo=0)                   0.000     0.000    clk_wiz_0_inst/inst/clk_in1
    Y9                   IBUF (Prop_ibuf_I_O)         0.446     0.446 r  clk_wiz_0_inst/inst/clkin1_ibufg/O
                         net (fo=1, routed)           0.481     0.927    clk_wiz_0_inst/inst/clk_in1_clk_wiz_0
    PLLE2_ADV_X0Y0       PLLE2_ADV (Prop_plle2_adv_CLKIN1_CLKOUT0)
                                                     -2.700    -1.773 r  clk_wiz_0_inst/inst/plle2_adv_inst/CLKOUT0
                         net (fo=1, routed)           0.580    -1.193    clk_wiz_0_inst/inst/clk_out1_clk_wiz_0
    BUFGCTRL_X0Y0        BUFG (Prop_bufg_I_O)         0.029    -1.164 r  clk_wiz_0_inst/inst/clkout1_buf/O
                         net (fo=66, routed)          0.996    -0.168    lcd_ctrl_inst/clk_out1
    SLICE_X112Y105       FDCE                                         r  lcd_ctrl_inst/cnt_h_reg[3]/C
                         clock pessimism             -0.222    -0.390    
    SLICE_X112Y105       FDCE (Hold_fdce_C_D)         0.120    -0.270    lcd_ctrl_inst/cnt_h_reg[3]
  -------------------------------------------------------------------
                         required time                          0.270    
                         arrival time                          -0.061    
  -------------------------------------------------------------------
                         slack                                  0.209    

Slack (MET) :             0.217ns  (arrival time - required time)
  Source:                 lcd_ctrl_inst/cnt_v_reg[9]/C
                            (rising edge-triggered cell FDCE clocked by clk_out1_clk_wiz_0  {rise@0.000ns fall@15.152ns period=30.303ns})
  Destination:            lcd_ctrl_inst/cnt_v_reg[2]/D
                            (rising edge-triggered cell FDCE clocked by clk_out1_clk_wiz_0  {rise@0.000ns fall@15.152ns period=30.303ns})
  Path Group:             clk_out1_clk_wiz_0
  Path Type:              Hold (Min at Fast Process Corner)
  Requirement:            0.000ns  (clk_out1_clk_wiz_0 rise@0.000ns - clk_out1_clk_wiz_0 rise@0.000ns)
  Data Path Delay:        0.361ns  (logic 0.187ns (51.737%)  route 0.174ns (48.263%))
  Logic Levels:           1  (LUT5=1)
  Clock Path Skew:        0.013ns (DCD - SCD - CPR)
    Destination Clock Delay (DCD):    -0.198ns
    Source Clock Delay      (SCD):    -0.434ns
    Clock Pessimism Removal (CPR):    0.223ns

    Location             Delay type                Incr(ns)  Path(ns)    Netlist Resource(s)
  -------------------------------------------------------------------    -------------------
                         (clock clk_out1_clk_wiz_0 rise edge)
                                                      0.000     0.000 r  
    Y9                                                0.000     0.000 r  sys_clk (IN)
                         net (fo=0)                   0.000     0.000    clk_wiz_0_inst/inst/clk_in1
    Y9                   IBUF (Prop_ibuf_I_O)         0.258     0.258 r  clk_wiz_0_inst/inst/clkin1_ibufg/O
                         net (fo=1, routed)           0.440     0.698    clk_wiz_0_inst/inst/clk_in1_clk_wiz_0
    PLLE2_ADV_X0Y0       PLLE2_ADV (Prop_plle2_adv_CLKIN1_CLKOUT0)
                                                     -2.384    -1.685 r  clk_wiz_0_inst/inst/plle2_adv_inst/CLKOUT0
                         net (fo=1, routed)           0.533    -1.152    clk_wiz_0_inst/inst/clk_out1_clk_wiz_0
    BUFGCTRL_X0Y0        BUFG (Prop_bufg_I_O)         0.026    -1.126 r  clk_wiz_0_inst/inst/clkout1_buf/O
                         net (fo=66, routed)          0.692    -0.434    lcd_ctrl_inst/clk_out1
    SLICE_X103Y106       FDCE                                         r  lcd_ctrl_inst/cnt_v_reg[9]/C
  -------------------------------------------------------------------    -------------------
    SLICE_X103Y106       FDCE (Prop_fdce_C_Q)         0.141    -0.293 f  lcd_ctrl_inst/cnt_v_reg[9]/Q
                         net (fo=6, routed)           0.174    -0.119    lcd_ctrl_inst/cnt_v_reg_n_0_[9]
    SLICE_X102Y106       LUT5 (Prop_lut5_I0_O)        0.046    -0.073 r  lcd_ctrl_inst/cnt_v[2]_i_1/O
                         net (fo=1, routed)           0.000    -0.073    lcd_ctrl_inst/cnt_v[2]_i_1_n_0
    SLICE_X102Y106       FDCE                                         r  lcd_ctrl_inst/cnt_v_reg[2]/D
  -------------------------------------------------------------------    -------------------

                         (clock clk_out1_clk_wiz_0 rise edge)
                                                      0.000     0.000 r  
    Y9                                                0.000     0.000 r  sys_clk (IN)
                         net (fo=0)                   0.000     0.000    clk_wiz_0_inst/inst/clk_in1
    Y9                   IBUF (Prop_ibuf_I_O)         0.446     0.446 r  clk_wiz_0_inst/inst/clkin1_ibufg/O
                         net (fo=1, routed)           0.481     0.927    clk_wiz_0_inst/inst/clk_in1_clk_wiz_0
    PLLE2_ADV_X0Y0       PLLE2_ADV (Prop_plle2_adv_CLKIN1_CLKOUT0)
                                                     -2.700    -1.773 r  clk_wiz_0_inst/inst/plle2_adv_inst/CLKOUT0
                         net (fo=1, routed)           0.580    -1.193    clk_wiz_0_inst/inst/clk_out1_clk_wiz_0
    BUFGCTRL_X0Y0        BUFG (Prop_bufg_I_O)         0.029    -1.164 r  clk_wiz_0_inst/inst/clkout1_buf/O
                         net (fo=66, routed)          0.966    -0.198    lcd_ctrl_inst/clk_out1
    SLICE_X102Y106       FDCE                                         r  lcd_ctrl_inst/cnt_v_reg[2]/C
                         clock pessimism             -0.223    -0.421    
    SLICE_X102Y106       FDCE (Hold_fdce_C_D)         0.131    -0.290    lcd_ctrl_inst/cnt_v_reg[2]
  -------------------------------------------------------------------
                         required time                          0.290    
                         arrival time                          -0.073    
  -------------------------------------------------------------------
                         slack                                  0.217    

Slack (MET) :             0.225ns  (arrival time - required time)
  Source:                 lcd_ctrl_inst/cnt_v_reg[9]/C
                            (rising edge-triggered cell FDCE clocked by clk_out1_clk_wiz_0  {rise@0.000ns fall@15.152ns period=30.303ns})
  Destination:            lcd_ctrl_inst/cnt_v_reg[3]/D
                            (rising edge-triggered cell FDCE clocked by clk_out1_clk_wiz_0  {rise@0.000ns fall@15.152ns period=30.303ns})
  Path Group:             clk_out1_clk_wiz_0
  Path Type:              Hold (Min at Fast Process Corner)
  Requirement:            0.000ns  (clk_out1_clk_wiz_0 rise@0.000ns - clk_out1_clk_wiz_0 rise@0.000ns)
  Data Path Delay:        0.359ns  (logic 0.186ns (51.746%)  route 0.173ns (48.254%))
  Logic Levels:           1  (LUT6=1)
  Clock Path Skew:        0.013ns (DCD - SCD - CPR)
    Destination Clock Delay (DCD):    -0.198ns
    Source Clock Delay      (SCD):    -0.434ns
    Clock Pessimism Removal (CPR):    0.223ns

    Location             Delay type                Incr(ns)  Path(ns)    Netlist Resource(s)
  -------------------------------------------------------------------    -------------------
                         (clock clk_out1_clk_wiz_0 rise edge)
                                                      0.000     0.000 r  
    Y9                                                0.000     0.000 r  sys_clk (IN)
                         net (fo=0)                   0.000     0.000    clk_wiz_0_inst/inst/clk_in1
    Y9                   IBUF (Prop_ibuf_I_O)         0.258     0.258 r  clk_wiz_0_inst/inst/clkin1_ibufg/O
                         net (fo=1, routed)           0.440     0.698    clk_wiz_0_inst/inst/clk_in1_clk_wiz_0
    PLLE2_ADV_X0Y0       PLLE2_ADV (Prop_plle2_adv_CLKIN1_CLKOUT0)
                                                     -2.384    -1.685 r  clk_wiz_0_inst/inst/plle2_adv_inst/CLKOUT0
                         net (fo=1, routed)           0.533    -1.152    clk_wiz_0_inst/inst/clk_out1_clk_wiz_0
    BUFGCTRL_X0Y0        BUFG (Prop_bufg_I_O)         0.026    -1.126 r  clk_wiz_0_inst/inst/clkout1_buf/O
                         net (fo=66, routed)          0.692    -0.434    lcd_ctrl_inst/clk_out1
    SLICE_X103Y106       FDCE                                         r  lcd_ctrl_inst/cnt_v_reg[9]/C
  -------------------------------------------------------------------    -------------------
    SLICE_X103Y106       FDCE (Prop_fdce_C_Q)         0.141    -0.293 f  lcd_ctrl_inst/cnt_v_reg[9]/Q
                         net (fo=6, routed)           0.173    -0.120    lcd_ctrl_inst/cnt_v_reg_n_0_[9]
    SLICE_X102Y106       LUT6 (Prop_lut6_I0_O)        0.045    -0.075 r  lcd_ctrl_inst/cnt_v[3]_i_1/O
                         net (fo=1, routed)           0.000    -0.075    lcd_ctrl_inst/cnt_v[3]_i_1_n_0
    SLICE_X102Y106       FDCE                                         r  lcd_ctrl_inst/cnt_v_reg[3]/D
  -------------------------------------------------------------------    -------------------

                         (clock clk_out1_clk_wiz_0 rise edge)
                                                      0.000     0.000 r  
    Y9                                                0.000     0.000 r  sys_clk (IN)
                         net (fo=0)                   0.000     0.000    clk_wiz_0_inst/inst/clk_in1
    Y9                   IBUF (Prop_ibuf_I_O)         0.446     0.446 r  clk_wiz_0_inst/inst/clkin1_ibufg/O
                         net (fo=1, routed)           0.481     0.927    clk_wiz_0_inst/inst/clk_in1_clk_wiz_0
    PLLE2_ADV_X0Y0       PLLE2_ADV (Prop_plle2_adv_CLKIN1_CLKOUT0)
                                                     -2.700    -1.773 r  clk_wiz_0_inst/inst/plle2_adv_inst/CLKOUT0
                         net (fo=1, routed)           0.580    -1.193    clk_wiz_0_inst/inst/clk_out1_clk_wiz_0
    BUFGCTRL_X0Y0        BUFG (Prop_bufg_I_O)         0.029    -1.164 r  clk_wiz_0_inst/inst/clkout1_buf/O
                         net (fo=66, routed)          0.966    -0.198    lcd_ctrl_inst/clk_out1
    SLICE_X102Y106       FDCE                                         r  lcd_ctrl_inst/cnt_v_reg[3]/C
                         clock pessimism             -0.223    -0.421    
    SLICE_X102Y106       FDCE (Hold_fdce_C_D)         0.121    -0.300    lcd_ctrl_inst/cnt_v_reg[3]
  -------------------------------------------------------------------
                         required time                          0.300    
                         arrival time                          -0.075    
  -------------------------------------------------------------------
                         slack                                  0.225    

Slack (MET) :             0.233ns  (arrival time - required time)
  Source:                 lcd_ctrl_inst/cnt_v_reg[8]/C
                            (rising edge-triggered cell FDCE clocked by clk_out1_clk_wiz_0  {rise@0.000ns fall@15.152ns period=30.303ns})
  Destination:            lcd_ctrl_inst/cnt_v_reg[9]/D
                            (rising edge-triggered cell FDCE clocked by clk_out1_clk_wiz_0  {rise@0.000ns fall@15.152ns period=30.303ns})
  Path Group:             clk_out1_clk_wiz_0
  Path Type:              Hold (Min at Fast Process Corner)
  Requirement:            0.000ns  (clk_out1_clk_wiz_0 rise@0.000ns - clk_out1_clk_wiz_0 rise@0.000ns)
  Data Path Delay:        0.325ns  (logic 0.227ns (69.909%)  route 0.098ns (30.091%))
  Logic Levels:           1  (LUT6=1)
  Clock Path Skew:        0.000ns (DCD - SCD - CPR)
    Destination Clock Delay (DCD):    -0.198ns
    Source Clock Delay      (SCD):    -0.434ns
    Clock Pessimism Removal (CPR):    0.236ns

    Location             Delay type                Incr(ns)  Path(ns)    Netlist Resource(s)
  -------------------------------------------------------------------    -------------------
                         (clock clk_out1_clk_wiz_0 rise edge)
                                                      0.000     0.000 r  
    Y9                                                0.000     0.000 r  sys_clk (IN)
                         net (fo=0)                   0.000     0.000    clk_wiz_0_inst/inst/clk_in1
    Y9                   IBUF (Prop_ibuf_I_O)         0.258     0.258 r  clk_wiz_0_inst/inst/clkin1_ibufg/O
                         net (fo=1, routed)           0.440     0.698    clk_wiz_0_inst/inst/clk_in1_clk_wiz_0
    PLLE2_ADV_X0Y0       PLLE2_ADV (Prop_plle2_adv_CLKIN1_CLKOUT0)
                                                     -2.384    -1.685 r  clk_wiz_0_inst/inst/plle2_adv_inst/CLKOUT0
                         net (fo=1, routed)           0.533    -1.152    clk_wiz_0_inst/inst/clk_out1_clk_wiz_0
    BUFGCTRL_X0Y0        BUFG (Prop_bufg_I_O)         0.026    -1.126 r  clk_wiz_0_inst/inst/clkout1_buf/O
                         net (fo=66, routed)          0.692    -0.434    lcd_ctrl_inst/clk_out1
    SLICE_X103Y106       FDCE                                         r  lcd_ctrl_inst/cnt_v_reg[8]/C
  -------------------------------------------------------------------    -------------------
    SLICE_X103Y106       FDCE (Prop_fdce_C_Q)         0.128    -0.306 r  lcd_ctrl_inst/cnt_v_reg[8]/Q
                         net (fo=8, routed)           0.098    -0.208    lcd_ctrl_inst/cnt_v_reg_n_0_[8]
    SLICE_X103Y106       LUT6 (Prop_lut6_I0_O)        0.099    -0.109 r  lcd_ctrl_inst/cnt_v[9]_i_2/O
                         net (fo=1, routed)           0.000    -0.109    lcd_ctrl_inst/cnt_v[9]_i_2_n_0
    SLICE_X103Y106       FDCE                                         r  lcd_ctrl_inst/cnt_v_reg[9]/D
  -------------------------------------------------------------------    -------------------

                         (clock clk_out1_clk_wiz_0 rise edge)
                                                      0.000     0.000 r  
    Y9                                                0.000     0.000 r  sys_clk (IN)
                         net (fo=0)                   0.000     0.000    clk_wiz_0_inst/inst/clk_in1
    Y9                   IBUF (Prop_ibuf_I_O)         0.446     0.446 r  clk_wiz_0_inst/inst/clkin1_ibufg/O
                         net (fo=1, routed)           0.481     0.927    clk_wiz_0_inst/inst/clk_in1_clk_wiz_0
    PLLE2_ADV_X0Y0       PLLE2_ADV (Prop_plle2_adv_CLKIN1_CLKOUT0)
                                                     -2.700    -1.773 r  clk_wiz_0_inst/inst/plle2_adv_inst/CLKOUT0
                         net (fo=1, routed)           0.580    -1.193    clk_wiz_0_inst/inst/clk_out1_clk_wiz_0
    BUFGCTRL_X0Y0        BUFG (Prop_bufg_I_O)         0.029    -1.164 r  clk_wiz_0_inst/inst/clkout1_buf/O
                         net (fo=66, routed)          0.966    -0.198    lcd_ctrl_inst/clk_out1
    SLICE_X103Y106       FDCE                                         r  lcd_ctrl_inst/cnt_v_reg[9]/C
                         clock pessimism             -0.236    -0.434    
    SLICE_X103Y106       FDCE (Hold_fdce_C_D)         0.092    -0.342    lcd_ctrl_inst/cnt_v_reg[9]
  -------------------------------------------------------------------
                         required time                          0.342    
                         arrival time                          -0.109    
  -------------------------------------------------------------------
                         slack                                  0.233    

Slack (MET) :             0.265ns  (arrival time - required time)
  Source:                 lcd_ctrl_inst/cnt_v_reg[1]/C
                            (rising edge-triggered cell FDCE clocked by clk_out1_clk_wiz_0  {rise@0.000ns fall@15.152ns period=30.303ns})
  Destination:            lcd_ctrl_inst/cnt_v_reg[4]/D
                            (rising edge-triggered cell FDCE clocked by clk_out1_clk_wiz_0  {rise@0.000ns fall@15.152ns period=30.303ns})
  Path Group:             clk_out1_clk_wiz_0
  Path Type:              Hold (Min at Fast Process Corner)
  Requirement:            0.000ns  (clk_out1_clk_wiz_0 rise@0.000ns - clk_out1_clk_wiz_0 rise@0.000ns)
  Data Path Delay:        0.435ns  (logic 0.212ns (48.767%)  route 0.223ns (51.233%))
  Logic Levels:           1  (LUT5=1)
  Clock Path Skew:        0.037ns (DCD - SCD - CPR)
    Destination Clock Delay (DCD):    -0.197ns
    Source Clock Delay      (SCD):    -0.434ns
    Clock Pessimism Removal (CPR):    0.200ns

    Location             Delay type                Incr(ns)  Path(ns)    Netlist Resource(s)
  -------------------------------------------------------------------    -------------------
                         (clock clk_out1_clk_wiz_0 rise edge)
                                                      0.000     0.000 r  
    Y9                                                0.000     0.000 r  sys_clk (IN)
                         net (fo=0)                   0.000     0.000    clk_wiz_0_inst/inst/clk_in1
    Y9                   IBUF (Prop_ibuf_I_O)         0.258     0.258 r  clk_wiz_0_inst/inst/clkin1_ibufg/O
                         net (fo=1, routed)           0.440     0.698    clk_wiz_0_inst/inst/clk_in1_clk_wiz_0
    PLLE2_ADV_X0Y0       PLLE2_ADV (Prop_plle2_adv_CLKIN1_CLKOUT0)
                                                     -2.384    -1.685 r  clk_wiz_0_inst/inst/plle2_adv_inst/CLKOUT0
                         net (fo=1, routed)           0.533    -1.152    clk_wiz_0_inst/inst/clk_out1_clk_wiz_0
    BUFGCTRL_X0Y0        BUFG (Prop_bufg_I_O)         0.026    -1.126 r  clk_wiz_0_inst/inst/clkout1_buf/O
                         net (fo=66, routed)          0.692    -0.434    lcd_ctrl_inst/clk_out1
    SLICE_X102Y106       FDCE                                         r  lcd_ctrl_inst/cnt_v_reg[1]/C
  -------------------------------------------------------------------    -------------------
    SLICE_X102Y106       FDCE (Prop_fdce_C_Q)         0.164    -0.270 r  lcd_ctrl_inst/cnt_v_reg[1]/Q
                         net (fo=18, routed)          0.223    -0.047    lcd_ctrl_inst/cnt_v_reg_n_0_[1]
    SLICE_X104Y105       LUT5 (Prop_lut5_I3_O)        0.048     0.001 r  lcd_ctrl_inst/cnt_v[4]_i_1/O
                         net (fo=1, routed)           0.000     0.001    lcd_ctrl_inst/cnt_v[4]_i_1_n_0
    SLICE_X104Y105       FDCE                                         r  lcd_ctrl_inst/cnt_v_reg[4]/D
  -------------------------------------------------------------------    -------------------

                         (clock clk_out1_clk_wiz_0 rise edge)
                                                      0.000     0.000 r  
    Y9                                                0.000     0.000 r  sys_clk (IN)
                         net (fo=0)                   0.000     0.000    clk_wiz_0_inst/inst/clk_in1
    Y9                   IBUF (Prop_ibuf_I_O)         0.446     0.446 r  clk_wiz_0_inst/inst/clkin1_ibufg/O
                         net (fo=1, routed)           0.481     0.927    clk_wiz_0_inst/inst/clk_in1_clk_wiz_0
    PLLE2_ADV_X0Y0       PLLE2_ADV (Prop_plle2_adv_CLKIN1_CLKOUT0)
                                                     -2.700    -1.773 r  clk_wiz_0_inst/inst/plle2_adv_inst/CLKOUT0
                         net (fo=1, routed)           0.580    -1.193    clk_wiz_0_inst/inst/clk_out1_clk_wiz_0
    BUFGCTRL_X0Y0        BUFG (Prop_bufg_I_O)         0.029    -1.164 r  clk_wiz_0_inst/inst/clkout1_buf/O
                         net (fo=66, routed)          0.967    -0.197    lcd_ctrl_inst/clk_out1
    SLICE_X104Y105       FDCE                                         r  lcd_ctrl_inst/cnt_v_reg[4]/C
                         clock pessimism             -0.200    -0.397    
    SLICE_X104Y105       FDCE (Hold_fdce_C_D)         0.133    -0.264    lcd_ctrl_inst/cnt_v_reg[4]
  -------------------------------------------------------------------
                         required time                          0.264    
                         arrival time                           0.001    
  -------------------------------------------------------------------
                         slack                                  0.265    

Slack (MET) :             0.269ns  (arrival time - required time)
  Source:                 lcd_ctrl_inst/cnt_v_reg[6]/C
                            (rising edge-triggered cell FDCE clocked by clk_out1_clk_wiz_0  {rise@0.000ns fall@15.152ns period=30.303ns})
  Destination:            lcd_ctrl_inst/cnt_v_reg[6]/D
                            (rising edge-triggered cell FDCE clocked by clk_out1_clk_wiz_0  {rise@0.000ns fall@15.152ns period=30.303ns})
  Path Group:             clk_out1_clk_wiz_0
  Path Type:              Hold (Min at Fast Process Corner)
  Requirement:            0.000ns  (clk_out1_clk_wiz_0 rise@0.000ns - clk_out1_clk_wiz_0 rise@0.000ns)
  Data Path Delay:        0.374ns  (logic 0.183ns (48.887%)  route 0.191ns (51.113%))
  Logic Levels:           1  (LUT2=1)
  Clock Path Skew:        0.000ns (DCD - SCD - CPR)
    Destination Clock Delay (DCD):    -0.197ns
    Source Clock Delay      (SCD):    -0.434ns
    Clock Pessimism Removal (CPR):    0.237ns

    Location             Delay type                Incr(ns)  Path(ns)    Netlist Resource(s)
  -------------------------------------------------------------------    -------------------
                         (clock clk_out1_clk_wiz_0 rise edge)
                                                      0.000     0.000 r  
    Y9                                                0.000     0.000 r  sys_clk (IN)
                         net (fo=0)                   0.000     0.000    clk_wiz_0_inst/inst/clk_in1
    Y9                   IBUF (Prop_ibuf_I_O)         0.258     0.258 r  clk_wiz_0_inst/inst/clkin1_ibufg/O
                         net (fo=1, routed)           0.440     0.698    clk_wiz_0_inst/inst/clk_in1_clk_wiz_0
    PLLE2_ADV_X0Y0       PLLE2_ADV (Prop_plle2_adv_CLKIN1_CLKOUT0)
                                                     -2.384    -1.685 r  clk_wiz_0_inst/inst/plle2_adv_inst/CLKOUT0
                         net (fo=1, routed)           0.533    -1.152    clk_wiz_0_inst/inst/clk_out1_clk_wiz_0
    BUFGCTRL_X0Y0        BUFG (Prop_bufg_I_O)         0.026    -1.126 r  clk_wiz_0_inst/inst/clkout1_buf/O
                         net (fo=66, routed)          0.692    -0.434    lcd_ctrl_inst/clk_out1
    SLICE_X105Y106       FDCE                                         r  lcd_ctrl_inst/cnt_v_reg[6]/C
  -------------------------------------------------------------------    -------------------
    SLICE_X105Y106       FDCE (Prop_fdce_C_Q)         0.141    -0.293 r  lcd_ctrl_inst/cnt_v_reg[6]/Q
                         net (fo=13, routed)          0.191    -0.102    lcd_ctrl_inst/cnt_v_reg_n_0_[6]
    SLICE_X105Y106       LUT2 (Prop_lut2_I0_O)        0.042    -0.060 r  lcd_ctrl_inst/cnt_v[6]_i_1/O
                         net (fo=1, routed)           0.000    -0.060    lcd_ctrl_inst/cnt_v[6]_i_1_n_0
    SLICE_X105Y106       FDCE                                         r  lcd_ctrl_inst/cnt_v_reg[6]/D
  -------------------------------------------------------------------    -------------------

                         (clock clk_out1_clk_wiz_0 rise edge)
                                                      0.000     0.000 r  
    Y9                                                0.000     0.000 r  sys_clk (IN)
                         net (fo=0)                   0.000     0.000    clk_wiz_0_inst/inst/clk_in1
    Y9                   IBUF (Prop_ibuf_I_O)         0.446     0.446 r  clk_wiz_0_inst/inst/clkin1_ibufg/O
                         net (fo=1, routed)           0.481     0.927    clk_wiz_0_inst/inst/clk_in1_clk_wiz_0
    PLLE2_ADV_X0Y0       PLLE2_ADV (Prop_plle2_adv_CLKIN1_CLKOUT0)
                                                     -2.700    -1.773 r  clk_wiz_0_inst/inst/plle2_adv_inst/CLKOUT0
                         net (fo=1, routed)           0.580    -1.193    clk_wiz_0_inst/inst/clk_out1_clk_wiz_0
    BUFGCTRL_X0Y0        BUFG (Prop_bufg_I_O)         0.029    -1.164 r  clk_wiz_0_inst/inst/clkout1_buf/O
                         net (fo=66, routed)          0.967    -0.197    lcd_ctrl_inst/clk_out1
    SLICE_X105Y106       FDCE                                         r  lcd_ctrl_inst/cnt_v_reg[6]/C
                         clock pessimism             -0.237    -0.434    
    SLICE_X105Y106       FDCE (Hold_fdce_C_D)         0.105    -0.329    lcd_ctrl_inst/cnt_v_reg[6]
  -------------------------------------------------------------------
                         required time                          0.329    
                         arrival time                          -0.060    
  -------------------------------------------------------------------
                         slack                                  0.269    

Slack (MET) :             0.275ns  (arrival time - required time)
  Source:                 lcd_ctrl_inst/cnt_h_reg[0]/C
                            (rising edge-triggered cell FDCE clocked by clk_out1_clk_wiz_0  {rise@0.000ns fall@15.152ns period=30.303ns})
  Destination:            lcd_ctrl_inst/cnt_h_reg[0]/D
                            (rising edge-triggered cell FDCE clocked by clk_out1_clk_wiz_0  {rise@0.000ns fall@15.152ns period=30.303ns})
  Path Group:             clk_out1_clk_wiz_0
  Path Type:              Hold (Min at Fast Process Corner)
  Requirement:            0.000ns  (clk_out1_clk_wiz_0 rise@0.000ns - clk_out1_clk_wiz_0 rise@0.000ns)
  Data Path Delay:        0.366ns  (logic 0.186ns (50.759%)  route 0.180ns (49.241%))
  Logic Levels:           1  (LUT1=1)
  Clock Path Skew:        0.000ns (DCD - SCD - CPR)
    Destination Clock Delay (DCD):    -0.171ns
    Source Clock Delay      (SCD):    -0.407ns
    Clock Pessimism Removal (CPR):    0.236ns

    Location             Delay type                Incr(ns)  Path(ns)    Netlist Resource(s)
  -------------------------------------------------------------------    -------------------
                         (clock clk_out1_clk_wiz_0 rise edge)
                                                      0.000     0.000 r  
    Y9                                                0.000     0.000 r  sys_clk (IN)
                         net (fo=0)                   0.000     0.000    clk_wiz_0_inst/inst/clk_in1
    Y9                   IBUF (Prop_ibuf_I_O)         0.258     0.258 r  clk_wiz_0_inst/inst/clkin1_ibufg/O
                         net (fo=1, routed)           0.440     0.698    clk_wiz_0_inst/inst/clk_in1_clk_wiz_0
    PLLE2_ADV_X0Y0       PLLE2_ADV (Prop_plle2_adv_CLKIN1_CLKOUT0)
                                                     -2.384    -1.685 r  clk_wiz_0_inst/inst/plle2_adv_inst/CLKOUT0
                         net (fo=1, routed)           0.533    -1.152    clk_wiz_0_inst/inst/clk_out1_clk_wiz_0
    BUFGCTRL_X0Y0        BUFG (Prop_bufg_I_O)         0.026    -1.126 r  clk_wiz_0_inst/inst/clkout1_buf/O
                         net (fo=66, routed)          0.719    -0.407    lcd_ctrl_inst/clk_out1
    SLICE_X109Y105       FDCE                                         r  lcd_ctrl_inst/cnt_h_reg[0]/C
  -------------------------------------------------------------------    -------------------
    SLICE_X109Y105       FDCE (Prop_fdce_C_Q)         0.141    -0.266 f  lcd_ctrl_inst/cnt_h_reg[0]/Q
                         net (fo=3, routed)           0.180    -0.086    lcd_ctrl_inst/cnt_h_reg_n_0_[0]
    SLICE_X109Y105       LUT1 (Prop_lut1_I0_O)        0.045    -0.041 r  lcd_ctrl_inst/cnt_h[0]_i_1/O
                         net (fo=1, routed)           0.000    -0.041    lcd_ctrl_inst/cnt_h[0]
    SLICE_X109Y105       FDCE                                         r  lcd_ctrl_inst/cnt_h_reg[0]/D
  -------------------------------------------------------------------    -------------------

                         (clock clk_out1_clk_wiz_0 rise edge)
                                                      0.000     0.000 r  
    Y9                                                0.000     0.000 r  sys_clk (IN)
                         net (fo=0)                   0.000     0.000    clk_wiz_0_inst/inst/clk_in1
    Y9                   IBUF (Prop_ibuf_I_O)         0.446     0.446 r  clk_wiz_0_inst/inst/clkin1_ibufg/O
                         net (fo=1, routed)           0.481     0.927    clk_wiz_0_inst/inst/clk_in1_clk_wiz_0
    PLLE2_ADV_X0Y0       PLLE2_ADV (Prop_plle2_adv_CLKIN1_CLKOUT0)
                                                     -2.700    -1.773 r  clk_wiz_0_inst/inst/plle2_adv_inst/CLKOUT0
                         net (fo=1, routed)           0.580    -1.193    clk_wiz_0_inst/inst/clk_out1_clk_wiz_0
    BUFGCTRL_X0Y0        BUFG (Prop_bufg_I_O)         0.029    -1.164 r  clk_wiz_0_inst/inst/clkout1_buf/O
                         net (fo=66, routed)          0.993    -0.171    lcd_ctrl_inst/clk_out1
    SLICE_X109Y105       FDCE                                         r  lcd_ctrl_inst/cnt_h_reg[0]/C
                         clock pessimism             -0.236    -0.407    
    SLICE_X109Y105       FDCE (Hold_fdce_C_D)         0.091    -0.316    lcd_ctrl_inst/cnt_h_reg[0]
  -------------------------------------------------------------------
                         required time                          0.316    
                         arrival time                          -0.041    
  -------------------------------------------------------------------
                         slack                                  0.275    

Slack (MET) :             0.278ns  (arrival time - required time)
  Source:                 lcd_ctrl_inst/cnt_v_reg[7]/C
                            (rising edge-triggered cell FDCE clocked by clk_out1_clk_wiz_0  {rise@0.000ns fall@15.152ns period=30.303ns})
  Destination:            lcd_ctrl_inst/cnt_v_reg[8]/D
                            (rising edge-triggered cell FDCE clocked by clk_out1_clk_wiz_0  {rise@0.000ns fall@15.152ns period=30.303ns})
  Path Group:             clk_out1_clk_wiz_0
  Path Type:              Hold (Min at Fast Process Corner)
  Requirement:            0.000ns  (clk_out1_clk_wiz_0 rise@0.000ns - clk_out1_clk_wiz_0 rise@0.000ns)
  Data Path Delay:        0.385ns  (logic 0.183ns (47.478%)  route 0.202ns (52.522%))
  Logic Levels:           1  (LUT4=1)
  Clock Path Skew:        0.000ns (DCD - SCD - CPR)
    Destination Clock Delay (DCD):    -0.198ns
    Source Clock Delay      (SCD):    -0.434ns
    Clock Pessimism Removal (CPR):    0.236ns

    Location             Delay type                Incr(ns)  Path(ns)    Netlist Resource(s)
  -------------------------------------------------------------------    -------------------
                         (clock clk_out1_clk_wiz_0 rise edge)
                                                      0.000     0.000 r  
    Y9                                                0.000     0.000 r  sys_clk (IN)
                         net (fo=0)                   0.000     0.000    clk_wiz_0_inst/inst/clk_in1
    Y9                   IBUF (Prop_ibuf_I_O)         0.258     0.258 r  clk_wiz_0_inst/inst/clkin1_ibufg/O
                         net (fo=1, routed)           0.440     0.698    clk_wiz_0_inst/inst/clk_in1_clk_wiz_0
    PLLE2_ADV_X0Y0       PLLE2_ADV (Prop_plle2_adv_CLKIN1_CLKOUT0)
                                                     -2.384    -1.685 r  clk_wiz_0_inst/inst/plle2_adv_inst/CLKOUT0
                         net (fo=1, routed)           0.533    -1.152    clk_wiz_0_inst/inst/clk_out1_clk_wiz_0
    BUFGCTRL_X0Y0        BUFG (Prop_bufg_I_O)         0.026    -1.126 r  clk_wiz_0_inst/inst/clkout1_buf/O
                         net (fo=66, routed)          0.692    -0.434    lcd_ctrl_inst/clk_out1
    SLICE_X103Y106       FDCE                                         r  lcd_ctrl_inst/cnt_v_reg[7]/C
  -------------------------------------------------------------------    -------------------
    SLICE_X103Y106       FDCE (Prop_fdce_C_Q)         0.141    -0.293 r  lcd_ctrl_inst/cnt_v_reg[7]/Q
                         net (fo=11, routed)          0.202    -0.091    lcd_ctrl_inst/cnt_v_reg_n_0_[7]
    SLICE_X103Y106       LUT4 (Prop_lut4_I1_O)        0.042    -0.049 r  lcd_ctrl_inst/cnt_v[8]_i_1/O
                         net (fo=1, routed)           0.000    -0.049    lcd_ctrl_inst/cnt_v[8]_i_1_n_0
    SLICE_X103Y106       FDCE                                         r  lcd_ctrl_inst/cnt_v_reg[8]/D
  -------------------------------------------------------------------    -------------------

                         (clock clk_out1_clk_wiz_0 rise edge)
                                                      0.000     0.000 r  
    Y9                                                0.000     0.000 r  sys_clk (IN)
                         net (fo=0)                   0.000     0.000    clk_wiz_0_inst/inst/clk_in1
    Y9                   IBUF (Prop_ibuf_I_O)         0.446     0.446 r  clk_wiz_0_inst/inst/clkin1_ibufg/O
                         net (fo=1, routed)           0.481     0.927    clk_wiz_0_inst/inst/clk_in1_clk_wiz_0
    PLLE2_ADV_X0Y0       PLLE2_ADV (Prop_plle2_adv_CLKIN1_CLKOUT0)
                                                     -2.700    -1.773 r  clk_wiz_0_inst/inst/plle2_adv_inst/CLKOUT0
                         net (fo=1, routed)           0.580    -1.193    clk_wiz_0_inst/inst/clk_out1_clk_wiz_0
    BUFGCTRL_X0Y0        BUFG (Prop_bufg_I_O)         0.029    -1.164 r  clk_wiz_0_inst/inst/clkout1_buf/O
                         net (fo=66, routed)          0.966    -0.198    lcd_ctrl_inst/clk_out1
    SLICE_X103Y106       FDCE                                         r  lcd_ctrl_inst/cnt_v_reg[8]/C
                         clock pessimism             -0.236    -0.434    
    SLICE_X103Y106       FDCE (Hold_fdce_C_D)         0.107    -0.327    lcd_ctrl_inst/cnt_v_reg[8]
  -------------------------------------------------------------------
                         required time                          0.327    
                         arrival time                          -0.049    
  -------------------------------------------------------------------
                         slack                                  0.278    

Slack (MET) :             0.286ns  (arrival time - required time)
  Source:                 lcd_ctrl_inst/cnt_h_reg[10]/C
                            (rising edge-triggered cell FDCE clocked by clk_out1_clk_wiz_0  {rise@0.000ns fall@15.152ns period=30.303ns})
  Destination:            lcd_ctrl_inst/cnt_h_reg[10]/D
                            (rising edge-triggered cell FDCE clocked by clk_out1_clk_wiz_0  {rise@0.000ns fall@15.152ns period=30.303ns})
  Path Group:             clk_out1_clk_wiz_0
  Path Type:              Hold (Min at Fast Process Corner)
  Requirement:            0.000ns  (clk_out1_clk_wiz_0 rise@0.000ns - clk_out1_clk_wiz_0 rise@0.000ns)
  Data Path Delay:        0.378ns  (logic 0.186ns (49.207%)  route 0.192ns (50.793%))
  Logic Levels:           1  (LUT6=1)
  Clock Path Skew:        0.000ns (DCD - SCD - CPR)
    Destination Clock Delay (DCD):    -0.168ns
    Source Clock Delay      (SCD):    -0.406ns
    Clock Pessimism Removal (CPR):    0.238ns

    Location             Delay type                Incr(ns)  Path(ns)    Netlist Resource(s)
  -------------------------------------------------------------------    -------------------
                         (clock clk_out1_clk_wiz_0 rise edge)
                                                      0.000     0.000 r  
    Y9                                                0.000     0.000 r  sys_clk (IN)
                         net (fo=0)                   0.000     0.000    clk_wiz_0_inst/inst/clk_in1
    Y9                   IBUF (Prop_ibuf_I_O)         0.258     0.258 r  clk_wiz_0_inst/inst/clkin1_ibufg/O
                         net (fo=1, routed)           0.440     0.698    clk_wiz_0_inst/inst/clk_in1_clk_wiz_0
    PLLE2_ADV_X0Y0       PLLE2_ADV (Prop_plle2_adv_CLKIN1_CLKOUT0)
                                                     -2.384    -1.685 r  clk_wiz_0_inst/inst/plle2_adv_inst/CLKOUT0
                         net (fo=1, routed)           0.533    -1.152    clk_wiz_0_inst/inst/clk_out1_clk_wiz_0
    BUFGCTRL_X0Y0        BUFG (Prop_bufg_I_O)         0.026    -1.126 r  clk_wiz_0_inst/inst/clkout1_buf/O
                         net (fo=66, routed)          0.720    -0.406    lcd_ctrl_inst/clk_out1
    SLICE_X110Y106       FDCE                                         r  lcd_ctrl_inst/cnt_h_reg[10]/C
  -------------------------------------------------------------------    -------------------
    SLICE_X110Y106       FDCE (Prop_fdce_C_Q)         0.141    -0.265 f  lcd_ctrl_inst/cnt_h_reg[10]/Q
                         net (fo=16, routed)          0.192    -0.073    lcd_ctrl_inst/cnt_h_reg_n_0_[10]
    SLICE_X110Y106       LUT6 (Prop_lut6_I2_O)        0.045    -0.028 r  lcd_ctrl_inst/cnt_h[10]_i_1/O
                         net (fo=1, routed)           0.000    -0.028    lcd_ctrl_inst/cnt_h[10]
    SLICE_X110Y106       FDCE                                         r  lcd_ctrl_inst/cnt_h_reg[10]/D
  -------------------------------------------------------------------    -------------------

                         (clock clk_out1_clk_wiz_0 rise edge)
                                                      0.000     0.000 r  
    Y9                                                0.000     0.000 r  sys_clk (IN)
                         net (fo=0)                   0.000     0.000    clk_wiz_0_inst/inst/clk_in1
    Y9                   IBUF (Prop_ibuf_I_O)         0.446     0.446 r  clk_wiz_0_inst/inst/clkin1_ibufg/O
                         net (fo=1, routed)           0.481     0.927    clk_wiz_0_inst/inst/clk_in1_clk_wiz_0
    PLLE2_ADV_X0Y0       PLLE2_ADV (Prop_plle2_adv_CLKIN1_CLKOUT0)
                                                     -2.700    -1.773 r  clk_wiz_0_inst/inst/plle2_adv_inst/CLKOUT0
                         net (fo=1, routed)           0.580    -1.193    clk_wiz_0_inst/inst/clk_out1_clk_wiz_0
    BUFGCTRL_X0Y0        BUFG (Prop_bufg_I_O)         0.029    -1.164 r  clk_wiz_0_inst/inst/clkout1_buf/O
                         net (fo=66, routed)          0.996    -0.168    lcd_ctrl_inst/clk_out1
    SLICE_X110Y106       FDCE                                         r  lcd_ctrl_inst/cnt_h_reg[10]/C
                         clock pessimism             -0.238    -0.406    
    SLICE_X110Y106       FDCE (Hold_fdce_C_D)         0.092    -0.314    lcd_ctrl_inst/cnt_h_reg[10]
  -------------------------------------------------------------------
                         required time                          0.314    
                         arrival time                          -0.028    
  -------------------------------------------------------------------
                         slack                                  0.286    





Pulse Width Checks
--------------------------------------------------------------------------------------
Clock Name:         clk_out1_clk_wiz_0
Waveform(ns):       { 0.000 15.152 }
Period(ns):         30.303
Sources:            { clk_wiz_0_inst/inst/plle2_adv_inst/CLKOUT0 }

Check Type        Corner  Lib Pin            Reference Pin  Required(ns)  Actual(ns)  Slack(ns)  Location        Pin
Min Period        n/a     BUFG/I             n/a            2.155         30.303      28.148     BUFGCTRL_X0Y0   clk_wiz_0_inst/inst/clkout1_buf/I
Min Period        n/a     PLLE2_ADV/CLKOUT0  n/a            1.249         30.303      29.054     PLLE2_ADV_X0Y0  clk_wiz_0_inst/inst/plle2_adv_inst/CLKOUT0
Min Period        n/a     FDCE/C             n/a            1.000         30.303      29.303     SLICE_X109Y105  lcd_ctrl_inst/cnt_h_reg[0]/C
Min Period        n/a     FDCE/C             n/a            1.000         30.303      29.303     SLICE_X110Y106  lcd_ctrl_inst/cnt_h_reg[10]/C
Min Period        n/a     FDCE/C             n/a            1.000         30.303      29.303     SLICE_X110Y106  lcd_ctrl_inst/cnt_h_reg[11]/C
Min Period        n/a     FDCE/C             n/a            1.000         30.303      29.303     SLICE_X110Y104  lcd_ctrl_inst/cnt_h_reg[1]/C
Min Period        n/a     FDCE/C             n/a            1.000         30.303      29.303     SLICE_X112Y104  lcd_ctrl_inst/cnt_h_reg[2]/C
Min Period        n/a     FDCE/C             n/a            1.000         30.303      29.303     SLICE_X112Y105  lcd_ctrl_inst/cnt_h_reg[3]/C
Min Period        n/a     FDCE/C             n/a            1.000         30.303      29.303     SLICE_X110Y105  lcd_ctrl_inst/cnt_h_reg[4]/C
Min Period        n/a     FDCE/C             n/a            1.000         30.303      29.303     SLICE_X110Y105  lcd_ctrl_inst/cnt_h_reg[5]/C
Max Period        n/a     PLLE2_ADV/CLKOUT0  n/a            160.000       30.303      129.697    PLLE2_ADV_X0Y0  clk_wiz_0_inst/inst/plle2_adv_inst/CLKOUT0
Low Pulse Width   Slow    FDCE/C             n/a            0.500         15.152      14.652     SLICE_X109Y105  lcd_ctrl_inst/cnt_h_reg[0]/C
Low Pulse Width   Fast    FDCE/C             n/a            0.500         15.152      14.652     SLICE_X109Y105  lcd_ctrl_inst/cnt_h_reg[0]/C
Low Pulse Width   Slow    FDCE/C             n/a            0.500         15.152      14.652     SLICE_X110Y106  lcd_ctrl_inst/cnt_h_reg[10]/C
Low Pulse Width   Fast    FDCE/C             n/a            0.500         15.152      14.652     SLICE_X110Y106  lcd_ctrl_inst/cnt_h_reg[10]/C
Low Pulse Width   Slow    FDCE/C             n/a            0.500         15.152      14.652     SLICE_X110Y106  lcd_ctrl_inst/cnt_h_reg[11]/C
Low Pulse Width   Fast    FDCE/C             n/a            0.500         15.152      14.652     SLICE_X110Y106  lcd_ctrl_inst/cnt_h_reg[11]/C
Low Pulse Width   Slow    FDCE/C             n/a            0.500         15.152      14.652     SLICE_X110Y104  lcd_ctrl_inst/cnt_h_reg[1]/C
Low Pulse Width   Fast    FDCE/C             n/a            0.500         15.152      14.652     SLICE_X110Y104  lcd_ctrl_inst/cnt_h_reg[1]/C
Low Pulse Width   Slow    FDCE/C             n/a            0.500         15.152      14.652     SLICE_X112Y104  lcd_ctrl_inst/cnt_h_reg[2]/C
Low Pulse Width   Fast    FDCE/C             n/a            0.500         15.152      14.652     SLICE_X112Y104  lcd_ctrl_inst/cnt_h_reg[2]/C
High Pulse Width  Slow    FDCE/C             n/a            0.500         15.152      14.652     SLICE_X109Y105  lcd_ctrl_inst/cnt_h_reg[0]/C
High Pulse Width  Fast    FDCE/C             n/a            0.500         15.152      14.652     SLICE_X109Y105  lcd_ctrl_inst/cnt_h_reg[0]/C
High Pulse Width  Slow    FDCE/C             n/a            0.500         15.152      14.652     SLICE_X110Y106  lcd_ctrl_inst/cnt_h_reg[10]/C
High Pulse Width  Fast    FDCE/C             n/a            0.500         15.152      14.652     SLICE_X110Y106  lcd_ctrl_inst/cnt_h_reg[10]/C
High Pulse Width  Slow    FDCE/C             n/a            0.500         15.152      14.652     SLICE_X110Y106  lcd_ctrl_inst/cnt_h_reg[11]/C
High Pulse Width  Fast    FDCE/C             n/a            0.500         15.152      14.652     SLICE_X110Y106  lcd_ctrl_inst/cnt_h_reg[11]/C
High Pulse Width  Slow    FDCE/C             n/a            0.500         15.152      14.652     SLICE_X110Y104  lcd_ctrl_inst/cnt_h_reg[1]/C
High Pulse Width  Fast    FDCE/C             n/a            0.500         15.152      14.652     SLICE_X110Y104  lcd_ctrl_inst/cnt_h_reg[1]/C
High Pulse Width  Slow    FDCE/C             n/a            0.500         15.152      14.652     SLICE_X112Y104  lcd_ctrl_inst/cnt_h_reg[2]/C
High Pulse Width  Fast    FDCE/C             n/a            0.500         15.152      14.652     SLICE_X112Y104  lcd_ctrl_inst/cnt_h_reg[2]/C



---------------------------------------------------------------------------------------------------
From Clock:  clkfbout_clk_wiz_0
  To Clock:  clkfbout_clk_wiz_0

Setup :           NA  Failing Endpoints,  Worst Slack           NA  ,  Total Violation           NA
Hold  :           NA  Failing Endpoints,  Worst Slack           NA  ,  Total Violation           NA
PW    :            0  Failing Endpoints,  Worst Slack       12.633ns,  Total Violation        0.000ns
---------------------------------------------------------------------------------------------------


Pulse Width Checks
--------------------------------------------------------------------------------------
Clock Name:         clkfbout_clk_wiz_0
Waveform(ns):       { 0.000 20.000 }
Period(ns):         40.000
Sources:            { clk_wiz_0_inst/inst/plle2_adv_inst/CLKFBOUT }

Check Type  Corner  Lib Pin             Reference Pin  Required(ns)  Actual(ns)  Slack(ns)  Location        Pin
Min Period  n/a     BUFG/I              n/a            2.155         40.000      37.845     BUFGCTRL_X0Y1   clk_wiz_0_inst/inst/clkf_buf/I
Min Period  n/a     PLLE2_ADV/CLKFBOUT  n/a            1.249         40.000      38.751     PLLE2_ADV_X0Y0  clk_wiz_0_inst/inst/plle2_adv_inst/CLKFBOUT
Min Period  n/a     PLLE2_ADV/CLKFBIN   n/a            1.249         40.000      38.751     PLLE2_ADV_X0Y0  clk_wiz_0_inst/inst/plle2_adv_inst/CLKFBIN
Max Period  n/a     PLLE2_ADV/CLKFBIN   n/a            52.633        40.000      12.633     PLLE2_ADV_X0Y0  clk_wiz_0_inst/inst/plle2_adv_inst/CLKFBIN
Max Period  n/a     PLLE2_ADV/CLKFBOUT  n/a            160.000       40.000      120.000    PLLE2_ADV_X0Y0  clk_wiz_0_inst/inst/plle2_adv_inst/CLKFBOUT



--------------------------------------------------------------------------------------
Path Group:  (none)
From Clock:  clk_out1_clk_wiz_0
  To Clock:  

Max Delay            21 Endpoints
Min Delay            21 Endpoints
--------------------------------------------------------------------------------------


Max Delay Paths
--------------------------------------------------------------------------------------
Slack:                    inf
  Source:                 clk_wiz_0_inst/inst/plle2_adv_inst/CLKOUT0
                            (clock source 'clk_out1_clk_wiz_0'  {rise@0.000ns fall@15.152ns period=30.303ns})
  Destination:            lcd_clk
                            (output port)
  Path Group:             (none)
  Path Type:              Max at Slow Process Corner
  Data Path Delay:        8.605ns  (logic 3.603ns (41.864%)  route 5.003ns (58.136%))
  Logic Levels:           2  (BUFG=1 OBUF=1)
  Clock Uncertainty:      0.430ns  ((TSJ^2 + DJ^2)^1/2) / 2 + PE
    Total System Jitter     (TSJ):    0.050ns
    Discrete Jitter          (DJ):    0.333ns
    Phase Error              (PE):    0.262ns

    Location             Delay type                Incr(ns)  Path(ns)    Netlist Resource(s)
  -------------------------------------------------------------------    -------------------
                         (clock clk_out1_clk_wiz_0 fall edge)
                                                     15.152    15.152 f  
    Y9                                                0.000    15.152 f  sys_clk (IN)
                         net (fo=0)                   0.000    15.152    clk_wiz_0_inst/inst/clk_in1
    Y9                   IBUF (Prop_ibuf_I_O)         1.490    16.642 f  clk_wiz_0_inst/inst/clkin1_ibufg/O
                         net (fo=1, routed)           1.306    17.948    clk_wiz_0_inst/inst/clk_in1_clk_wiz_0
  -------------------------------------------------------------------    -------------------
    PLLE2_ADV_X0Y0       PLLE2_ADV (Prop_plle2_adv_CLKIN1_CLKOUT0)
                                                     -8.866     9.082 f  clk_wiz_0_inst/inst/plle2_adv_inst/CLKOUT0
                         net (fo=1, routed)           1.849    10.931    clk_wiz_0_inst/inst/clk_out1_clk_wiz_0
    BUFGCTRL_X0Y0        BUFG (Prop_bufg_I_O)         0.101    11.032 f  clk_wiz_0_inst/inst/clkout1_buf/O
                         net (fo=66, routed)          3.154    14.186    lcd_clk_OBUF
    L18                  OBUF (Prop_obuf_I_O)         3.502    17.687 f  lcd_clk_OBUF_inst/O
                         net (fo=0)                   0.000    17.687    lcd_clk
    L18                                                               f  lcd_clk (OUT)
  -------------------------------------------------------------------    -------------------

Slack:                    inf
  Source:                 lcd_ctrl_inst/cnt_v_reg[2]/C
                            (rising edge-triggered cell FDCE clocked by clk_out1_clk_wiz_0  {rise@0.000ns fall@15.152ns period=30.303ns})
  Destination:            rgb_lcd[17]
                            (output port)
  Path Group:             (none)
  Path Type:              Max at Slow Process Corner
  Data Path Delay:        12.098ns  (logic 5.108ns (42.221%)  route 6.990ns (57.779%))
  Logic Levels:           5  (LUT2=1 LUT4=1 LUT5=1 LUT6=1 OBUF=1)
  Clock Uncertainty:      0.430ns  ((TSJ^2 + DJ^2)^1/2) / 2 + PE
    Total System Jitter     (TSJ):    0.050ns
    Discrete Jitter          (DJ):    0.333ns
    Phase Error              (PE):    0.262ns

    Location             Delay type                Incr(ns)  Path(ns)    Netlist Resource(s)
  -------------------------------------------------------------------    -------------------
                         (clock clk_out1_clk_wiz_0 rise edge)
                                                      0.000     0.000 r  
    Y9                                                0.000     0.000 r  sys_clk (IN)
                         net (fo=0)                   0.000     0.000    clk_wiz_0_inst/inst/clk_in1
    Y9                   IBUF (Prop_ibuf_I_O)         1.490     1.490 r  clk_wiz_0_inst/inst/clkin1_ibufg/O
                         net (fo=1, routed)           1.306     2.796    clk_wiz_0_inst/inst/clk_in1_clk_wiz_0
    PLLE2_ADV_X0Y0       PLLE2_ADV (Prop_plle2_adv_CLKIN1_CLKOUT0)
                                                     -8.866    -6.070 r  clk_wiz_0_inst/inst/plle2_adv_inst/CLKOUT0
                         net (fo=1, routed)           1.849    -4.221    clk_wiz_0_inst/inst/clk_out1_clk_wiz_0
    BUFGCTRL_X0Y0        BUFG (Prop_bufg_I_O)         0.101    -4.120 r  clk_wiz_0_inst/inst/clkout1_buf/O
                         net (fo=66, routed)          1.980    -2.140    lcd_ctrl_inst/clk_out1
    SLICE_X102Y106       FDCE                                         r  lcd_ctrl_inst/cnt_v_reg[2]/C
  -------------------------------------------------------------------    -------------------
    SLICE_X102Y106       FDCE (Prop_fdce_C_Q)         0.478    -1.662 r  lcd_ctrl_inst/cnt_v_reg[2]/Q
                         net (fo=17, routed)          1.109    -0.552    lcd_ctrl_inst/cnt_v_reg_n_0_[2]
    SLICE_X104Y104       LUT5 (Prop_lut5_I3_O)        0.321    -0.231 r  lcd_ctrl_inst/vsync_OBUF_inst_i_2/O
                         net (fo=5, routed)           0.635     0.404    lcd_ctrl_inst/vsync_OBUF_inst_i_2_n_0
    SLICE_X104Y105       LUT6 (Prop_lut6_I2_O)        0.328     0.732 f  lcd_ctrl_inst/vsync_OBUF_inst_i_1/O
                         net (fo=5, routed)           1.220     1.951    lcd_ctrl_inst/vsync_OBUF
    SLICE_X112Y104       LUT4 (Prop_lut4_I0_O)        0.124     2.075 r  lcd_ctrl_inst/lcd_de_OBUF_inst_i_1/O
                         net (fo=41, routed)          0.486     2.561    score_pic_inst/lcd_de_OBUF
    SLICE_X113Y104       LUT2 (Prop_lut2_I1_O)        0.118     2.679 r  score_pic_inst/rgb_lcd_OBUF[23]_inst_i_1/O
                         net (fo=12, routed)          3.541     6.220    rgb_lcd_OBUF[8]
    B16                  OBUF (Prop_obuf_I_O)         3.739     9.958 r  rgb_lcd_OBUF[17]_inst/O
                         net (fo=0)                   0.000     9.958    rgb_lcd[17]
    B16                                                               r  rgb_lcd[17] (OUT)
  -------------------------------------------------------------------    -------------------

Slack:                    inf
  Source:                 lcd_ctrl_inst/cnt_v_reg[2]/C
                            (rising edge-triggered cell FDCE clocked by clk_out1_clk_wiz_0  {rise@0.000ns fall@15.152ns period=30.303ns})
  Destination:            rgb_lcd[16]
                            (output port)
  Path Group:             (none)
  Path Type:              Max at Slow Process Corner
  Data Path Delay:        11.958ns  (logic 5.109ns (42.725%)  route 6.849ns (57.275%))
  Logic Levels:           5  (LUT2=1 LUT4=1 LUT5=1 LUT6=1 OBUF=1)
  Clock Uncertainty:      0.430ns  ((TSJ^2 + DJ^2)^1/2) / 2 + PE
    Total System Jitter     (TSJ):    0.050ns
    Discrete Jitter          (DJ):    0.333ns
    Phase Error              (PE):    0.262ns

    Location             Delay type                Incr(ns)  Path(ns)    Netlist Resource(s)
  -------------------------------------------------------------------    -------------------
                         (clock clk_out1_clk_wiz_0 rise edge)
                                                      0.000     0.000 r  
    Y9                                                0.000     0.000 r  sys_clk (IN)
                         net (fo=0)                   0.000     0.000    clk_wiz_0_inst/inst/clk_in1
    Y9                   IBUF (Prop_ibuf_I_O)         1.490     1.490 r  clk_wiz_0_inst/inst/clkin1_ibufg/O
                         net (fo=1, routed)           1.306     2.796    clk_wiz_0_inst/inst/clk_in1_clk_wiz_0
    PLLE2_ADV_X0Y0       PLLE2_ADV (Prop_plle2_adv_CLKIN1_CLKOUT0)
                                                     -8.866    -6.070 r  clk_wiz_0_inst/inst/plle2_adv_inst/CLKOUT0
                         net (fo=1, routed)           1.849    -4.221    clk_wiz_0_inst/inst/clk_out1_clk_wiz_0
    BUFGCTRL_X0Y0        BUFG (Prop_bufg_I_O)         0.101    -4.120 r  clk_wiz_0_inst/inst/clkout1_buf/O
                         net (fo=66, routed)          1.980    -2.140    lcd_ctrl_inst/clk_out1
    SLICE_X102Y106       FDCE                                         r  lcd_ctrl_inst/cnt_v_reg[2]/C
  -------------------------------------------------------------------    -------------------
    SLICE_X102Y106       FDCE (Prop_fdce_C_Q)         0.478    -1.662 r  lcd_ctrl_inst/cnt_v_reg[2]/Q
                         net (fo=17, routed)          1.109    -0.552    lcd_ctrl_inst/cnt_v_reg_n_0_[2]
    SLICE_X104Y104       LUT5 (Prop_lut5_I3_O)        0.321    -0.231 r  lcd_ctrl_inst/vsync_OBUF_inst_i_2/O
                         net (fo=5, routed)           0.635     0.404    lcd_ctrl_inst/vsync_OBUF_inst_i_2_n_0
    SLICE_X104Y105       LUT6 (Prop_lut6_I2_O)        0.328     0.732 f  lcd_ctrl_inst/vsync_OBUF_inst_i_1/O
                         net (fo=5, routed)           1.220     1.951    lcd_ctrl_inst/vsync_OBUF
    SLICE_X112Y104       LUT4 (Prop_lut4_I0_O)        0.124     2.075 r  lcd_ctrl_inst/lcd_de_OBUF_inst_i_1/O
                         net (fo=41, routed)          0.486     2.561    score_pic_inst/lcd_de_OBUF
    SLICE_X113Y104       LUT2 (Prop_lut2_I1_O)        0.118     2.679 r  score_pic_inst/rgb_lcd_OBUF[23]_inst_i_1/O
                         net (fo=12, routed)          3.400     6.079    rgb_lcd_OBUF[8]
    B17                  OBUF (Prop_obuf_I_O)         3.740     9.819 r  rgb_lcd_OBUF[16]_inst/O
                         net (fo=0)                   0.000     9.819    rgb_lcd[16]
    B17                                                               r  rgb_lcd[16] (OUT)
  -------------------------------------------------------------------    -------------------

Slack:                    inf
  Source:                 lcd_ctrl_inst/cnt_v_reg[2]/C
                            (rising edge-triggered cell FDCE clocked by clk_out1_clk_wiz_0  {rise@0.000ns fall@15.152ns period=30.303ns})
  Destination:            rgb_lcd[18]
                            (output port)
  Path Group:             (none)
  Path Type:              Max at Slow Process Corner
  Data Path Delay:        11.813ns  (logic 5.115ns (43.302%)  route 6.698ns (56.698%))
  Logic Levels:           5  (LUT2=1 LUT4=1 LUT5=1 LUT6=1 OBUF=1)
  Clock Uncertainty:      0.430ns  ((TSJ^2 + DJ^2)^1/2) / 2 + PE
    Total System Jitter     (TSJ):    0.050ns
    Discrete Jitter          (DJ):    0.333ns
    Phase Error              (PE):    0.262ns

    Location             Delay type                Incr(ns)  Path(ns)    Netlist Resource(s)
  -------------------------------------------------------------------    -------------------
                         (clock clk_out1_clk_wiz_0 rise edge)
                                                      0.000     0.000 r  
    Y9                                                0.000     0.000 r  sys_clk (IN)
                         net (fo=0)                   0.000     0.000    clk_wiz_0_inst/inst/clk_in1
    Y9                   IBUF (Prop_ibuf_I_O)         1.490     1.490 r  clk_wiz_0_inst/inst/clkin1_ibufg/O
                         net (fo=1, routed)           1.306     2.796    clk_wiz_0_inst/inst/clk_in1_clk_wiz_0
    PLLE2_ADV_X0Y0       PLLE2_ADV (Prop_plle2_adv_CLKIN1_CLKOUT0)
                                                     -8.866    -6.070 r  clk_wiz_0_inst/inst/plle2_adv_inst/CLKOUT0
                         net (fo=1, routed)           1.849    -4.221    clk_wiz_0_inst/inst/clk_out1_clk_wiz_0
    BUFGCTRL_X0Y0        BUFG (Prop_bufg_I_O)         0.101    -4.120 r  clk_wiz_0_inst/inst/clkout1_buf/O
                         net (fo=66, routed)          1.980    -2.140    lcd_ctrl_inst/clk_out1
    SLICE_X102Y106       FDCE                                         r  lcd_ctrl_inst/cnt_v_reg[2]/C
  -------------------------------------------------------------------    -------------------
    SLICE_X102Y106       FDCE (Prop_fdce_C_Q)         0.478    -1.662 r  lcd_ctrl_inst/cnt_v_reg[2]/Q
                         net (fo=17, routed)          1.109    -0.552    lcd_ctrl_inst/cnt_v_reg_n_0_[2]
    SLICE_X104Y104       LUT5 (Prop_lut5_I3_O)        0.321    -0.231 r  lcd_ctrl_inst/vsync_OBUF_inst_i_2/O
                         net (fo=5, routed)           0.635     0.404    lcd_ctrl_inst/vsync_OBUF_inst_i_2_n_0
    SLICE_X104Y105       LUT6 (Prop_lut6_I2_O)        0.328     0.732 f  lcd_ctrl_inst/vsync_OBUF_inst_i_1/O
                         net (fo=5, routed)           1.220     1.951    lcd_ctrl_inst/vsync_OBUF
    SLICE_X112Y104       LUT4 (Prop_lut4_I0_O)        0.124     2.075 r  lcd_ctrl_inst/lcd_de_OBUF_inst_i_1/O
                         net (fo=41, routed)          0.486     2.561    score_pic_inst/lcd_de_OBUF
    SLICE_X113Y104       LUT2 (Prop_lut2_I1_O)        0.118     2.679 r  score_pic_inst/rgb_lcd_OBUF[23]_inst_i_1/O
                         net (fo=12, routed)          3.248     5.927    rgb_lcd_OBUF[8]
    A17                  OBUF (Prop_obuf_I_O)         3.746     9.674 r  rgb_lcd_OBUF[18]_inst/O
                         net (fo=0)                   0.000     9.674    rgb_lcd[18]
    A17                                                               r  rgb_lcd[18] (OUT)
  -------------------------------------------------------------------    -------------------

Slack:                    inf
  Source:                 lcd_ctrl_inst/cnt_v_reg[2]/C
                            (rising edge-triggered cell FDCE clocked by clk_out1_clk_wiz_0  {rise@0.000ns fall@15.152ns period=30.303ns})
  Destination:            rgb_lcd[10]
                            (output port)
  Path Group:             (none)
  Path Type:              Max at Slow Process Corner
  Data Path Delay:        11.651ns  (logic 5.104ns (43.808%)  route 6.547ns (56.192%))
  Logic Levels:           5  (LUT2=1 LUT4=1 LUT5=1 LUT6=1 OBUF=1)
  Clock Uncertainty:      0.430ns  ((TSJ^2 + DJ^2)^1/2) / 2 + PE
    Total System Jitter     (TSJ):    0.050ns
    Discrete Jitter          (DJ):    0.333ns
    Phase Error              (PE):    0.262ns

    Location             Delay type                Incr(ns)  Path(ns)    Netlist Resource(s)
  -------------------------------------------------------------------    -------------------
                         (clock clk_out1_clk_wiz_0 rise edge)
                                                      0.000     0.000 r  
    Y9                                                0.000     0.000 r  sys_clk (IN)
                         net (fo=0)                   0.000     0.000    clk_wiz_0_inst/inst/clk_in1
    Y9                   IBUF (Prop_ibuf_I_O)         1.490     1.490 r  clk_wiz_0_inst/inst/clkin1_ibufg/O
                         net (fo=1, routed)           1.306     2.796    clk_wiz_0_inst/inst/clk_in1_clk_wiz_0
    PLLE2_ADV_X0Y0       PLLE2_ADV (Prop_plle2_adv_CLKIN1_CLKOUT0)
                                                     -8.866    -6.070 r  clk_wiz_0_inst/inst/plle2_adv_inst/CLKOUT0
                         net (fo=1, routed)           1.849    -4.221    clk_wiz_0_inst/inst/clk_out1_clk_wiz_0
    BUFGCTRL_X0Y0        BUFG (Prop_bufg_I_O)         0.101    -4.120 r  clk_wiz_0_inst/inst/clkout1_buf/O
                         net (fo=66, routed)          1.980    -2.140    lcd_ctrl_inst/clk_out1
    SLICE_X102Y106       FDCE                                         r  lcd_ctrl_inst/cnt_v_reg[2]/C
  -------------------------------------------------------------------    -------------------
    SLICE_X102Y106       FDCE (Prop_fdce_C_Q)         0.478    -1.662 r  lcd_ctrl_inst/cnt_v_reg[2]/Q
                         net (fo=17, routed)          1.109    -0.552    lcd_ctrl_inst/cnt_v_reg_n_0_[2]
    SLICE_X104Y104       LUT5 (Prop_lut5_I3_O)        0.321    -0.231 r  lcd_ctrl_inst/vsync_OBUF_inst_i_2/O
                         net (fo=5, routed)           0.635     0.404    lcd_ctrl_inst/vsync_OBUF_inst_i_2_n_0
    SLICE_X104Y105       LUT6 (Prop_lut6_I2_O)        0.328     0.732 f  lcd_ctrl_inst/vsync_OBUF_inst_i_1/O
                         net (fo=5, routed)           1.220     1.951    lcd_ctrl_inst/vsync_OBUF
    SLICE_X112Y104       LUT4 (Prop_lut4_I0_O)        0.124     2.075 r  lcd_ctrl_inst/lcd_de_OBUF_inst_i_1/O
                         net (fo=41, routed)          0.486     2.561    score_pic_inst/lcd_de_OBUF
    SLICE_X113Y104       LUT2 (Prop_lut2_I1_O)        0.118     2.679 r  score_pic_inst/rgb_lcd_OBUF[23]_inst_i_1/O
                         net (fo=12, routed)          3.097     5.776    rgb_lcd_OBUF[8]
    A18                  OBUF (Prop_obuf_I_O)         3.735     9.511 r  rgb_lcd_OBUF[10]_inst/O
                         net (fo=0)                   0.000     9.511    rgb_lcd[10]
    A18                                                               r  rgb_lcd[10] (OUT)
  -------------------------------------------------------------------    -------------------

Slack:                    inf
  Source:                 lcd_ctrl_inst/cnt_v_reg[2]/C
                            (rising edge-triggered cell FDCE clocked by clk_out1_clk_wiz_0  {rise@0.000ns fall@15.152ns period=30.303ns})
  Destination:            rgb_lcd[8]
                            (output port)
  Path Group:             (none)
  Path Type:              Max at Slow Process Corner
  Data Path Delay:        11.501ns  (logic 5.105ns (44.388%)  route 6.396ns (55.612%))
  Logic Levels:           5  (LUT2=1 LUT4=1 LUT5=1 LUT6=1 OBUF=1)
  Clock Uncertainty:      0.430ns  ((TSJ^2 + DJ^2)^1/2) / 2 + PE
    Total System Jitter     (TSJ):    0.050ns
    Discrete Jitter          (DJ):    0.333ns
    Phase Error              (PE):    0.262ns

    Location             Delay type                Incr(ns)  Path(ns)    Netlist Resource(s)
  -------------------------------------------------------------------    -------------------
                         (clock clk_out1_clk_wiz_0 rise edge)
                                                      0.000     0.000 r  
    Y9                                                0.000     0.000 r  sys_clk (IN)
                         net (fo=0)                   0.000     0.000    clk_wiz_0_inst/inst/clk_in1
    Y9                   IBUF (Prop_ibuf_I_O)         1.490     1.490 r  clk_wiz_0_inst/inst/clkin1_ibufg/O
                         net (fo=1, routed)           1.306     2.796    clk_wiz_0_inst/inst/clk_in1_clk_wiz_0
    PLLE2_ADV_X0Y0       PLLE2_ADV (Prop_plle2_adv_CLKIN1_CLKOUT0)
                                                     -8.866    -6.070 r  clk_wiz_0_inst/inst/plle2_adv_inst/CLKOUT0
                         net (fo=1, routed)           1.849    -4.221    clk_wiz_0_inst/inst/clk_out1_clk_wiz_0
    BUFGCTRL_X0Y0        BUFG (Prop_bufg_I_O)         0.101    -4.120 r  clk_wiz_0_inst/inst/clkout1_buf/O
                         net (fo=66, routed)          1.980    -2.140    lcd_ctrl_inst/clk_out1
    SLICE_X102Y106       FDCE                                         r  lcd_ctrl_inst/cnt_v_reg[2]/C
  -------------------------------------------------------------------    -------------------
    SLICE_X102Y106       FDCE (Prop_fdce_C_Q)         0.478    -1.662 r  lcd_ctrl_inst/cnt_v_reg[2]/Q
                         net (fo=17, routed)          1.109    -0.552    lcd_ctrl_inst/cnt_v_reg_n_0_[2]
    SLICE_X104Y104       LUT5 (Prop_lut5_I3_O)        0.321    -0.231 r  lcd_ctrl_inst/vsync_OBUF_inst_i_2/O
                         net (fo=5, routed)           0.635     0.404    lcd_ctrl_inst/vsync_OBUF_inst_i_2_n_0
    SLICE_X104Y105       LUT6 (Prop_lut6_I2_O)        0.328     0.732 f  lcd_ctrl_inst/vsync_OBUF_inst_i_1/O
                         net (fo=5, routed)           1.220     1.951    lcd_ctrl_inst/vsync_OBUF
    SLICE_X112Y104       LUT4 (Prop_lut4_I0_O)        0.124     2.075 r  lcd_ctrl_inst/lcd_de_OBUF_inst_i_1/O
                         net (fo=41, routed)          0.486     2.561    score_pic_inst/lcd_de_OBUF
    SLICE_X113Y104       LUT2 (Prop_lut2_I1_O)        0.118     2.679 r  score_pic_inst/rgb_lcd_OBUF[23]_inst_i_1/O
                         net (fo=12, routed)          2.946     5.625    rgb_lcd_OBUF[8]
    A19                  OBUF (Prop_obuf_I_O)         3.736     9.362 r  rgb_lcd_OBUF[8]_inst/O
                         net (fo=0)                   0.000     9.362    rgb_lcd[8]
    A19                                                               r  rgb_lcd[8] (OUT)
  -------------------------------------------------------------------    -------------------

Slack:                    inf
  Source:                 lcd_ctrl_inst/cnt_v_reg[2]/C
                            (rising edge-triggered cell FDCE clocked by clk_out1_clk_wiz_0  {rise@0.000ns fall@15.152ns period=30.303ns})
  Destination:            rgb_lcd[22]
                            (output port)
  Path Group:             (none)
  Path Type:              Max at Slow Process Corner
  Data Path Delay:        11.353ns  (logic 5.108ns (44.992%)  route 6.245ns (55.008%))
  Logic Levels:           5  (LUT2=1 LUT4=1 LUT5=1 LUT6=1 OBUF=1)
  Clock Uncertainty:      0.430ns  ((TSJ^2 + DJ^2)^1/2) / 2 + PE
    Total System Jitter     (TSJ):    0.050ns
    Discrete Jitter          (DJ):    0.333ns
    Phase Error              (PE):    0.262ns

    Location             Delay type                Incr(ns)  Path(ns)    Netlist Resource(s)
  -------------------------------------------------------------------    -------------------
                         (clock clk_out1_clk_wiz_0 rise edge)
                                                      0.000     0.000 r  
    Y9                                                0.000     0.000 r  sys_clk (IN)
                         net (fo=0)                   0.000     0.000    clk_wiz_0_inst/inst/clk_in1
    Y9                   IBUF (Prop_ibuf_I_O)         1.490     1.490 r  clk_wiz_0_inst/inst/clkin1_ibufg/O
                         net (fo=1, routed)           1.306     2.796    clk_wiz_0_inst/inst/clk_in1_clk_wiz_0
    PLLE2_ADV_X0Y0       PLLE2_ADV (Prop_plle2_adv_CLKIN1_CLKOUT0)
                                                     -8.866    -6.070 r  clk_wiz_0_inst/inst/plle2_adv_inst/CLKOUT0
                         net (fo=1, routed)           1.849    -4.221    clk_wiz_0_inst/inst/clk_out1_clk_wiz_0
    BUFGCTRL_X0Y0        BUFG (Prop_bufg_I_O)         0.101    -4.120 r  clk_wiz_0_inst/inst/clkout1_buf/O
                         net (fo=66, routed)          1.980    -2.140    lcd_ctrl_inst/clk_out1
    SLICE_X102Y106       FDCE                                         r  lcd_ctrl_inst/cnt_v_reg[2]/C
  -------------------------------------------------------------------    -------------------
    SLICE_X102Y106       FDCE (Prop_fdce_C_Q)         0.478    -1.662 r  lcd_ctrl_inst/cnt_v_reg[2]/Q
                         net (fo=17, routed)          1.109    -0.552    lcd_ctrl_inst/cnt_v_reg_n_0_[2]
    SLICE_X104Y104       LUT5 (Prop_lut5_I3_O)        0.321    -0.231 r  lcd_ctrl_inst/vsync_OBUF_inst_i_2/O
                         net (fo=5, routed)           0.635     0.404    lcd_ctrl_inst/vsync_OBUF_inst_i_2_n_0
    SLICE_X104Y105       LUT6 (Prop_lut6_I2_O)        0.328     0.732 f  lcd_ctrl_inst/vsync_OBUF_inst_i_1/O
                         net (fo=5, routed)           1.220     1.951    lcd_ctrl_inst/vsync_OBUF
    SLICE_X112Y104       LUT4 (Prop_lut4_I0_O)        0.124     2.075 r  lcd_ctrl_inst/lcd_de_OBUF_inst_i_1/O
                         net (fo=41, routed)          0.486     2.561    score_pic_inst/lcd_de_OBUF
    SLICE_X113Y104       LUT2 (Prop_lut2_I1_O)        0.118     2.679 r  score_pic_inst/rgb_lcd_OBUF[23]_inst_i_1/O
                         net (fo=12, routed)          2.796     5.474    rgb_lcd_OBUF[8]
    C17                  OBUF (Prop_obuf_I_O)         3.739     9.213 r  rgb_lcd_OBUF[22]_inst/O
                         net (fo=0)                   0.000     9.213    rgb_lcd[22]
    C17                                                               r  rgb_lcd[22] (OUT)
  -------------------------------------------------------------------    -------------------

Slack:                    inf
  Source:                 lcd_ctrl_inst/cnt_v_reg[2]/C
                            (rising edge-triggered cell FDCE clocked by clk_out1_clk_wiz_0  {rise@0.000ns fall@15.152ns period=30.303ns})
  Destination:            rgb_lcd[4]
                            (output port)
  Path Group:             (none)
  Path Type:              Max at Slow Process Corner
  Data Path Delay:        11.323ns  (logic 4.901ns (43.280%)  route 6.423ns (56.720%))
  Logic Levels:           5  (LUT2=1 LUT4=1 LUT5=1 LUT6=1 OBUF=1)
  Clock Uncertainty:      0.430ns  ((TSJ^2 + DJ^2)^1/2) / 2 + PE
    Total System Jitter     (TSJ):    0.050ns
    Discrete Jitter          (DJ):    0.333ns
    Phase Error              (PE):    0.262ns

    Location             Delay type                Incr(ns)  Path(ns)    Netlist Resource(s)
  -------------------------------------------------------------------    -------------------
                         (clock clk_out1_clk_wiz_0 rise edge)
                                                      0.000     0.000 r  
    Y9                                                0.000     0.000 r  sys_clk (IN)
                         net (fo=0)                   0.000     0.000    clk_wiz_0_inst/inst/clk_in1
    Y9                   IBUF (Prop_ibuf_I_O)         1.490     1.490 r  clk_wiz_0_inst/inst/clkin1_ibufg/O
                         net (fo=1, routed)           1.306     2.796    clk_wiz_0_inst/inst/clk_in1_clk_wiz_0
    PLLE2_ADV_X0Y0       PLLE2_ADV (Prop_plle2_adv_CLKIN1_CLKOUT0)
                                                     -8.866    -6.070 r  clk_wiz_0_inst/inst/plle2_adv_inst/CLKOUT0
                         net (fo=1, routed)           1.849    -4.221    clk_wiz_0_inst/inst/clk_out1_clk_wiz_0
    BUFGCTRL_X0Y0        BUFG (Prop_bufg_I_O)         0.101    -4.120 r  clk_wiz_0_inst/inst/clkout1_buf/O
                         net (fo=66, routed)          1.980    -2.140    lcd_ctrl_inst/clk_out1
    SLICE_X102Y106       FDCE                                         r  lcd_ctrl_inst/cnt_v_reg[2]/C
  -------------------------------------------------------------------    -------------------
    SLICE_X102Y106       FDCE (Prop_fdce_C_Q)         0.478    -1.662 r  lcd_ctrl_inst/cnt_v_reg[2]/Q
                         net (fo=17, routed)          1.109    -0.552    lcd_ctrl_inst/cnt_v_reg_n_0_[2]
    SLICE_X104Y104       LUT5 (Prop_lut5_I3_O)        0.321    -0.231 r  lcd_ctrl_inst/vsync_OBUF_inst_i_2/O
                         net (fo=5, routed)           0.635     0.404    lcd_ctrl_inst/vsync_OBUF_inst_i_2_n_0
    SLICE_X104Y105       LUT6 (Prop_lut6_I2_O)        0.328     0.732 f  lcd_ctrl_inst/vsync_OBUF_inst_i_1/O
                         net (fo=5, routed)           1.220     1.951    lcd_ctrl_inst/vsync_OBUF
    SLICE_X112Y104       LUT4 (Prop_lut4_I0_O)        0.124     2.075 r  lcd_ctrl_inst/lcd_de_OBUF_inst_i_1/O
                         net (fo=41, routed)          0.384     2.459    score_pic_inst/lcd_de_OBUF
    SLICE_X112Y105       LUT2 (Prop_lut2_I1_O)        0.124     2.583 r  score_pic_inst/rgb_lcd_OBUF[11]_inst_i_1/O
                         net (fo=3, routed)           3.075     5.658    rgb_lcd_OBUF[4]
    G15                  OBUF (Prop_obuf_I_O)         3.526     9.184 r  rgb_lcd_OBUF[4]_inst/O
                         net (fo=0)                   0.000     9.184    rgb_lcd[4]
    G15                                                               r  rgb_lcd[4] (OUT)
  -------------------------------------------------------------------    -------------------

Slack:                    inf
  Source:                 lcd_ctrl_inst/cnt_v_reg[2]/C
                            (rising edge-triggered cell FDCE clocked by clk_out1_clk_wiz_0  {rise@0.000ns fall@15.152ns period=30.303ns})
  Destination:            rgb_lcd[12]
                            (output port)
  Path Group:             (none)
  Path Type:              Max at Slow Process Corner
  Data Path Delay:        11.210ns  (logic 4.871ns (43.457%)  route 6.338ns (56.543%))
  Logic Levels:           5  (LUT2=1 LUT4=1 LUT5=1 LUT6=1 OBUF=1)
  Clock Uncertainty:      0.430ns  ((TSJ^2 + DJ^2)^1/2) / 2 + PE
    Total System Jitter     (TSJ):    0.050ns
    Discrete Jitter          (DJ):    0.333ns
    Phase Error              (PE):    0.262ns

    Location             Delay type                Incr(ns)  Path(ns)    Netlist Resource(s)
  -------------------------------------------------------------------    -------------------
                         (clock clk_out1_clk_wiz_0 rise edge)
                                                      0.000     0.000 r  
    Y9                                                0.000     0.000 r  sys_clk (IN)
                         net (fo=0)                   0.000     0.000    clk_wiz_0_inst/inst/clk_in1
    Y9                   IBUF (Prop_ibuf_I_O)         1.490     1.490 r  clk_wiz_0_inst/inst/clkin1_ibufg/O
                         net (fo=1, routed)           1.306     2.796    clk_wiz_0_inst/inst/clk_in1_clk_wiz_0
    PLLE2_ADV_X0Y0       PLLE2_ADV (Prop_plle2_adv_CLKIN1_CLKOUT0)
                                                     -8.866    -6.070 r  clk_wiz_0_inst/inst/plle2_adv_inst/CLKOUT0
                         net (fo=1, routed)           1.849    -4.221    clk_wiz_0_inst/inst/clk_out1_clk_wiz_0
    BUFGCTRL_X0Y0        BUFG (Prop_bufg_I_O)         0.101    -4.120 r  clk_wiz_0_inst/inst/clkout1_buf/O
                         net (fo=66, routed)          1.980    -2.140    lcd_ctrl_inst/clk_out1
    SLICE_X102Y106       FDCE                                         r  lcd_ctrl_inst/cnt_v_reg[2]/C
  -------------------------------------------------------------------    -------------------
    SLICE_X102Y106       FDCE (Prop_fdce_C_Q)         0.478    -1.662 r  lcd_ctrl_inst/cnt_v_reg[2]/Q
                         net (fo=17, routed)          1.109    -0.552    lcd_ctrl_inst/cnt_v_reg_n_0_[2]
    SLICE_X104Y104       LUT5 (Prop_lut5_I3_O)        0.321    -0.231 r  lcd_ctrl_inst/vsync_OBUF_inst_i_2/O
                         net (fo=5, routed)           0.635     0.404    lcd_ctrl_inst/vsync_OBUF_inst_i_2_n_0
    SLICE_X104Y105       LUT6 (Prop_lut6_I2_O)        0.328     0.732 f  lcd_ctrl_inst/vsync_OBUF_inst_i_1/O
                         net (fo=5, routed)           1.220     1.951    lcd_ctrl_inst/vsync_OBUF
    SLICE_X112Y104       LUT4 (Prop_lut4_I0_O)        0.124     2.075 r  lcd_ctrl_inst/lcd_de_OBUF_inst_i_1/O
                         net (fo=41, routed)          0.486     2.561    score_pic_inst/lcd_de_OBUF
    SLICE_X113Y104       LUT2 (Prop_lut2_I1_O)        0.124     2.685 r  score_pic_inst/rgb_lcd_OBUF[20]_inst_i_1/O
                         net (fo=2, routed)           2.889     5.574    rgb_lcd_OBUF[12]
    E18                  OBUF (Prop_obuf_I_O)         3.496     9.070 r  rgb_lcd_OBUF[12]_inst/O
                         net (fo=0)                   0.000     9.070    rgb_lcd[12]
    E18                                                               r  rgb_lcd[12] (OUT)
  -------------------------------------------------------------------    -------------------

Slack:                    inf
  Source:                 lcd_ctrl_inst/cnt_v_reg[2]/C
                            (rising edge-triggered cell FDCE clocked by clk_out1_clk_wiz_0  {rise@0.000ns fall@15.152ns period=30.303ns})
  Destination:            rgb_lcd[21]
                            (output port)
  Path Group:             (none)
  Path Type:              Max at Slow Process Corner
  Data Path Delay:        11.174ns  (logic 5.102ns (45.658%)  route 6.072ns (54.342%))
  Logic Levels:           5  (LUT2=1 LUT4=1 LUT5=1 LUT6=1 OBUF=1)
  Clock Uncertainty:      0.430ns  ((TSJ^2 + DJ^2)^1/2) / 2 + PE
    Total System Jitter     (TSJ):    0.050ns
    Discrete Jitter          (DJ):    0.333ns
    Phase Error              (PE):    0.262ns

    Location             Delay type                Incr(ns)  Path(ns)    Netlist Resource(s)
  -------------------------------------------------------------------    -------------------
                         (clock clk_out1_clk_wiz_0 rise edge)
                                                      0.000     0.000 r  
    Y9                                                0.000     0.000 r  sys_clk (IN)
                         net (fo=0)                   0.000     0.000    clk_wiz_0_inst/inst/clk_in1
    Y9                   IBUF (Prop_ibuf_I_O)         1.490     1.490 r  clk_wiz_0_inst/inst/clkin1_ibufg/O
                         net (fo=1, routed)           1.306     2.796    clk_wiz_0_inst/inst/clk_in1_clk_wiz_0
    PLLE2_ADV_X0Y0       PLLE2_ADV (Prop_plle2_adv_CLKIN1_CLKOUT0)
                                                     -8.866    -6.070 r  clk_wiz_0_inst/inst/plle2_adv_inst/CLKOUT0
                         net (fo=1, routed)           1.849    -4.221    clk_wiz_0_inst/inst/clk_out1_clk_wiz_0
    BUFGCTRL_X0Y0        BUFG (Prop_bufg_I_O)         0.101    -4.120 r  clk_wiz_0_inst/inst/clkout1_buf/O
                         net (fo=66, routed)          1.980    -2.140    lcd_ctrl_inst/clk_out1
    SLICE_X102Y106       FDCE                                         r  lcd_ctrl_inst/cnt_v_reg[2]/C
  -------------------------------------------------------------------    -------------------
    SLICE_X102Y106       FDCE (Prop_fdce_C_Q)         0.478    -1.662 r  lcd_ctrl_inst/cnt_v_reg[2]/Q
                         net (fo=17, routed)          1.109    -0.552    lcd_ctrl_inst/cnt_v_reg_n_0_[2]
    SLICE_X104Y104       LUT5 (Prop_lut5_I3_O)        0.321    -0.231 r  lcd_ctrl_inst/vsync_OBUF_inst_i_2/O
                         net (fo=5, routed)           0.635     0.404    lcd_ctrl_inst/vsync_OBUF_inst_i_2_n_0
    SLICE_X104Y105       LUT6 (Prop_lut6_I2_O)        0.328     0.732 f  lcd_ctrl_inst/vsync_OBUF_inst_i_1/O
                         net (fo=5, routed)           1.220     1.951    lcd_ctrl_inst/vsync_OBUF
    SLICE_X112Y104       LUT4 (Prop_lut4_I0_O)        0.124     2.075 r  lcd_ctrl_inst/lcd_de_OBUF_inst_i_1/O
                         net (fo=41, routed)          0.486     2.561    score_pic_inst/lcd_de_OBUF
    SLICE_X113Y104       LUT2 (Prop_lut2_I1_O)        0.118     2.679 r  score_pic_inst/rgb_lcd_OBUF[23]_inst_i_1/O
                         net (fo=12, routed)          2.623     5.302    rgb_lcd_OBUF[8]
    C18                  OBUF (Prop_obuf_I_O)         3.733     9.034 r  rgb_lcd_OBUF[21]_inst/O
                         net (fo=0)                   0.000     9.034    rgb_lcd[21]
    C18                                                               r  rgb_lcd[21] (OUT)
  -------------------------------------------------------------------    -------------------





Min Delay Paths
--------------------------------------------------------------------------------------
Slack:                    inf
  Source:                 clk_wiz_0_inst/inst/plle2_adv_inst/CLKOUT0
                            (clock source 'clk_out1_clk_wiz_0'  {rise@0.000ns fall@15.152ns period=30.303ns})
  Destination:            lcd_clk
                            (output port)
  Path Group:             (none)
  Path Type:              Min at Fast Process Corner
  Data Path Delay:        2.542ns  (logic 1.229ns (48.334%)  route 1.313ns (51.666%))
  Logic Levels:           2  (BUFG=1 OBUF=1)
  Clock Uncertainty:      0.430ns  ((TSJ^2 + DJ^2)^1/2) / 2 + PE
    Total System Jitter     (TSJ):    0.050ns
    Discrete Jitter          (DJ):    0.333ns
    Phase Error              (PE):    0.262ns

    Location             Delay type                Incr(ns)  Path(ns)    Netlist Resource(s)
  -------------------------------------------------------------------    -------------------
                         (clock clk_out1_clk_wiz_0 rise edge)
                                                      0.000     0.000 r  
    Y9                                                0.000     0.000 r  sys_clk (IN)
                         net (fo=0)                   0.000     0.000    clk_wiz_0_inst/inst/clk_in1
    Y9                   IBUF (Prop_ibuf_I_O)         0.258     0.258 r  clk_wiz_0_inst/inst/clkin1_ibufg/O
                         net (fo=1, routed)           0.440     0.698    clk_wiz_0_inst/inst/clk_in1_clk_wiz_0
  -------------------------------------------------------------------    -------------------
    PLLE2_ADV_X0Y0       PLLE2_ADV (Prop_plle2_adv_CLKIN1_CLKOUT0)
                                                     -2.384    -1.685 r  clk_wiz_0_inst/inst/plle2_adv_inst/CLKOUT0
                         net (fo=1, routed)           0.533    -1.152    clk_wiz_0_inst/inst/clk_out1_clk_wiz_0
    BUFGCTRL_X0Y0        BUFG (Prop_bufg_I_O)         0.026    -1.126 r  clk_wiz_0_inst/inst/clkout1_buf/O
                         net (fo=66, routed)          0.780    -0.346    lcd_clk_OBUF
    L18                  OBUF (Prop_obuf_I_O)         1.203     0.857 r  lcd_clk_OBUF_inst/O
                         net (fo=0)                   0.000     0.857    lcd_clk
    L18                                                               r  lcd_clk (OUT)
  -------------------------------------------------------------------    -------------------

Slack:                    inf
  Source:                 score_pic_inst/pix_data_reg[11]/C
                            (rising edge-triggered cell FDCE clocked by clk_out1_clk_wiz_0  {rise@0.000ns fall@15.152ns period=30.303ns})
  Destination:            rgb_lcd[5]
                            (output port)
  Path Group:             (none)
  Path Type:              Min at Fast Process Corner
  Data Path Delay:        2.055ns  (logic 1.400ns (68.149%)  route 0.654ns (31.851%))
  Logic Levels:           2  (LUT2=1 OBUF=1)
  Clock Uncertainty:      0.430ns  ((TSJ^2 + DJ^2)^1/2) / 2 + PE
    Total System Jitter     (TSJ):    0.050ns
    Discrete Jitter          (DJ):    0.333ns
    Phase Error              (PE):    0.262ns

    Location             Delay type                Incr(ns)  Path(ns)    Netlist Resource(s)
  -------------------------------------------------------------------    -------------------
                         (clock clk_out1_clk_wiz_0 rise edge)
                                                      0.000     0.000 r  
    Y9                                                0.000     0.000 r  sys_clk (IN)
                         net (fo=0)                   0.000     0.000    clk_wiz_0_inst/inst/clk_in1
    Y9                   IBUF (Prop_ibuf_I_O)         0.258     0.258 r  clk_wiz_0_inst/inst/clkin1_ibufg/O
                         net (fo=1, routed)           0.440     0.698    clk_wiz_0_inst/inst/clk_in1_clk_wiz_0
    PLLE2_ADV_X0Y0       PLLE2_ADV (Prop_plle2_adv_CLKIN1_CLKOUT0)
                                                     -2.384    -1.685 r  clk_wiz_0_inst/inst/plle2_adv_inst/CLKOUT0
                         net (fo=1, routed)           0.533    -1.152    clk_wiz_0_inst/inst/clk_out1_clk_wiz_0
    BUFGCTRL_X0Y0        BUFG (Prop_bufg_I_O)         0.026    -1.126 r  clk_wiz_0_inst/inst/clkout1_buf/O
                         net (fo=66, routed)          0.719    -0.407    score_pic_inst/clk_out1
    SLICE_X109Y103       FDCE                                         r  score_pic_inst/pix_data_reg[11]/C
  -------------------------------------------------------------------    -------------------
    SLICE_X109Y103       FDCE (Prop_fdce_C_Q)         0.141    -0.266 r  score_pic_inst/pix_data_reg[11]/Q
                         net (fo=1, routed)           0.315     0.048    score_pic_inst/pix_data[11]
    SLICE_X112Y105       LUT2 (Prop_lut2_I0_O)        0.045     0.093 r  score_pic_inst/rgb_lcd_OBUF[11]_inst_i_1/O
                         net (fo=3, routed)           0.340     0.433    rgb_lcd_OBUF[4]
    G21                  OBUF (Prop_obuf_I_O)         1.214     1.648 r  rgb_lcd_OBUF[5]_inst/O
                         net (fo=0)                   0.000     1.648    rgb_lcd[5]
    G21                                                               r  rgb_lcd[5] (OUT)
  -------------------------------------------------------------------    -------------------

Slack:                    inf
  Source:                 score_pic_inst/pix_data_reg[23]/C
                            (rising edge-triggered cell FDCE clocked by clk_out1_clk_wiz_0  {rise@0.000ns fall@15.152ns period=30.303ns})
  Destination:            rgb_lcd[14]
                            (output port)
  Path Group:             (none)
  Path Type:              Min at Fast Process Corner
  Data Path Delay:        2.117ns  (logic 1.466ns (69.256%)  route 0.651ns (30.744%))
  Logic Levels:           2  (LUT2=1 OBUF=1)
  Clock Uncertainty:      0.430ns  ((TSJ^2 + DJ^2)^1/2) / 2 + PE
    Total System Jitter     (TSJ):    0.050ns
    Discrete Jitter          (DJ):    0.333ns
    Phase Error              (PE):    0.262ns

    Location             Delay type                Incr(ns)  Path(ns)    Netlist Resource(s)
  -------------------------------------------------------------------    -------------------
                         (clock clk_out1_clk_wiz_0 rise edge)
                                                      0.000     0.000 r  
    Y9                                                0.000     0.000 r  sys_clk (IN)
                         net (fo=0)                   0.000     0.000    clk_wiz_0_inst/inst/clk_in1
    Y9                   IBUF (Prop_ibuf_I_O)         0.258     0.258 r  clk_wiz_0_inst/inst/clkin1_ibufg/O
                         net (fo=1, routed)           0.440     0.698    clk_wiz_0_inst/inst/clk_in1_clk_wiz_0
    PLLE2_ADV_X0Y0       PLLE2_ADV (Prop_plle2_adv_CLKIN1_CLKOUT0)
                                                     -2.384    -1.685 r  clk_wiz_0_inst/inst/plle2_adv_inst/CLKOUT0
                         net (fo=1, routed)           0.533    -1.152    clk_wiz_0_inst/inst/clk_out1_clk_wiz_0
    BUFGCTRL_X0Y0        BUFG (Prop_bufg_I_O)         0.026    -1.126 r  clk_wiz_0_inst/inst/clkout1_buf/O
                         net (fo=66, routed)          0.719    -0.407    score_pic_inst/clk_out1
    SLICE_X109Y103       FDCE                                         r  score_pic_inst/pix_data_reg[23]/C
  -------------------------------------------------------------------    -------------------
    SLICE_X109Y103       FDCE (Prop_fdce_C_Q)         0.141    -0.266 r  score_pic_inst/pix_data_reg[23]/Q
                         net (fo=1, routed)           0.251    -0.015    score_pic_inst/pix_data[23]
    SLICE_X113Y104       LUT2 (Prop_lut2_I0_O)        0.046     0.031 r  score_pic_inst/rgb_lcd_OBUF[23]_inst_i_1/O
                         net (fo=12, routed)          0.400     0.431    rgb_lcd_OBUF[8]
    F19                  OBUF (Prop_obuf_I_O)         1.279     1.710 r  rgb_lcd_OBUF[14]_inst/O
                         net (fo=0)                   0.000     1.710    rgb_lcd[14]
    F19                                                               r  rgb_lcd[14] (OUT)
  -------------------------------------------------------------------    -------------------

Slack:                    inf
  Source:                 score_pic_inst/pix_data_reg[23]/C
                            (rising edge-triggered cell FDCE clocked by clk_out1_clk_wiz_0  {rise@0.000ns fall@15.152ns period=30.303ns})
  Destination:            rgb_lcd[15]
                            (output port)
  Path Group:             (none)
  Path Type:              Min at Fast Process Corner
  Data Path Delay:        2.159ns  (logic 1.511ns (70.009%)  route 0.647ns (29.991%))
  Logic Levels:           2  (LUT2=1 OBUF=1)
  Clock Uncertainty:      0.430ns  ((TSJ^2 + DJ^2)^1/2) / 2 + PE
    Total System Jitter     (TSJ):    0.050ns
    Discrete Jitter          (DJ):    0.333ns
    Phase Error              (PE):    0.262ns

    Location             Delay type                Incr(ns)  Path(ns)    Netlist Resource(s)
  -------------------------------------------------------------------    -------------------
                         (clock clk_out1_clk_wiz_0 rise edge)
                                                      0.000     0.000 r  
    Y9                                                0.000     0.000 r  sys_clk (IN)
                         net (fo=0)                   0.000     0.000    clk_wiz_0_inst/inst/clk_in1
    Y9                   IBUF (Prop_ibuf_I_O)         0.258     0.258 r  clk_wiz_0_inst/inst/clkin1_ibufg/O
                         net (fo=1, routed)           0.440     0.698    clk_wiz_0_inst/inst/clk_in1_clk_wiz_0
    PLLE2_ADV_X0Y0       PLLE2_ADV (Prop_plle2_adv_CLKIN1_CLKOUT0)
                                                     -2.384    -1.685 r  clk_wiz_0_inst/inst/plle2_adv_inst/CLKOUT0
                         net (fo=1, routed)           0.533    -1.152    clk_wiz_0_inst/inst/clk_out1_clk_wiz_0
    BUFGCTRL_X0Y0        BUFG (Prop_bufg_I_O)         0.026    -1.126 r  clk_wiz_0_inst/inst/clkout1_buf/O
                         net (fo=66, routed)          0.719    -0.407    score_pic_inst/clk_out1
    SLICE_X109Y103       FDCE                                         r  score_pic_inst/pix_data_reg[23]/C
  -------------------------------------------------------------------    -------------------
    SLICE_X109Y103       FDCE (Prop_fdce_C_Q)         0.141    -0.266 r  score_pic_inst/pix_data_reg[23]/Q
                         net (fo=1, routed)           0.251    -0.015    score_pic_inst/pix_data[23]
    SLICE_X113Y104       LUT2 (Prop_lut2_I0_O)        0.046     0.031 r  score_pic_inst/rgb_lcd_OBUF[23]_inst_i_1/O
                         net (fo=12, routed)          0.396     0.427    rgb_lcd_OBUF[8]
    E19                  OBUF (Prop_obuf_I_O)         1.324     1.751 r  rgb_lcd_OBUF[15]_inst/O
                         net (fo=0)                   0.000     1.751    rgb_lcd[15]
    E19                                                               r  rgb_lcd[15] (OUT)
  -------------------------------------------------------------------    -------------------

Slack:                    inf
  Source:                 lcd_ctrl_inst/cnt_h_reg[11]/C
                            (rising edge-triggered cell FDCE clocked by clk_out1_clk_wiz_0  {rise@0.000ns fall@15.152ns period=30.303ns})
  Destination:            hsync
                            (output port)
  Path Group:             (none)
  Path Type:              Min at Fast Process Corner
  Data Path Delay:        2.264ns  (logic 1.435ns (63.396%)  route 0.829ns (36.604%))
  Logic Levels:           2  (LUT6=1 OBUF=1)
  Clock Uncertainty:      0.430ns  ((TSJ^2 + DJ^2)^1/2) / 2 + PE
    Total System Jitter     (TSJ):    0.050ns
    Discrete Jitter          (DJ):    0.333ns
    Phase Error              (PE):    0.262ns

    Location             Delay type                Incr(ns)  Path(ns)    Netlist Resource(s)
  -------------------------------------------------------------------    -------------------
                         (clock clk_out1_clk_wiz_0 rise edge)
                                                      0.000     0.000 r  
    Y9                                                0.000     0.000 r  sys_clk (IN)
                         net (fo=0)                   0.000     0.000    clk_wiz_0_inst/inst/clk_in1
    Y9                   IBUF (Prop_ibuf_I_O)         0.258     0.258 r  clk_wiz_0_inst/inst/clkin1_ibufg/O
                         net (fo=1, routed)           0.440     0.698    clk_wiz_0_inst/inst/clk_in1_clk_wiz_0
    PLLE2_ADV_X0Y0       PLLE2_ADV (Prop_plle2_adv_CLKIN1_CLKOUT0)
                                                     -2.384    -1.685 r  clk_wiz_0_inst/inst/plle2_adv_inst/CLKOUT0
                         net (fo=1, routed)           0.533    -1.152    clk_wiz_0_inst/inst/clk_out1_clk_wiz_0
    BUFGCTRL_X0Y0        BUFG (Prop_bufg_I_O)         0.026    -1.126 r  clk_wiz_0_inst/inst/clkout1_buf/O
                         net (fo=66, routed)          0.720    -0.406    lcd_ctrl_inst/clk_out1
    SLICE_X110Y106       FDCE                                         r  lcd_ctrl_inst/cnt_h_reg[11]/C
  -------------------------------------------------------------------    -------------------
    SLICE_X110Y106       FDCE (Prop_fdce_C_Q)         0.141    -0.265 f  lcd_ctrl_inst/cnt_h_reg[11]/Q
                         net (fo=5, routed)           0.322     0.057    lcd_ctrl_inst/cnt_h_reg_n_0_[11]
    SLICE_X108Y104       LUT6 (Prop_lut6_I2_O)        0.045     0.102 r  lcd_ctrl_inst/hsync_OBUF_inst_i_1/O
                         net (fo=2, routed)           0.507     0.609    hsync_OBUF
    J16                  OBUF (Prop_obuf_I_O)         1.249     1.858 r  hsync_OBUF_inst/O
                         net (fo=0)                   0.000     1.858    hsync
    J16                                                               r  hsync (OUT)
  -------------------------------------------------------------------    -------------------

Slack:                    inf
  Source:                 lcd_ctrl_inst/cnt_v_reg[9]/C
                            (rising edge-triggered cell FDCE clocked by clk_out1_clk_wiz_0  {rise@0.000ns fall@15.152ns period=30.303ns})
  Destination:            vsync
                            (output port)
  Path Group:             (none)
  Path Type:              Min at Fast Process Corner
  Data Path Delay:        2.300ns  (logic 1.389ns (60.377%)  route 0.911ns (39.623%))
  Logic Levels:           2  (LUT6=1 OBUF=1)
  Clock Uncertainty:      0.430ns  ((TSJ^2 + DJ^2)^1/2) / 2 + PE
    Total System Jitter     (TSJ):    0.050ns
    Discrete Jitter          (DJ):    0.333ns
    Phase Error              (PE):    0.262ns

    Location             Delay type                Incr(ns)  Path(ns)    Netlist Resource(s)
  -------------------------------------------------------------------    -------------------
                         (clock clk_out1_clk_wiz_0 rise edge)
                                                      0.000     0.000 r  
    Y9                                                0.000     0.000 r  sys_clk (IN)
                         net (fo=0)                   0.000     0.000    clk_wiz_0_inst/inst/clk_in1
    Y9                   IBUF (Prop_ibuf_I_O)         0.258     0.258 r  clk_wiz_0_inst/inst/clkin1_ibufg/O
                         net (fo=1, routed)           0.440     0.698    clk_wiz_0_inst/inst/clk_in1_clk_wiz_0
    PLLE2_ADV_X0Y0       PLLE2_ADV (Prop_plle2_adv_CLKIN1_CLKOUT0)
                                                     -2.384    -1.685 r  clk_wiz_0_inst/inst/plle2_adv_inst/CLKOUT0
                         net (fo=1, routed)           0.533    -1.152    clk_wiz_0_inst/inst/clk_out1_clk_wiz_0
    BUFGCTRL_X0Y0        BUFG (Prop_bufg_I_O)         0.026    -1.126 r  clk_wiz_0_inst/inst/clkout1_buf/O
                         net (fo=66, routed)          0.692    -0.434    lcd_ctrl_inst/clk_out1
    SLICE_X103Y106       FDCE                                         r  lcd_ctrl_inst/cnt_v_reg[9]/C
  -------------------------------------------------------------------    -------------------
    SLICE_X103Y106       FDCE (Prop_fdce_C_Q)         0.141    -0.293 f  lcd_ctrl_inst/cnt_v_reg[9]/Q
                         net (fo=6, routed)           0.190    -0.104    lcd_ctrl_inst/cnt_v_reg_n_0_[9]
    SLICE_X104Y105       LUT6 (Prop_lut6_I5_O)        0.045    -0.059 r  lcd_ctrl_inst/vsync_OBUF_inst_i_1/O
                         net (fo=5, routed)           0.722     0.663    vsync_OBUF
    J17                  OBUF (Prop_obuf_I_O)         1.203     1.866 r  vsync_OBUF_inst/O
                         net (fo=0)                   0.000     1.866    vsync
    J17                                                               r  vsync (OUT)
  -------------------------------------------------------------------    -------------------

Slack:                    inf
  Source:                 score_pic_inst/pix_data_reg[23]/C
                            (rising edge-triggered cell FDCE clocked by clk_out1_clk_wiz_0  {rise@0.000ns fall@15.152ns period=30.303ns})
  Destination:            rgb_lcd[9]
                            (output port)
  Path Group:             (none)
  Path Type:              Min at Fast Process Corner
  Data Path Delay:        2.300ns  (logic 1.497ns (65.067%)  route 0.804ns (34.933%))
  Logic Levels:           2  (LUT2=1 OBUF=1)
  Clock Uncertainty:      0.430ns  ((TSJ^2 + DJ^2)^1/2) / 2 + PE
    Total System Jitter     (TSJ):    0.050ns
    Discrete Jitter          (DJ):    0.333ns
    Phase Error              (PE):    0.262ns

    Location             Delay type                Incr(ns)  Path(ns)    Netlist Resource(s)
  -------------------------------------------------------------------    -------------------
                         (clock clk_out1_clk_wiz_0 rise edge)
                                                      0.000     0.000 r  
    Y9                                                0.000     0.000 r  sys_clk (IN)
                         net (fo=0)                   0.000     0.000    clk_wiz_0_inst/inst/clk_in1
    Y9                   IBUF (Prop_ibuf_I_O)         0.258     0.258 r  clk_wiz_0_inst/inst/clkin1_ibufg/O
                         net (fo=1, routed)           0.440     0.698    clk_wiz_0_inst/inst/clk_in1_clk_wiz_0
    PLLE2_ADV_X0Y0       PLLE2_ADV (Prop_plle2_adv_CLKIN1_CLKOUT0)
                                                     -2.384    -1.685 r  clk_wiz_0_inst/inst/plle2_adv_inst/CLKOUT0
                         net (fo=1, routed)           0.533    -1.152    clk_wiz_0_inst/inst/clk_out1_clk_wiz_0
    BUFGCTRL_X0Y0        BUFG (Prop_bufg_I_O)         0.026    -1.126 r  clk_wiz_0_inst/inst/clkout1_buf/O
                         net (fo=66, routed)          0.719    -0.407    score_pic_inst/clk_out1
    SLICE_X109Y103       FDCE                                         r  score_pic_inst/pix_data_reg[23]/C
  -------------------------------------------------------------------    -------------------
    SLICE_X109Y103       FDCE (Prop_fdce_C_Q)         0.141    -0.266 r  score_pic_inst/pix_data_reg[23]/Q
                         net (fo=1, routed)           0.251    -0.015    score_pic_inst/pix_data[23]
    SLICE_X113Y104       LUT2 (Prop_lut2_I0_O)        0.046     0.031 r  score_pic_inst/rgb_lcd_OBUF[23]_inst_i_1/O
                         net (fo=12, routed)          0.552     0.583    rgb_lcd_OBUF[8]
    C22                  OBUF (Prop_obuf_I_O)         1.310     1.893 r  rgb_lcd_OBUF[9]_inst/O
                         net (fo=0)                   0.000     1.893    rgb_lcd[9]
    C22                                                               r  rgb_lcd[9] (OUT)
  -------------------------------------------------------------------    -------------------

Slack:                    inf
  Source:                 score_pic_inst/pix_data_reg[11]/C
                            (rising edge-triggered cell FDCE clocked by clk_out1_clk_wiz_0  {rise@0.000ns fall@15.152ns period=30.303ns})
  Destination:            rgb_lcd[11]
                            (output port)
  Path Group:             (none)
  Path Type:              Min at Fast Process Corner
  Data Path Delay:        2.316ns  (logic 1.426ns (61.597%)  route 0.889ns (38.403%))
  Logic Levels:           2  (LUT2=1 OBUF=1)
  Clock Uncertainty:      0.430ns  ((TSJ^2 + DJ^2)^1/2) / 2 + PE
    Total System Jitter     (TSJ):    0.050ns
    Discrete Jitter          (DJ):    0.333ns
    Phase Error              (PE):    0.262ns

    Location             Delay type                Incr(ns)  Path(ns)    Netlist Resource(s)
  -------------------------------------------------------------------    -------------------
                         (clock clk_out1_clk_wiz_0 rise edge)
                                                      0.000     0.000 r  
    Y9                                                0.000     0.000 r  sys_clk (IN)
                         net (fo=0)                   0.000     0.000    clk_wiz_0_inst/inst/clk_in1
    Y9                   IBUF (Prop_ibuf_I_O)         0.258     0.258 r  clk_wiz_0_inst/inst/clkin1_ibufg/O
                         net (fo=1, routed)           0.440     0.698    clk_wiz_0_inst/inst/clk_in1_clk_wiz_0
    PLLE2_ADV_X0Y0       PLLE2_ADV (Prop_plle2_adv_CLKIN1_CLKOUT0)
                                                     -2.384    -1.685 r  clk_wiz_0_inst/inst/plle2_adv_inst/CLKOUT0
                         net (fo=1, routed)           0.533    -1.152    clk_wiz_0_inst/inst/clk_out1_clk_wiz_0
    BUFGCTRL_X0Y0        BUFG (Prop_bufg_I_O)         0.026    -1.126 r  clk_wiz_0_inst/inst/clkout1_buf/O
                         net (fo=66, routed)          0.719    -0.407    score_pic_inst/clk_out1
    SLICE_X109Y103       FDCE                                         r  score_pic_inst/pix_data_reg[11]/C
  -------------------------------------------------------------------    -------------------
    SLICE_X109Y103       FDCE (Prop_fdce_C_Q)         0.141    -0.266 r  score_pic_inst/pix_data_reg[11]/Q
                         net (fo=1, routed)           0.315     0.048    score_pic_inst/pix_data[11]
    SLICE_X112Y105       LUT2 (Prop_lut2_I0_O)        0.045     0.093 r  score_pic_inst/rgb_lcd_OBUF[11]_inst_i_1/O
                         net (fo=3, routed)           0.575     0.668    rgb_lcd_OBUF[4]
    D22                  OBUF (Prop_obuf_I_O)         1.240     1.909 r  rgb_lcd_OBUF[11]_inst/O
                         net (fo=0)                   0.000     1.909    rgb_lcd[11]
    D22                                                               r  rgb_lcd[11] (OUT)
  -------------------------------------------------------------------    -------------------

Slack:                    inf
  Source:                 score_pic_inst/pix_data_reg[23]/C
                            (rising edge-triggered cell FDCE clocked by clk_out1_clk_wiz_0  {rise@0.000ns fall@15.152ns period=30.303ns})
  Destination:            rgb_lcd[19]
                            (output port)
  Path Group:             (none)
  Path Type:              Min at Fast Process Corner
  Data Path Delay:        2.433ns  (logic 1.476ns (60.672%)  route 0.957ns (39.328%))
  Logic Levels:           2  (LUT2=1 OBUF=1)
  Clock Uncertainty:      0.430ns  ((TSJ^2 + DJ^2)^1/2) / 2 + PE
    Total System Jitter     (TSJ):    0.050ns
    Discrete Jitter          (DJ):    0.333ns
    Phase Error              (PE):    0.262ns

    Location             Delay type                Incr(ns)  Path(ns)    Netlist Resource(s)
  -------------------------------------------------------------------    -------------------
                         (clock clk_out1_clk_wiz_0 rise edge)
                                                      0.000     0.000 r  
    Y9                                                0.000     0.000 r  sys_clk (IN)
                         net (fo=0)                   0.000     0.000    clk_wiz_0_inst/inst/clk_in1
    Y9                   IBUF (Prop_ibuf_I_O)         0.258     0.258 r  clk_wiz_0_inst/inst/clkin1_ibufg/O
                         net (fo=1, routed)           0.440     0.698    clk_wiz_0_inst/inst/clk_in1_clk_wiz_0
    PLLE2_ADV_X0Y0       PLLE2_ADV (Prop_plle2_adv_CLKIN1_CLKOUT0)
                                                     -2.384    -1.685 r  clk_wiz_0_inst/inst/plle2_adv_inst/CLKOUT0
                         net (fo=1, routed)           0.533    -1.152    clk_wiz_0_inst/inst/clk_out1_clk_wiz_0
    BUFGCTRL_X0Y0        BUFG (Prop_bufg_I_O)         0.026    -1.126 r  clk_wiz_0_inst/inst/clkout1_buf/O
                         net (fo=66, routed)          0.719    -0.407    score_pic_inst/clk_out1
    SLICE_X109Y103       FDCE                                         r  score_pic_inst/pix_data_reg[23]/C
  -------------------------------------------------------------------    -------------------
    SLICE_X109Y103       FDCE (Prop_fdce_C_Q)         0.141    -0.266 r  score_pic_inst/pix_data_reg[23]/Q
                         net (fo=1, routed)           0.251    -0.015    score_pic_inst/pix_data[23]
    SLICE_X113Y104       LUT2 (Prop_lut2_I0_O)        0.046     0.031 r  score_pic_inst/rgb_lcd_OBUF[23]_inst_i_1/O
                         net (fo=12, routed)          0.706     0.737    rgb_lcd_OBUF[8]
    C20                  OBUF (Prop_obuf_I_O)         1.289     2.026 r  rgb_lcd_OBUF[19]_inst/O
                         net (fo=0)                   0.000     2.026    rgb_lcd[19]
    C20                                                               r  rgb_lcd[19] (OUT)
  -------------------------------------------------------------------    -------------------

Slack:                    inf
  Source:                 score_pic_inst/pix_data_reg[20]/C
                            (rising edge-triggered cell FDCE clocked by clk_out1_clk_wiz_0  {rise@0.000ns fall@15.152ns period=30.303ns})
  Destination:            rgb_lcd[20]
                            (output port)
  Path Group:             (none)
  Path Type:              Min at Fast Process Corner
  Data Path Delay:        2.454ns  (logic 1.455ns (59.311%)  route 0.998ns (40.689%))
  Logic Levels:           2  (LUT2=1 OBUF=1)
  Clock Uncertainty:      0.430ns  ((TSJ^2 + DJ^2)^1/2) / 2 + PE
    Total System Jitter     (TSJ):    0.050ns
    Discrete Jitter          (DJ):    0.333ns
    Phase Error              (PE):    0.262ns

    Location             Delay type                Incr(ns)  Path(ns)    Netlist Resource(s)
  -------------------------------------------------------------------    -------------------
                         (clock clk_out1_clk_wiz_0 rise edge)
                                                      0.000     0.000 r  
    Y9                                                0.000     0.000 r  sys_clk (IN)
                         net (fo=0)                   0.000     0.000    clk_wiz_0_inst/inst/clk_in1
    Y9                   IBUF (Prop_ibuf_I_O)         0.258     0.258 r  clk_wiz_0_inst/inst/clkin1_ibufg/O
                         net (fo=1, routed)           0.440     0.698    clk_wiz_0_inst/inst/clk_in1_clk_wiz_0
    PLLE2_ADV_X0Y0       PLLE2_ADV (Prop_plle2_adv_CLKIN1_CLKOUT0)
                                                     -2.384    -1.685 r  clk_wiz_0_inst/inst/plle2_adv_inst/CLKOUT0
                         net (fo=1, routed)           0.533    -1.152    clk_wiz_0_inst/inst/clk_out1_clk_wiz_0
    BUFGCTRL_X0Y0        BUFG (Prop_bufg_I_O)         0.026    -1.126 r  clk_wiz_0_inst/inst/clkout1_buf/O
                         net (fo=66, routed)          0.720    -0.406    score_pic_inst/clk_out1
    SLICE_X112Y103       FDCE                                         r  score_pic_inst/pix_data_reg[20]/C
  -------------------------------------------------------------------    -------------------
    SLICE_X112Y103       FDCE (Prop_fdce_C_Q)         0.164    -0.242 r  score_pic_inst/pix_data_reg[20]/Q
                         net (fo=1, routed)           0.212    -0.030    score_pic_inst/pix_data[20]
    SLICE_X113Y104       LUT2 (Prop_lut2_I0_O)        0.045     0.015 r  score_pic_inst/rgb_lcd_OBUF[20]_inst_i_1/O
                         net (fo=2, routed)           0.786     0.801    rgb_lcd_OBUF[12]
    A16                  OBUF (Prop_obuf_I_O)         1.246     2.047 r  rgb_lcd_OBUF[20]_inst/O
                         net (fo=0)                   0.000     2.047    rgb_lcd[20]
    A16                                                               r  rgb_lcd[20] (OUT)
  -------------------------------------------------------------------    -------------------





--------------------------------------------------------------------------------------
Path Group:  (none)
From Clock:  clkfbout_clk_wiz_0
  To Clock:  

Max Delay             1 Endpoint
Min Delay             1 Endpoint
--------------------------------------------------------------------------------------


Max Delay Paths
--------------------------------------------------------------------------------------
Slack:                    inf
  Source:                 clk_wiz_0_inst/inst/plle2_adv_inst/CLKFBOUT
                            (clock source 'clkfbout_clk_wiz_0'  {rise@0.000ns fall@20.000ns period=40.000ns})
  Destination:            clk_wiz_0_inst/inst/plle2_adv_inst/CLKFBIN
  Path Group:             (none)
  Path Type:              Max at Fast Process Corner
  Data Path Delay:        1.458ns  (logic 0.029ns (1.989%)  route 1.429ns (98.011%))
  Logic Levels:           1  (BUFG=1)
  Clock Uncertainty:      0.356ns  ((TSJ^2 + DJ^2)^1/2) / 2 + PE
    Total System Jitter     (TSJ):    0.050ns
    Discrete Jitter          (DJ):    0.182ns
    Phase Error              (PE):    0.262ns

    Location             Delay type                Incr(ns)  Path(ns)    Netlist Resource(s)
  -------------------------------------------------------------------    -------------------
                         (clock clkfbout_clk_wiz_0 fall edge)
                                                     20.000    20.000 f  
    Y9                                                0.000    20.000 f  sys_clk (IN)
                         net (fo=0)                   0.000    20.000    clk_wiz_0_inst/inst/clk_in1
    Y9                   IBUF (Prop_ibuf_I_O)         0.446    20.446 f  clk_wiz_0_inst/inst/clkin1_ibufg/O
                         net (fo=1, routed)           0.481    20.927    clk_wiz_0_inst/inst/clk_in1_clk_wiz_0
  -------------------------------------------------------------------    -------------------
    PLLE2_ADV_X0Y0       PLLE2_ADV (Prop_plle2_adv_CLKIN1_CLKFBOUT)
                                                     -2.700    18.227 f  clk_wiz_0_inst/inst/plle2_adv_inst/CLKFBOUT
                         net (fo=1, routed)           0.580    18.807    clk_wiz_0_inst/inst/clkfbout_clk_wiz_0
    BUFGCTRL_X0Y1        BUFG (Prop_bufg_I_O)         0.029    18.836 f  clk_wiz_0_inst/inst/clkf_buf/O
                         net (fo=1, routed)           0.849    19.685    clk_wiz_0_inst/inst/clkfbout_buf_clk_wiz_0
    PLLE2_ADV_X0Y0       PLLE2_ADV                                    f  clk_wiz_0_inst/inst/plle2_adv_inst/CLKFBIN
  -------------------------------------------------------------------    -------------------





Min Delay Paths
--------------------------------------------------------------------------------------
Slack:                    inf
  Source:                 clk_wiz_0_inst/inst/plle2_adv_inst/CLKFBOUT
                            (clock source 'clkfbout_clk_wiz_0'  {rise@0.000ns fall@20.000ns period=40.000ns})
  Destination:            clk_wiz_0_inst/inst/plle2_adv_inst/CLKFBIN
  Path Group:             (none)
  Path Type:              Min at Slow Process Corner
  Data Path Delay:        3.366ns  (logic 0.091ns (2.703%)  route 3.275ns (97.297%))
  Logic Levels:           1  (BUFG=1)
  Clock Uncertainty:      0.356ns  ((TSJ^2 + DJ^2)^1/2) / 2 + PE
    Total System Jitter     (TSJ):    0.050ns
    Discrete Jitter          (DJ):    0.182ns
    Phase Error              (PE):    0.262ns

    Location             Delay type                Incr(ns)  Path(ns)    Netlist Resource(s)
  -------------------------------------------------------------------    -------------------
                         (clock clkfbout_clk_wiz_0 rise edge)
                                                      0.000     0.000 r  
    Y9                                                0.000     0.000 r  sys_clk (IN)
                         net (fo=0)                   0.000     0.000    clk_wiz_0_inst/inst/clk_in1
    Y9                   IBUF (Prop_ibuf_I_O)         1.420     1.420 r  clk_wiz_0_inst/inst/clkin1_ibufg/O
                         net (fo=1, routed)           1.181     2.601    clk_wiz_0_inst/inst/clk_in1_clk_wiz_0
  -------------------------------------------------------------------    -------------------
    PLLE2_ADV_X0Y0       PLLE2_ADV (Prop_plle2_adv_CLKIN1_CLKFBOUT)
                                                     -7.970    -5.369 r  clk_wiz_0_inst/inst/plle2_adv_inst/CLKFBOUT
                         net (fo=1, routed)           1.686    -3.683    clk_wiz_0_inst/inst/clkfbout_clk_wiz_0
    BUFGCTRL_X0Y1        BUFG (Prop_bufg_I_O)         0.091    -3.592 r  clk_wiz_0_inst/inst/clkf_buf/O
                         net (fo=1, routed)           1.589    -2.002    clk_wiz_0_inst/inst/clkfbout_buf_clk_wiz_0
    PLLE2_ADV_X0Y0       PLLE2_ADV                                    r  clk_wiz_0_inst/inst/plle2_adv_inst/CLKFBIN
  -------------------------------------------------------------------    -------------------





--------------------------------------------------------------------------------------
Path Group:  (none)
From Clock:  
  To Clock:  clk_out1_clk_wiz_0

Max Delay            65 Endpoints
Min Delay            65 Endpoints
--------------------------------------------------------------------------------------


Max Delay Paths
--------------------------------------------------------------------------------------
Slack:                    inf
  Source:                 clk_wiz_0_inst/inst/plle2_adv_inst/LOCKED
                            (internal pin)
  Destination:            lcd_ctrl_inst/cnt_v_reg[0]/CLR
                            (recovery check against rising-edge clock clk_out1_clk_wiz_0  {rise@0.000ns fall@15.152ns period=30.303ns})
  Path Group:             (none)
  Path Type:              Recovery (Max at Slow Process Corner)
  Data Path Delay:        7.473ns  (logic 0.124ns (1.659%)  route 7.349ns (98.341%))
  Logic Levels:           1  (LUT2=1)
  Clock Uncertainty:      0.430ns  ((TSJ^2 + DJ^2)^1/2) / 2 + PE
    Total System Jitter     (TSJ):    0.050ns
    Discrete Jitter          (DJ):    0.333ns
    Phase Error              (PE):    0.262ns

    Location             Delay type                Incr(ns)  Path(ns)    Netlist Resource(s)
  -------------------------------------------------------------------    -------------------
    PLLE2_ADV_X0Y0       PLLE2_ADV                    0.000     0.000 r  clk_wiz_0_inst/inst/plle2_adv_inst/LOCKED
                         net (fo=1, routed)           4.211     4.211    score_pic_inst/locked
    SLICE_X102Y85        LUT2 (Prop_lut2_I1_O)        0.124     4.335 f  score_pic_inst/cnt_h[11]_i_2/O
                         net (fo=65, routed)          3.137     7.473    lcd_ctrl_inst/cnt_h_reg[11]_0
    SLICE_X104Y106       FDCE                                         f  lcd_ctrl_inst/cnt_v_reg[0]/CLR
  -------------------------------------------------------------------    -------------------

                         (clock clk_out1_clk_wiz_0 rise edge)
                                                      0.000     0.000 r  
    Y9                                                0.000     0.000 r  sys_clk (IN)
                         net (fo=0)                   0.000     0.000    clk_wiz_0_inst/inst/clk_in1
    Y9                   IBUF (Prop_ibuf_I_O)         1.420     1.420 r  clk_wiz_0_inst/inst/clkin1_ibufg/O
                         net (fo=1, routed)           1.181     2.601    clk_wiz_0_inst/inst/clk_in1_clk_wiz_0
    PLLE2_ADV_X0Y0       PLLE2_ADV (Prop_plle2_adv_CLKIN1_CLKOUT0)
                                                     -7.970    -5.369 r  clk_wiz_0_inst/inst/plle2_adv_inst/CLKOUT0
                         net (fo=1, routed)           1.686    -3.683    clk_wiz_0_inst/inst/clk_out1_clk_wiz_0
    BUFGCTRL_X0Y0        BUFG (Prop_bufg_I_O)         0.091    -3.592 r  clk_wiz_0_inst/inst/clkout1_buf/O
                         net (fo=66, routed)          1.786    -1.806    lcd_ctrl_inst/clk_out1
    SLICE_X104Y106       FDCE                                         r  lcd_ctrl_inst/cnt_v_reg[0]/C

Slack:                    inf
  Source:                 clk_wiz_0_inst/inst/plle2_adv_inst/LOCKED
                            (internal pin)
  Destination:            lcd_ctrl_inst/cnt_v_reg[6]/CLR
                            (recovery check against rising-edge clock clk_out1_clk_wiz_0  {rise@0.000ns fall@15.152ns period=30.303ns})
  Path Group:             (none)
  Path Type:              Recovery (Max at Slow Process Corner)
  Data Path Delay:        7.473ns  (logic 0.124ns (1.659%)  route 7.349ns (98.341%))
  Logic Levels:           1  (LUT2=1)
  Clock Uncertainty:      0.430ns  ((TSJ^2 + DJ^2)^1/2) / 2 + PE
    Total System Jitter     (TSJ):    0.050ns
    Discrete Jitter          (DJ):    0.333ns
    Phase Error              (PE):    0.262ns

    Location             Delay type                Incr(ns)  Path(ns)    Netlist Resource(s)
  -------------------------------------------------------------------    -------------------
    PLLE2_ADV_X0Y0       PLLE2_ADV                    0.000     0.000 r  clk_wiz_0_inst/inst/plle2_adv_inst/LOCKED
                         net (fo=1, routed)           4.211     4.211    score_pic_inst/locked
    SLICE_X102Y85        LUT2 (Prop_lut2_I1_O)        0.124     4.335 f  score_pic_inst/cnt_h[11]_i_2/O
                         net (fo=65, routed)          3.137     7.473    lcd_ctrl_inst/cnt_h_reg[11]_0
    SLICE_X105Y106       FDCE                                         f  lcd_ctrl_inst/cnt_v_reg[6]/CLR
  -------------------------------------------------------------------    -------------------

                         (clock clk_out1_clk_wiz_0 rise edge)
                                                      0.000     0.000 r  
    Y9                                                0.000     0.000 r  sys_clk (IN)
                         net (fo=0)                   0.000     0.000    clk_wiz_0_inst/inst/clk_in1
    Y9                   IBUF (Prop_ibuf_I_O)         1.420     1.420 r  clk_wiz_0_inst/inst/clkin1_ibufg/O
                         net (fo=1, routed)           1.181     2.601    clk_wiz_0_inst/inst/clk_in1_clk_wiz_0
    PLLE2_ADV_X0Y0       PLLE2_ADV (Prop_plle2_adv_CLKIN1_CLKOUT0)
                                                     -7.970    -5.369 r  clk_wiz_0_inst/inst/plle2_adv_inst/CLKOUT0
                         net (fo=1, routed)           1.686    -3.683    clk_wiz_0_inst/inst/clk_out1_clk_wiz_0
    BUFGCTRL_X0Y0        BUFG (Prop_bufg_I_O)         0.091    -3.592 r  clk_wiz_0_inst/inst/clkout1_buf/O
                         net (fo=66, routed)          1.786    -1.806    lcd_ctrl_inst/clk_out1
    SLICE_X105Y106       FDCE                                         r  lcd_ctrl_inst/cnt_v_reg[6]/C

Slack:                    inf
  Source:                 clk_wiz_0_inst/inst/plle2_adv_inst/LOCKED
                            (internal pin)
  Destination:            lcd_ctrl_inst/cnt_v_reg[1]/CLR
                            (recovery check against rising-edge clock clk_out1_clk_wiz_0  {rise@0.000ns fall@15.152ns period=30.303ns})
  Path Group:             (none)
  Path Type:              Recovery (Max at Slow Process Corner)
  Data Path Delay:        7.469ns  (logic 0.124ns (1.660%)  route 7.345ns (98.340%))
  Logic Levels:           1  (LUT2=1)
  Clock Uncertainty:      0.430ns  ((TSJ^2 + DJ^2)^1/2) / 2 + PE
    Total System Jitter     (TSJ):    0.050ns
    Discrete Jitter          (DJ):    0.333ns
    Phase Error              (PE):    0.262ns

    Location             Delay type                Incr(ns)  Path(ns)    Netlist Resource(s)
  -------------------------------------------------------------------    -------------------
    PLLE2_ADV_X0Y0       PLLE2_ADV                    0.000     0.000 r  clk_wiz_0_inst/inst/plle2_adv_inst/LOCKED
                         net (fo=1, routed)           4.211     4.211    score_pic_inst/locked
    SLICE_X102Y85        LUT2 (Prop_lut2_I1_O)        0.124     4.335 f  score_pic_inst/cnt_h[11]_i_2/O
                         net (fo=65, routed)          3.133     7.469    lcd_ctrl_inst/cnt_h_reg[11]_0
    SLICE_X102Y106       FDCE                                         f  lcd_ctrl_inst/cnt_v_reg[1]/CLR
  -------------------------------------------------------------------    -------------------

                         (clock clk_out1_clk_wiz_0 rise edge)
                                                      0.000     0.000 r  
    Y9                                                0.000     0.000 r  sys_clk (IN)
                         net (fo=0)                   0.000     0.000    clk_wiz_0_inst/inst/clk_in1
    Y9                   IBUF (Prop_ibuf_I_O)         1.420     1.420 r  clk_wiz_0_inst/inst/clkin1_ibufg/O
                         net (fo=1, routed)           1.181     2.601    clk_wiz_0_inst/inst/clk_in1_clk_wiz_0
    PLLE2_ADV_X0Y0       PLLE2_ADV (Prop_plle2_adv_CLKIN1_CLKOUT0)
                                                     -7.970    -5.369 r  clk_wiz_0_inst/inst/plle2_adv_inst/CLKOUT0
                         net (fo=1, routed)           1.686    -3.683    clk_wiz_0_inst/inst/clk_out1_clk_wiz_0
    BUFGCTRL_X0Y0        BUFG (Prop_bufg_I_O)         0.091    -3.592 r  clk_wiz_0_inst/inst/clkout1_buf/O
                         net (fo=66, routed)          1.786    -1.806    lcd_ctrl_inst/clk_out1
    SLICE_X102Y106       FDCE                                         r  lcd_ctrl_inst/cnt_v_reg[1]/C

Slack:                    inf
  Source:                 clk_wiz_0_inst/inst/plle2_adv_inst/LOCKED
                            (internal pin)
  Destination:            lcd_ctrl_inst/cnt_v_reg[2]/CLR
                            (recovery check against rising-edge clock clk_out1_clk_wiz_0  {rise@0.000ns fall@15.152ns period=30.303ns})
  Path Group:             (none)
  Path Type:              Recovery (Max at Slow Process Corner)
  Data Path Delay:        7.469ns  (logic 0.124ns (1.660%)  route 7.345ns (98.340%))
  Logic Levels:           1  (LUT2=1)
  Clock Uncertainty:      0.430ns  ((TSJ^2 + DJ^2)^1/2) / 2 + PE
    Total System Jitter     (TSJ):    0.050ns
    Discrete Jitter          (DJ):    0.333ns
    Phase Error              (PE):    0.262ns

    Location             Delay type                Incr(ns)  Path(ns)    Netlist Resource(s)
  -------------------------------------------------------------------    -------------------
    PLLE2_ADV_X0Y0       PLLE2_ADV                    0.000     0.000 r  clk_wiz_0_inst/inst/plle2_adv_inst/LOCKED
                         net (fo=1, routed)           4.211     4.211    score_pic_inst/locked
    SLICE_X102Y85        LUT2 (Prop_lut2_I1_O)        0.124     4.335 f  score_pic_inst/cnt_h[11]_i_2/O
                         net (fo=65, routed)          3.133     7.469    lcd_ctrl_inst/cnt_h_reg[11]_0
    SLICE_X102Y106       FDCE                                         f  lcd_ctrl_inst/cnt_v_reg[2]/CLR
  -------------------------------------------------------------------    -------------------

                         (clock clk_out1_clk_wiz_0 rise edge)
                                                      0.000     0.000 r  
    Y9                                                0.000     0.000 r  sys_clk (IN)
                         net (fo=0)                   0.000     0.000    clk_wiz_0_inst/inst/clk_in1
    Y9                   IBUF (Prop_ibuf_I_O)         1.420     1.420 r  clk_wiz_0_inst/inst/clkin1_ibufg/O
                         net (fo=1, routed)           1.181     2.601    clk_wiz_0_inst/inst/clk_in1_clk_wiz_0
    PLLE2_ADV_X0Y0       PLLE2_ADV (Prop_plle2_adv_CLKIN1_CLKOUT0)
                                                     -7.970    -5.369 r  clk_wiz_0_inst/inst/plle2_adv_inst/CLKOUT0
                         net (fo=1, routed)           1.686    -3.683    clk_wiz_0_inst/inst/clk_out1_clk_wiz_0
    BUFGCTRL_X0Y0        BUFG (Prop_bufg_I_O)         0.091    -3.592 r  clk_wiz_0_inst/inst/clkout1_buf/O
                         net (fo=66, routed)          1.786    -1.806    lcd_ctrl_inst/clk_out1
    SLICE_X102Y106       FDCE                                         r  lcd_ctrl_inst/cnt_v_reg[2]/C

Slack:                    inf
  Source:                 clk_wiz_0_inst/inst/plle2_adv_inst/LOCKED
                            (internal pin)
  Destination:            lcd_ctrl_inst/cnt_v_reg[3]/CLR
                            (recovery check against rising-edge clock clk_out1_clk_wiz_0  {rise@0.000ns fall@15.152ns period=30.303ns})
  Path Group:             (none)
  Path Type:              Recovery (Max at Slow Process Corner)
  Data Path Delay:        7.469ns  (logic 0.124ns (1.660%)  route 7.345ns (98.340%))
  Logic Levels:           1  (LUT2=1)
  Clock Uncertainty:      0.430ns  ((TSJ^2 + DJ^2)^1/2) / 2 + PE
    Total System Jitter     (TSJ):    0.050ns
    Discrete Jitter          (DJ):    0.333ns
    Phase Error              (PE):    0.262ns

    Location             Delay type                Incr(ns)  Path(ns)    Netlist Resource(s)
  -------------------------------------------------------------------    -------------------
    PLLE2_ADV_X0Y0       PLLE2_ADV                    0.000     0.000 r  clk_wiz_0_inst/inst/plle2_adv_inst/LOCKED
                         net (fo=1, routed)           4.211     4.211    score_pic_inst/locked
    SLICE_X102Y85        LUT2 (Prop_lut2_I1_O)        0.124     4.335 f  score_pic_inst/cnt_h[11]_i_2/O
                         net (fo=65, routed)          3.133     7.469    lcd_ctrl_inst/cnt_h_reg[11]_0
    SLICE_X102Y106       FDCE                                         f  lcd_ctrl_inst/cnt_v_reg[3]/CLR
  -------------------------------------------------------------------    -------------------

                         (clock clk_out1_clk_wiz_0 rise edge)
                                                      0.000     0.000 r  
    Y9                                                0.000     0.000 r  sys_clk (IN)
                         net (fo=0)                   0.000     0.000    clk_wiz_0_inst/inst/clk_in1
    Y9                   IBUF (Prop_ibuf_I_O)         1.420     1.420 r  clk_wiz_0_inst/inst/clkin1_ibufg/O
                         net (fo=1, routed)           1.181     2.601    clk_wiz_0_inst/inst/clk_in1_clk_wiz_0
    PLLE2_ADV_X0Y0       PLLE2_ADV (Prop_plle2_adv_CLKIN1_CLKOUT0)
                                                     -7.970    -5.369 r  clk_wiz_0_inst/inst/plle2_adv_inst/CLKOUT0
                         net (fo=1, routed)           1.686    -3.683    clk_wiz_0_inst/inst/clk_out1_clk_wiz_0
    BUFGCTRL_X0Y0        BUFG (Prop_bufg_I_O)         0.091    -3.592 r  clk_wiz_0_inst/inst/clkout1_buf/O
                         net (fo=66, routed)          1.786    -1.806    lcd_ctrl_inst/clk_out1
    SLICE_X102Y106       FDCE                                         r  lcd_ctrl_inst/cnt_v_reg[3]/C

Slack:                    inf
  Source:                 clk_wiz_0_inst/inst/plle2_adv_inst/LOCKED
                            (internal pin)
  Destination:            lcd_ctrl_inst/cnt_v_reg[7]/CLR
                            (recovery check against rising-edge clock clk_out1_clk_wiz_0  {rise@0.000ns fall@15.152ns period=30.303ns})
  Path Group:             (none)
  Path Type:              Recovery (Max at Slow Process Corner)
  Data Path Delay:        7.469ns  (logic 0.124ns (1.660%)  route 7.345ns (98.340%))
  Logic Levels:           1  (LUT2=1)
  Clock Uncertainty:      0.430ns  ((TSJ^2 + DJ^2)^1/2) / 2 + PE
    Total System Jitter     (TSJ):    0.050ns
    Discrete Jitter          (DJ):    0.333ns
    Phase Error              (PE):    0.262ns

    Location             Delay type                Incr(ns)  Path(ns)    Netlist Resource(s)
  -------------------------------------------------------------------    -------------------
    PLLE2_ADV_X0Y0       PLLE2_ADV                    0.000     0.000 r  clk_wiz_0_inst/inst/plle2_adv_inst/LOCKED
                         net (fo=1, routed)           4.211     4.211    score_pic_inst/locked
    SLICE_X102Y85        LUT2 (Prop_lut2_I1_O)        0.124     4.335 f  score_pic_inst/cnt_h[11]_i_2/O
                         net (fo=65, routed)          3.133     7.469    lcd_ctrl_inst/cnt_h_reg[11]_0
    SLICE_X103Y106       FDCE                                         f  lcd_ctrl_inst/cnt_v_reg[7]/CLR
  -------------------------------------------------------------------    -------------------

                         (clock clk_out1_clk_wiz_0 rise edge)
                                                      0.000     0.000 r  
    Y9                                                0.000     0.000 r  sys_clk (IN)
                         net (fo=0)                   0.000     0.000    clk_wiz_0_inst/inst/clk_in1
    Y9                   IBUF (Prop_ibuf_I_O)         1.420     1.420 r  clk_wiz_0_inst/inst/clkin1_ibufg/O
                         net (fo=1, routed)           1.181     2.601    clk_wiz_0_inst/inst/clk_in1_clk_wiz_0
    PLLE2_ADV_X0Y0       PLLE2_ADV (Prop_plle2_adv_CLKIN1_CLKOUT0)
                                                     -7.970    -5.369 r  clk_wiz_0_inst/inst/plle2_adv_inst/CLKOUT0
                         net (fo=1, routed)           1.686    -3.683    clk_wiz_0_inst/inst/clk_out1_clk_wiz_0
    BUFGCTRL_X0Y0        BUFG (Prop_bufg_I_O)         0.091    -3.592 r  clk_wiz_0_inst/inst/clkout1_buf/O
                         net (fo=66, routed)          1.786    -1.806    lcd_ctrl_inst/clk_out1
    SLICE_X103Y106       FDCE                                         r  lcd_ctrl_inst/cnt_v_reg[7]/C

Slack:                    inf
  Source:                 clk_wiz_0_inst/inst/plle2_adv_inst/LOCKED
                            (internal pin)
  Destination:            lcd_ctrl_inst/cnt_v_reg[8]/CLR
                            (recovery check against rising-edge clock clk_out1_clk_wiz_0  {rise@0.000ns fall@15.152ns period=30.303ns})
  Path Group:             (none)
  Path Type:              Recovery (Max at Slow Process Corner)
  Data Path Delay:        7.469ns  (logic 0.124ns (1.660%)  route 7.345ns (98.340%))
  Logic Levels:           1  (LUT2=1)
  Clock Uncertainty:      0.430ns  ((TSJ^2 + DJ^2)^1/2) / 2 + PE
    Total System Jitter     (TSJ):    0.050ns
    Discrete Jitter          (DJ):    0.333ns
    Phase Error              (PE):    0.262ns

    Location             Delay type                Incr(ns)  Path(ns)    Netlist Resource(s)
  -------------------------------------------------------------------    -------------------
    PLLE2_ADV_X0Y0       PLLE2_ADV                    0.000     0.000 r  clk_wiz_0_inst/inst/plle2_adv_inst/LOCKED
                         net (fo=1, routed)           4.211     4.211    score_pic_inst/locked
    SLICE_X102Y85        LUT2 (Prop_lut2_I1_O)        0.124     4.335 f  score_pic_inst/cnt_h[11]_i_2/O
                         net (fo=65, routed)          3.133     7.469    lcd_ctrl_inst/cnt_h_reg[11]_0
    SLICE_X103Y106       FDCE                                         f  lcd_ctrl_inst/cnt_v_reg[8]/CLR
  -------------------------------------------------------------------    -------------------

                         (clock clk_out1_clk_wiz_0 rise edge)
                                                      0.000     0.000 r  
    Y9                                                0.000     0.000 r  sys_clk (IN)
                         net (fo=0)                   0.000     0.000    clk_wiz_0_inst/inst/clk_in1
    Y9                   IBUF (Prop_ibuf_I_O)         1.420     1.420 r  clk_wiz_0_inst/inst/clkin1_ibufg/O
                         net (fo=1, routed)           1.181     2.601    clk_wiz_0_inst/inst/clk_in1_clk_wiz_0
    PLLE2_ADV_X0Y0       PLLE2_ADV (Prop_plle2_adv_CLKIN1_CLKOUT0)
                                                     -7.970    -5.369 r  clk_wiz_0_inst/inst/plle2_adv_inst/CLKOUT0
                         net (fo=1, routed)           1.686    -3.683    clk_wiz_0_inst/inst/clk_out1_clk_wiz_0
    BUFGCTRL_X0Y0        BUFG (Prop_bufg_I_O)         0.091    -3.592 r  clk_wiz_0_inst/inst/clkout1_buf/O
                         net (fo=66, routed)          1.786    -1.806    lcd_ctrl_inst/clk_out1
    SLICE_X103Y106       FDCE                                         r  lcd_ctrl_inst/cnt_v_reg[8]/C

Slack:                    inf
  Source:                 clk_wiz_0_inst/inst/plle2_adv_inst/LOCKED
                            (internal pin)
  Destination:            lcd_ctrl_inst/cnt_v_reg[9]/CLR
                            (recovery check against rising-edge clock clk_out1_clk_wiz_0  {rise@0.000ns fall@15.152ns period=30.303ns})
  Path Group:             (none)
  Path Type:              Recovery (Max at Slow Process Corner)
  Data Path Delay:        7.469ns  (logic 0.124ns (1.660%)  route 7.345ns (98.340%))
  Logic Levels:           1  (LUT2=1)
  Clock Uncertainty:      0.430ns  ((TSJ^2 + DJ^2)^1/2) / 2 + PE
    Total System Jitter     (TSJ):    0.050ns
    Discrete Jitter          (DJ):    0.333ns
    Phase Error              (PE):    0.262ns

    Location             Delay type                Incr(ns)  Path(ns)    Netlist Resource(s)
  -------------------------------------------------------------------    -------------------
    PLLE2_ADV_X0Y0       PLLE2_ADV                    0.000     0.000 r  clk_wiz_0_inst/inst/plle2_adv_inst/LOCKED
                         net (fo=1, routed)           4.211     4.211    score_pic_inst/locked
    SLICE_X102Y85        LUT2 (Prop_lut2_I1_O)        0.124     4.335 f  score_pic_inst/cnt_h[11]_i_2/O
                         net (fo=65, routed)          3.133     7.469    lcd_ctrl_inst/cnt_h_reg[11]_0
    SLICE_X103Y106       FDCE                                         f  lcd_ctrl_inst/cnt_v_reg[9]/CLR
  -------------------------------------------------------------------    -------------------

                         (clock clk_out1_clk_wiz_0 rise edge)
                                                      0.000     0.000 r  
    Y9                                                0.000     0.000 r  sys_clk (IN)
                         net (fo=0)                   0.000     0.000    clk_wiz_0_inst/inst/clk_in1
    Y9                   IBUF (Prop_ibuf_I_O)         1.420     1.420 r  clk_wiz_0_inst/inst/clkin1_ibufg/O
                         net (fo=1, routed)           1.181     2.601    clk_wiz_0_inst/inst/clk_in1_clk_wiz_0
    PLLE2_ADV_X0Y0       PLLE2_ADV (Prop_plle2_adv_CLKIN1_CLKOUT0)
                                                     -7.970    -5.369 r  clk_wiz_0_inst/inst/plle2_adv_inst/CLKOUT0
                         net (fo=1, routed)           1.686    -3.683    clk_wiz_0_inst/inst/clk_out1_clk_wiz_0
    BUFGCTRL_X0Y0        BUFG (Prop_bufg_I_O)         0.091    -3.592 r  clk_wiz_0_inst/inst/clkout1_buf/O
                         net (fo=66, routed)          1.786    -1.806    lcd_ctrl_inst/clk_out1
    SLICE_X103Y106       FDCE                                         r  lcd_ctrl_inst/cnt_v_reg[9]/C

Slack:                    inf
  Source:                 clk_wiz_0_inst/inst/plle2_adv_inst/LOCKED
                            (internal pin)
  Destination:            lcd_ctrl_inst/cnt_v_reg[4]/CLR
                            (recovery check against rising-edge clock clk_out1_clk_wiz_0  {rise@0.000ns fall@15.152ns period=30.303ns})
  Path Group:             (none)
  Path Type:              Recovery (Max at Slow Process Corner)
  Data Path Delay:        7.175ns  (logic 0.124ns (1.728%)  route 7.051ns (98.272%))
  Logic Levels:           1  (LUT2=1)
  Clock Uncertainty:      0.430ns  ((TSJ^2 + DJ^2)^1/2) / 2 + PE
    Total System Jitter     (TSJ):    0.050ns
    Discrete Jitter          (DJ):    0.333ns
    Phase Error              (PE):    0.262ns

    Location             Delay type                Incr(ns)  Path(ns)    Netlist Resource(s)
  -------------------------------------------------------------------    -------------------
    PLLE2_ADV_X0Y0       PLLE2_ADV                    0.000     0.000 r  clk_wiz_0_inst/inst/plle2_adv_inst/LOCKED
                         net (fo=1, routed)           4.211     4.211    score_pic_inst/locked
    SLICE_X102Y85        LUT2 (Prop_lut2_I1_O)        0.124     4.335 f  score_pic_inst/cnt_h[11]_i_2/O
                         net (fo=65, routed)          2.840     7.175    lcd_ctrl_inst/cnt_h_reg[11]_0
    SLICE_X104Y105       FDCE                                         f  lcd_ctrl_inst/cnt_v_reg[4]/CLR
  -------------------------------------------------------------------    -------------------

                         (clock clk_out1_clk_wiz_0 rise edge)
                                                      0.000     0.000 r  
    Y9                                                0.000     0.000 r  sys_clk (IN)
                         net (fo=0)                   0.000     0.000    clk_wiz_0_inst/inst/clk_in1
    Y9                   IBUF (Prop_ibuf_I_O)         1.420     1.420 r  clk_wiz_0_inst/inst/clkin1_ibufg/O
                         net (fo=1, routed)           1.181     2.601    clk_wiz_0_inst/inst/clk_in1_clk_wiz_0
    PLLE2_ADV_X0Y0       PLLE2_ADV (Prop_plle2_adv_CLKIN1_CLKOUT0)
                                                     -7.970    -5.369 r  clk_wiz_0_inst/inst/plle2_adv_inst/CLKOUT0
                         net (fo=1, routed)           1.686    -3.683    clk_wiz_0_inst/inst/clk_out1_clk_wiz_0
    BUFGCTRL_X0Y0        BUFG (Prop_bufg_I_O)         0.091    -3.592 r  clk_wiz_0_inst/inst/clkout1_buf/O
                         net (fo=66, routed)          1.786    -1.806    lcd_ctrl_inst/clk_out1
    SLICE_X104Y105       FDCE                                         r  lcd_ctrl_inst/cnt_v_reg[4]/C

Slack:                    inf
  Source:                 clk_wiz_0_inst/inst/plle2_adv_inst/LOCKED
                            (internal pin)
  Destination:            lcd_ctrl_inst/cnt_v_reg[5]/CLR
                            (recovery check against rising-edge clock clk_out1_clk_wiz_0  {rise@0.000ns fall@15.152ns period=30.303ns})
  Path Group:             (none)
  Path Type:              Recovery (Max at Slow Process Corner)
  Data Path Delay:        7.175ns  (logic 0.124ns (1.728%)  route 7.051ns (98.272%))
  Logic Levels:           1  (LUT2=1)
  Clock Uncertainty:      0.430ns  ((TSJ^2 + DJ^2)^1/2) / 2 + PE
    Total System Jitter     (TSJ):    0.050ns
    Discrete Jitter          (DJ):    0.333ns
    Phase Error              (PE):    0.262ns

    Location             Delay type                Incr(ns)  Path(ns)    Netlist Resource(s)
  -------------------------------------------------------------------    -------------------
    PLLE2_ADV_X0Y0       PLLE2_ADV                    0.000     0.000 r  clk_wiz_0_inst/inst/plle2_adv_inst/LOCKED
                         net (fo=1, routed)           4.211     4.211    score_pic_inst/locked
    SLICE_X102Y85        LUT2 (Prop_lut2_I1_O)        0.124     4.335 f  score_pic_inst/cnt_h[11]_i_2/O
                         net (fo=65, routed)          2.840     7.175    lcd_ctrl_inst/cnt_h_reg[11]_0
    SLICE_X105Y105       FDCE                                         f  lcd_ctrl_inst/cnt_v_reg[5]/CLR
  -------------------------------------------------------------------    -------------------

                         (clock clk_out1_clk_wiz_0 rise edge)
                                                      0.000     0.000 r  
    Y9                                                0.000     0.000 r  sys_clk (IN)
                         net (fo=0)                   0.000     0.000    clk_wiz_0_inst/inst/clk_in1
    Y9                   IBUF (Prop_ibuf_I_O)         1.420     1.420 r  clk_wiz_0_inst/inst/clkin1_ibufg/O
                         net (fo=1, routed)           1.181     2.601    clk_wiz_0_inst/inst/clk_in1_clk_wiz_0
    PLLE2_ADV_X0Y0       PLLE2_ADV (Prop_plle2_adv_CLKIN1_CLKOUT0)
                                                     -7.970    -5.369 r  clk_wiz_0_inst/inst/plle2_adv_inst/CLKOUT0
                         net (fo=1, routed)           1.686    -3.683    clk_wiz_0_inst/inst/clk_out1_clk_wiz_0
    BUFGCTRL_X0Y0        BUFG (Prop_bufg_I_O)         0.091    -3.592 r  clk_wiz_0_inst/inst/clkout1_buf/O
                         net (fo=66, routed)          1.786    -1.806    lcd_ctrl_inst/clk_out1
    SLICE_X105Y105       FDCE                                         r  lcd_ctrl_inst/cnt_v_reg[5]/C





Min Delay Paths
--------------------------------------------------------------------------------------
Slack:                    inf
  Source:                 sys_rst_n
                            (input port)
  Destination:            score_pic_inst/clk_cnt_reg[0]/CLR
                            (removal check against rising-edge clock clk_out1_clk_wiz_0  {rise@0.000ns fall@15.152ns period=30.303ns})
  Path Group:             (none)
  Path Type:              Removal (Min at Fast Process Corner)
  Data Path Delay:        1.413ns  (logic 0.300ns (21.208%)  route 1.113ns (78.792%))
  Logic Levels:           2  (IBUF=1 LUT2=1)
  Clock Path Skew:        -0.288ns (DCD - SCD - CPR)
    Destination Clock Delay (DCD):    -0.288ns
    Source Clock Delay      (SCD):    0.000ns
    Clock Pessimism Removal (CPR):    -0.000ns

    Location             Delay type                Incr(ns)  Path(ns)    Netlist Resource(s)
  -------------------------------------------------------------------    -------------------
    F22                                               0.000     0.000 r  sys_rst_n (IN)
                         net (fo=0)                   0.000     0.000    sys_rst_n
    F22                  IBUF (Prop_ibuf_I_O)         0.255     0.255 r  sys_rst_n_IBUF_inst/O
                         net (fo=2, routed)           0.852     1.107    score_pic_inst/sys_rst_n_IBUF
    SLICE_X102Y85        LUT2 (Prop_lut2_I0_O)        0.045     1.152 f  score_pic_inst/cnt_h[11]_i_2/O
                         net (fo=65, routed)          0.261     1.413    score_pic_inst/sys_rst_n
    SLICE_X103Y87        FDCE                                         f  score_pic_inst/clk_cnt_reg[0]/CLR
  -------------------------------------------------------------------    -------------------

                         (clock clk_out1_clk_wiz_0 rise edge)
                                                      0.000     0.000 r  
    Y9                                                0.000     0.000 r  sys_clk (IN)
                         net (fo=0)                   0.000     0.000    clk_wiz_0_inst/inst/clk_in1
    Y9                   IBUF (Prop_ibuf_I_O)         0.446     0.446 r  clk_wiz_0_inst/inst/clkin1_ibufg/O
                         net (fo=1, routed)           0.481     0.927    clk_wiz_0_inst/inst/clk_in1_clk_wiz_0
    PLLE2_ADV_X0Y0       PLLE2_ADV (Prop_plle2_adv_CLKIN1_CLKOUT0)
                                                     -2.700    -1.773 r  clk_wiz_0_inst/inst/plle2_adv_inst/CLKOUT0
                         net (fo=1, routed)           0.580    -1.193    clk_wiz_0_inst/inst/clk_out1_clk_wiz_0
    BUFGCTRL_X0Y0        BUFG (Prop_bufg_I_O)         0.029    -1.164 r  clk_wiz_0_inst/inst/clkout1_buf/O
                         net (fo=66, routed)          0.876    -0.288    score_pic_inst/clk_out1
    SLICE_X103Y87        FDCE                                         r  score_pic_inst/clk_cnt_reg[0]/C

Slack:                    inf
  Source:                 sys_rst_n
                            (input port)
  Destination:            score_pic_inst/clk_cnt_reg[2]/CLR
                            (removal check against rising-edge clock clk_out1_clk_wiz_0  {rise@0.000ns fall@15.152ns period=30.303ns})
  Path Group:             (none)
  Path Type:              Removal (Min at Fast Process Corner)
  Data Path Delay:        1.413ns  (logic 0.300ns (21.208%)  route 1.113ns (78.792%))
  Logic Levels:           2  (IBUF=1 LUT2=1)
  Clock Path Skew:        -0.288ns (DCD - SCD - CPR)
    Destination Clock Delay (DCD):    -0.288ns
    Source Clock Delay      (SCD):    0.000ns
    Clock Pessimism Removal (CPR):    -0.000ns

    Location             Delay type                Incr(ns)  Path(ns)    Netlist Resource(s)
  -------------------------------------------------------------------    -------------------
    F22                                               0.000     0.000 r  sys_rst_n (IN)
                         net (fo=0)                   0.000     0.000    sys_rst_n
    F22                  IBUF (Prop_ibuf_I_O)         0.255     0.255 r  sys_rst_n_IBUF_inst/O
                         net (fo=2, routed)           0.852     1.107    score_pic_inst/sys_rst_n_IBUF
    SLICE_X102Y85        LUT2 (Prop_lut2_I0_O)        0.045     1.152 f  score_pic_inst/cnt_h[11]_i_2/O
                         net (fo=65, routed)          0.261     1.413    score_pic_inst/sys_rst_n
    SLICE_X102Y87        FDCE                                         f  score_pic_inst/clk_cnt_reg[2]/CLR
  -------------------------------------------------------------------    -------------------

                         (clock clk_out1_clk_wiz_0 rise edge)
                                                      0.000     0.000 r  
    Y9                                                0.000     0.000 r  sys_clk (IN)
                         net (fo=0)                   0.000     0.000    clk_wiz_0_inst/inst/clk_in1
    Y9                   IBUF (Prop_ibuf_I_O)         0.446     0.446 r  clk_wiz_0_inst/inst/clkin1_ibufg/O
                         net (fo=1, routed)           0.481     0.927    clk_wiz_0_inst/inst/clk_in1_clk_wiz_0
    PLLE2_ADV_X0Y0       PLLE2_ADV (Prop_plle2_adv_CLKIN1_CLKOUT0)
                                                     -2.700    -1.773 r  clk_wiz_0_inst/inst/plle2_adv_inst/CLKOUT0
                         net (fo=1, routed)           0.580    -1.193    clk_wiz_0_inst/inst/clk_out1_clk_wiz_0
    BUFGCTRL_X0Y0        BUFG (Prop_bufg_I_O)         0.029    -1.164 r  clk_wiz_0_inst/inst/clkout1_buf/O
                         net (fo=66, routed)          0.876    -0.288    score_pic_inst/clk_out1
    SLICE_X102Y87        FDCE                                         r  score_pic_inst/clk_cnt_reg[2]/C

Slack:                    inf
  Source:                 sys_rst_n
                            (input port)
  Destination:            score_pic_inst/clk_cnt_reg[3]/CLR
                            (removal check against rising-edge clock clk_out1_clk_wiz_0  {rise@0.000ns fall@15.152ns period=30.303ns})
  Path Group:             (none)
  Path Type:              Removal (Min at Fast Process Corner)
  Data Path Delay:        1.413ns  (logic 0.300ns (21.208%)  route 1.113ns (78.792%))
  Logic Levels:           2  (IBUF=1 LUT2=1)
  Clock Path Skew:        -0.288ns (DCD - SCD - CPR)
    Destination Clock Delay (DCD):    -0.288ns
    Source Clock Delay      (SCD):    0.000ns
    Clock Pessimism Removal (CPR):    -0.000ns

    Location             Delay type                Incr(ns)  Path(ns)    Netlist Resource(s)
  -------------------------------------------------------------------    -------------------
    F22                                               0.000     0.000 r  sys_rst_n (IN)
                         net (fo=0)                   0.000     0.000    sys_rst_n
    F22                  IBUF (Prop_ibuf_I_O)         0.255     0.255 r  sys_rst_n_IBUF_inst/O
                         net (fo=2, routed)           0.852     1.107    score_pic_inst/sys_rst_n_IBUF
    SLICE_X102Y85        LUT2 (Prop_lut2_I0_O)        0.045     1.152 f  score_pic_inst/cnt_h[11]_i_2/O
                         net (fo=65, routed)          0.261     1.413    score_pic_inst/sys_rst_n
    SLICE_X102Y87        FDCE                                         f  score_pic_inst/clk_cnt_reg[3]/CLR
  -------------------------------------------------------------------    -------------------

                         (clock clk_out1_clk_wiz_0 rise edge)
                                                      0.000     0.000 r  
    Y9                                                0.000     0.000 r  sys_clk (IN)
                         net (fo=0)                   0.000     0.000    clk_wiz_0_inst/inst/clk_in1
    Y9                   IBUF (Prop_ibuf_I_O)         0.446     0.446 r  clk_wiz_0_inst/inst/clkin1_ibufg/O
                         net (fo=1, routed)           0.481     0.927    clk_wiz_0_inst/inst/clk_in1_clk_wiz_0
    PLLE2_ADV_X0Y0       PLLE2_ADV (Prop_plle2_adv_CLKIN1_CLKOUT0)
                                                     -2.700    -1.773 r  clk_wiz_0_inst/inst/plle2_adv_inst/CLKOUT0
                         net (fo=1, routed)           0.580    -1.193    clk_wiz_0_inst/inst/clk_out1_clk_wiz_0
    BUFGCTRL_X0Y0        BUFG (Prop_bufg_I_O)         0.029    -1.164 r  clk_wiz_0_inst/inst/clkout1_buf/O
                         net (fo=66, routed)          0.876    -0.288    score_pic_inst/clk_out1
    SLICE_X102Y87        FDCE                                         r  score_pic_inst/clk_cnt_reg[3]/C

Slack:                    inf
  Source:                 sys_rst_n
                            (input port)
  Destination:            score_pic_inst/clk_cnt_reg[4]/CLR
                            (removal check against rising-edge clock clk_out1_clk_wiz_0  {rise@0.000ns fall@15.152ns period=30.303ns})
  Path Group:             (none)
  Path Type:              Removal (Min at Fast Process Corner)
  Data Path Delay:        1.413ns  (logic 0.300ns (21.208%)  route 1.113ns (78.792%))
  Logic Levels:           2  (IBUF=1 LUT2=1)
  Clock Path Skew:        -0.288ns (DCD - SCD - CPR)
    Destination Clock Delay (DCD):    -0.288ns
    Source Clock Delay      (SCD):    0.000ns
    Clock Pessimism Removal (CPR):    -0.000ns

    Location             Delay type                Incr(ns)  Path(ns)    Netlist Resource(s)
  -------------------------------------------------------------------    -------------------
    F22                                               0.000     0.000 r  sys_rst_n (IN)
                         net (fo=0)                   0.000     0.000    sys_rst_n
    F22                  IBUF (Prop_ibuf_I_O)         0.255     0.255 r  sys_rst_n_IBUF_inst/O
                         net (fo=2, routed)           0.852     1.107    score_pic_inst/sys_rst_n_IBUF
    SLICE_X102Y85        LUT2 (Prop_lut2_I0_O)        0.045     1.152 f  score_pic_inst/cnt_h[11]_i_2/O
                         net (fo=65, routed)          0.261     1.413    score_pic_inst/sys_rst_n
    SLICE_X102Y87        FDCE                                         f  score_pic_inst/clk_cnt_reg[4]/CLR
  -------------------------------------------------------------------    -------------------

                         (clock clk_out1_clk_wiz_0 rise edge)
                                                      0.000     0.000 r  
    Y9                                                0.000     0.000 r  sys_clk (IN)
                         net (fo=0)                   0.000     0.000    clk_wiz_0_inst/inst/clk_in1
    Y9                   IBUF (Prop_ibuf_I_O)         0.446     0.446 r  clk_wiz_0_inst/inst/clkin1_ibufg/O
                         net (fo=1, routed)           0.481     0.927    clk_wiz_0_inst/inst/clk_in1_clk_wiz_0
    PLLE2_ADV_X0Y0       PLLE2_ADV (Prop_plle2_adv_CLKIN1_CLKOUT0)
                                                     -2.700    -1.773 r  clk_wiz_0_inst/inst/plle2_adv_inst/CLKOUT0
                         net (fo=1, routed)           0.580    -1.193    clk_wiz_0_inst/inst/clk_out1_clk_wiz_0
    BUFGCTRL_X0Y0        BUFG (Prop_bufg_I_O)         0.029    -1.164 r  clk_wiz_0_inst/inst/clkout1_buf/O
                         net (fo=66, routed)          0.876    -0.288    score_pic_inst/clk_out1
    SLICE_X102Y87        FDCE                                         r  score_pic_inst/clk_cnt_reg[4]/C

Slack:                    inf
  Source:                 sys_rst_n
                            (input port)
  Destination:            score_pic_inst/clk_cnt_reg[5]/CLR
                            (removal check against rising-edge clock clk_out1_clk_wiz_0  {rise@0.000ns fall@15.152ns period=30.303ns})
  Path Group:             (none)
  Path Type:              Removal (Min at Fast Process Corner)
  Data Path Delay:        1.413ns  (logic 0.300ns (21.208%)  route 1.113ns (78.792%))
  Logic Levels:           2  (IBUF=1 LUT2=1)
  Clock Path Skew:        -0.288ns (DCD - SCD - CPR)
    Destination Clock Delay (DCD):    -0.288ns
    Source Clock Delay      (SCD):    0.000ns
    Clock Pessimism Removal (CPR):    -0.000ns

    Location             Delay type                Incr(ns)  Path(ns)    Netlist Resource(s)
  -------------------------------------------------------------------    -------------------
    F22                                               0.000     0.000 r  sys_rst_n (IN)
                         net (fo=0)                   0.000     0.000    sys_rst_n
    F22                  IBUF (Prop_ibuf_I_O)         0.255     0.255 r  sys_rst_n_IBUF_inst/O
                         net (fo=2, routed)           0.852     1.107    score_pic_inst/sys_rst_n_IBUF
    SLICE_X102Y85        LUT2 (Prop_lut2_I0_O)        0.045     1.152 f  score_pic_inst/cnt_h[11]_i_2/O
                         net (fo=65, routed)          0.261     1.413    score_pic_inst/sys_rst_n
    SLICE_X102Y87        FDCE                                         f  score_pic_inst/clk_cnt_reg[5]/CLR
  -------------------------------------------------------------------    -------------------

                         (clock clk_out1_clk_wiz_0 rise edge)
                                                      0.000     0.000 r  
    Y9                                                0.000     0.000 r  sys_clk (IN)
                         net (fo=0)                   0.000     0.000    clk_wiz_0_inst/inst/clk_in1
    Y9                   IBUF (Prop_ibuf_I_O)         0.446     0.446 r  clk_wiz_0_inst/inst/clkin1_ibufg/O
                         net (fo=1, routed)           0.481     0.927    clk_wiz_0_inst/inst/clk_in1_clk_wiz_0
    PLLE2_ADV_X0Y0       PLLE2_ADV (Prop_plle2_adv_CLKIN1_CLKOUT0)
                                                     -2.700    -1.773 r  clk_wiz_0_inst/inst/plle2_adv_inst/CLKOUT0
                         net (fo=1, routed)           0.580    -1.193    clk_wiz_0_inst/inst/clk_out1_clk_wiz_0
    BUFGCTRL_X0Y0        BUFG (Prop_bufg_I_O)         0.029    -1.164 r  clk_wiz_0_inst/inst/clkout1_buf/O
                         net (fo=66, routed)          0.876    -0.288    score_pic_inst/clk_out1
    SLICE_X102Y87        FDCE                                         r  score_pic_inst/clk_cnt_reg[5]/C

Slack:                    inf
  Source:                 sys_rst_n
                            (input port)
  Destination:            score_pic_inst/clk_cnt_reg[7]/CLR
                            (removal check against rising-edge clock clk_out1_clk_wiz_0  {rise@0.000ns fall@15.152ns period=30.303ns})
  Path Group:             (none)
  Path Type:              Removal (Min at Fast Process Corner)
  Data Path Delay:        1.413ns  (logic 0.300ns (21.208%)  route 1.113ns (78.792%))
  Logic Levels:           2  (IBUF=1 LUT2=1)
  Clock Path Skew:        -0.288ns (DCD - SCD - CPR)
    Destination Clock Delay (DCD):    -0.288ns
    Source Clock Delay      (SCD):    0.000ns
    Clock Pessimism Removal (CPR):    -0.000ns

    Location             Delay type                Incr(ns)  Path(ns)    Netlist Resource(s)
  -------------------------------------------------------------------    -------------------
    F22                                               0.000     0.000 r  sys_rst_n (IN)
                         net (fo=0)                   0.000     0.000    sys_rst_n
    F22                  IBUF (Prop_ibuf_I_O)         0.255     0.255 r  sys_rst_n_IBUF_inst/O
                         net (fo=2, routed)           0.852     1.107    score_pic_inst/sys_rst_n_IBUF
    SLICE_X102Y85        LUT2 (Prop_lut2_I0_O)        0.045     1.152 f  score_pic_inst/cnt_h[11]_i_2/O
                         net (fo=65, routed)          0.261     1.413    score_pic_inst/sys_rst_n
    SLICE_X102Y87        FDCE                                         f  score_pic_inst/clk_cnt_reg[7]/CLR
  -------------------------------------------------------------------    -------------------

                         (clock clk_out1_clk_wiz_0 rise edge)
                                                      0.000     0.000 r  
    Y9                                                0.000     0.000 r  sys_clk (IN)
                         net (fo=0)                   0.000     0.000    clk_wiz_0_inst/inst/clk_in1
    Y9                   IBUF (Prop_ibuf_I_O)         0.446     0.446 r  clk_wiz_0_inst/inst/clkin1_ibufg/O
                         net (fo=1, routed)           0.481     0.927    clk_wiz_0_inst/inst/clk_in1_clk_wiz_0
    PLLE2_ADV_X0Y0       PLLE2_ADV (Prop_plle2_adv_CLKIN1_CLKOUT0)
                                                     -2.700    -1.773 r  clk_wiz_0_inst/inst/plle2_adv_inst/CLKOUT0
                         net (fo=1, routed)           0.580    -1.193    clk_wiz_0_inst/inst/clk_out1_clk_wiz_0
    BUFGCTRL_X0Y0        BUFG (Prop_bufg_I_O)         0.029    -1.164 r  clk_wiz_0_inst/inst/clkout1_buf/O
                         net (fo=66, routed)          0.876    -0.288    score_pic_inst/clk_out1
    SLICE_X102Y87        FDCE                                         r  score_pic_inst/clk_cnt_reg[7]/C

Slack:                    inf
  Source:                 sys_rst_n
                            (input port)
  Destination:            score_pic_inst/clk_cnt_reg[8]/CLR
                            (removal check against rising-edge clock clk_out1_clk_wiz_0  {rise@0.000ns fall@15.152ns period=30.303ns})
  Path Group:             (none)
  Path Type:              Removal (Min at Fast Process Corner)
  Data Path Delay:        1.413ns  (logic 0.300ns (21.208%)  route 1.113ns (78.792%))
  Logic Levels:           2  (IBUF=1 LUT2=1)
  Clock Path Skew:        -0.288ns (DCD - SCD - CPR)
    Destination Clock Delay (DCD):    -0.288ns
    Source Clock Delay      (SCD):    0.000ns
    Clock Pessimism Removal (CPR):    -0.000ns

    Location             Delay type                Incr(ns)  Path(ns)    Netlist Resource(s)
  -------------------------------------------------------------------    -------------------
    F22                                               0.000     0.000 r  sys_rst_n (IN)
                         net (fo=0)                   0.000     0.000    sys_rst_n
    F22                  IBUF (Prop_ibuf_I_O)         0.255     0.255 r  sys_rst_n_IBUF_inst/O
                         net (fo=2, routed)           0.852     1.107    score_pic_inst/sys_rst_n_IBUF
    SLICE_X102Y85        LUT2 (Prop_lut2_I0_O)        0.045     1.152 f  score_pic_inst/cnt_h[11]_i_2/O
                         net (fo=65, routed)          0.261     1.413    score_pic_inst/sys_rst_n
    SLICE_X102Y87        FDCE                                         f  score_pic_inst/clk_cnt_reg[8]/CLR
  -------------------------------------------------------------------    -------------------

                         (clock clk_out1_clk_wiz_0 rise edge)
                                                      0.000     0.000 r  
    Y9                                                0.000     0.000 r  sys_clk (IN)
                         net (fo=0)                   0.000     0.000    clk_wiz_0_inst/inst/clk_in1
    Y9                   IBUF (Prop_ibuf_I_O)         0.446     0.446 r  clk_wiz_0_inst/inst/clkin1_ibufg/O
                         net (fo=1, routed)           0.481     0.927    clk_wiz_0_inst/inst/clk_in1_clk_wiz_0
    PLLE2_ADV_X0Y0       PLLE2_ADV (Prop_plle2_adv_CLKIN1_CLKOUT0)
                                                     -2.700    -1.773 r  clk_wiz_0_inst/inst/plle2_adv_inst/CLKOUT0
                         net (fo=1, routed)           0.580    -1.193    clk_wiz_0_inst/inst/clk_out1_clk_wiz_0
    BUFGCTRL_X0Y0        BUFG (Prop_bufg_I_O)         0.029    -1.164 r  clk_wiz_0_inst/inst/clkout1_buf/O
                         net (fo=66, routed)          0.876    -0.288    score_pic_inst/clk_out1
    SLICE_X102Y87        FDCE                                         r  score_pic_inst/clk_cnt_reg[8]/C

Slack:                    inf
  Source:                 sys_rst_n
                            (input port)
  Destination:            score_pic_inst/clk_cnt_reg[15]/CLR
                            (removal check against rising-edge clock clk_out1_clk_wiz_0  {rise@0.000ns fall@15.152ns period=30.303ns})
  Path Group:             (none)
  Path Type:              Removal (Min at Fast Process Corner)
  Data Path Delay:        1.445ns  (logic 0.300ns (20.726%)  route 1.146ns (79.274%))
  Logic Levels:           2  (IBUF=1 LUT2=1)
  Clock Path Skew:        -0.286ns (DCD - SCD - CPR)
    Destination Clock Delay (DCD):    -0.286ns
    Source Clock Delay      (SCD):    0.000ns
    Clock Pessimism Removal (CPR):    -0.000ns

    Location             Delay type                Incr(ns)  Path(ns)    Netlist Resource(s)
  -------------------------------------------------------------------    -------------------
    F22                                               0.000     0.000 r  sys_rst_n (IN)
                         net (fo=0)                   0.000     0.000    sys_rst_n
    F22                  IBUF (Prop_ibuf_I_O)         0.255     0.255 r  sys_rst_n_IBUF_inst/O
                         net (fo=2, routed)           0.852     1.107    score_pic_inst/sys_rst_n_IBUF
    SLICE_X102Y85        LUT2 (Prop_lut2_I0_O)        0.045     1.152 f  score_pic_inst/cnt_h[11]_i_2/O
                         net (fo=65, routed)          0.294     1.445    score_pic_inst/sys_rst_n
    SLICE_X102Y89        FDCE                                         f  score_pic_inst/clk_cnt_reg[15]/CLR
  -------------------------------------------------------------------    -------------------

                         (clock clk_out1_clk_wiz_0 rise edge)
                                                      0.000     0.000 r  
    Y9                                                0.000     0.000 r  sys_clk (IN)
                         net (fo=0)                   0.000     0.000    clk_wiz_0_inst/inst/clk_in1
    Y9                   IBUF (Prop_ibuf_I_O)         0.446     0.446 r  clk_wiz_0_inst/inst/clkin1_ibufg/O
                         net (fo=1, routed)           0.481     0.927    clk_wiz_0_inst/inst/clk_in1_clk_wiz_0
    PLLE2_ADV_X0Y0       PLLE2_ADV (Prop_plle2_adv_CLKIN1_CLKOUT0)
                                                     -2.700    -1.773 r  clk_wiz_0_inst/inst/plle2_adv_inst/CLKOUT0
                         net (fo=1, routed)           0.580    -1.193    clk_wiz_0_inst/inst/clk_out1_clk_wiz_0
    BUFGCTRL_X0Y0        BUFG (Prop_bufg_I_O)         0.029    -1.164 r  clk_wiz_0_inst/inst/clkout1_buf/O
                         net (fo=66, routed)          0.878    -0.286    score_pic_inst/clk_out1
    SLICE_X102Y89        FDCE                                         r  score_pic_inst/clk_cnt_reg[15]/C

Slack:                    inf
  Source:                 sys_rst_n
                            (input port)
  Destination:            score_pic_inst/clk_cnt_reg[16]/CLR
                            (removal check against rising-edge clock clk_out1_clk_wiz_0  {rise@0.000ns fall@15.152ns period=30.303ns})
  Path Group:             (none)
  Path Type:              Removal (Min at Fast Process Corner)
  Data Path Delay:        1.445ns  (logic 0.300ns (20.726%)  route 1.146ns (79.274%))
  Logic Levels:           2  (IBUF=1 LUT2=1)
  Clock Path Skew:        -0.286ns (DCD - SCD - CPR)
    Destination Clock Delay (DCD):    -0.286ns
    Source Clock Delay      (SCD):    0.000ns
    Clock Pessimism Removal (CPR):    -0.000ns

    Location             Delay type                Incr(ns)  Path(ns)    Netlist Resource(s)
  -------------------------------------------------------------------    -------------------
    F22                                               0.000     0.000 r  sys_rst_n (IN)
                         net (fo=0)                   0.000     0.000    sys_rst_n
    F22                  IBUF (Prop_ibuf_I_O)         0.255     0.255 r  sys_rst_n_IBUF_inst/O
                         net (fo=2, routed)           0.852     1.107    score_pic_inst/sys_rst_n_IBUF
    SLICE_X102Y85        LUT2 (Prop_lut2_I0_O)        0.045     1.152 f  score_pic_inst/cnt_h[11]_i_2/O
                         net (fo=65, routed)          0.294     1.445    score_pic_inst/sys_rst_n
    SLICE_X102Y89        FDCE                                         f  score_pic_inst/clk_cnt_reg[16]/CLR
  -------------------------------------------------------------------    -------------------

                         (clock clk_out1_clk_wiz_0 rise edge)
                                                      0.000     0.000 r  
    Y9                                                0.000     0.000 r  sys_clk (IN)
                         net (fo=0)                   0.000     0.000    clk_wiz_0_inst/inst/clk_in1
    Y9                   IBUF (Prop_ibuf_I_O)         0.446     0.446 r  clk_wiz_0_inst/inst/clkin1_ibufg/O
                         net (fo=1, routed)           0.481     0.927    clk_wiz_0_inst/inst/clk_in1_clk_wiz_0
    PLLE2_ADV_X0Y0       PLLE2_ADV (Prop_plle2_adv_CLKIN1_CLKOUT0)
                                                     -2.700    -1.773 r  clk_wiz_0_inst/inst/plle2_adv_inst/CLKOUT0
                         net (fo=1, routed)           0.580    -1.193    clk_wiz_0_inst/inst/clk_out1_clk_wiz_0
    BUFGCTRL_X0Y0        BUFG (Prop_bufg_I_O)         0.029    -1.164 r  clk_wiz_0_inst/inst/clkout1_buf/O
                         net (fo=66, routed)          0.878    -0.286    score_pic_inst/clk_out1
    SLICE_X102Y89        FDCE                                         r  score_pic_inst/clk_cnt_reg[16]/C

Slack:                    inf
  Source:                 sys_rst_n
                            (input port)
  Destination:            score_pic_inst/clk_cnt_reg[1]/CLR
                            (removal check against rising-edge clock clk_out1_clk_wiz_0  {rise@0.000ns fall@15.152ns period=30.303ns})
  Path Group:             (none)
  Path Type:              Removal (Min at Fast Process Corner)
  Data Path Delay:        1.527ns  (logic 0.300ns (19.621%)  route 1.227ns (80.379%))
  Logic Levels:           2  (IBUF=1 LUT2=1)
  Clock Path Skew:        -0.287ns (DCD - SCD - CPR)
    Destination Clock Delay (DCD):    -0.287ns
    Source Clock Delay      (SCD):    0.000ns
    Clock Pessimism Removal (CPR):    -0.000ns

    Location             Delay type                Incr(ns)  Path(ns)    Netlist Resource(s)
  -------------------------------------------------------------------    -------------------
    F22                                               0.000     0.000 r  sys_rst_n (IN)
                         net (fo=0)                   0.000     0.000    sys_rst_n
    F22                  IBUF (Prop_ibuf_I_O)         0.255     0.255 r  sys_rst_n_IBUF_inst/O
                         net (fo=2, routed)           0.852     1.107    score_pic_inst/sys_rst_n_IBUF
    SLICE_X102Y85        LUT2 (Prop_lut2_I0_O)        0.045     1.152 f  score_pic_inst/cnt_h[11]_i_2/O
                         net (fo=65, routed)          0.375     1.527    score_pic_inst/sys_rst_n
    SLICE_X104Y87        FDCE                                         f  score_pic_inst/clk_cnt_reg[1]/CLR
  -------------------------------------------------------------------    -------------------

                         (clock clk_out1_clk_wiz_0 rise edge)
                                                      0.000     0.000 r  
    Y9                                                0.000     0.000 r  sys_clk (IN)
                         net (fo=0)                   0.000     0.000    clk_wiz_0_inst/inst/clk_in1
    Y9                   IBUF (Prop_ibuf_I_O)         0.446     0.446 r  clk_wiz_0_inst/inst/clkin1_ibufg/O
                         net (fo=1, routed)           0.481     0.927    clk_wiz_0_inst/inst/clk_in1_clk_wiz_0
    PLLE2_ADV_X0Y0       PLLE2_ADV (Prop_plle2_adv_CLKIN1_CLKOUT0)
                                                     -2.700    -1.773 r  clk_wiz_0_inst/inst/plle2_adv_inst/CLKOUT0
                         net (fo=1, routed)           0.580    -1.193    clk_wiz_0_inst/inst/clk_out1_clk_wiz_0
    BUFGCTRL_X0Y0        BUFG (Prop_bufg_I_O)         0.029    -1.164 r  clk_wiz_0_inst/inst/clkout1_buf/O
                         net (fo=66, routed)          0.877    -0.287    score_pic_inst/clk_out1
    SLICE_X104Y87        FDCE                                         r  score_pic_inst/clk_cnt_reg[1]/C





