Copyright 1986-2022 Xilinx, Inc. All Rights Reserved. Copyright 2022-2023 Advanced Micro Devices, Inc. All Rights Reserved.
---------------------------------------------------------------------------------------------------------------------------------------------------------------------------------------------------------------------------------------------
| Tool Version : Vivado v.2023.2 (win64) Build 4029153 Fri Oct 13 20:14:34 MDT 2023
| Date         : Wed May  6 12:55:15 2026
| Host         : DESKTOP-O1S0IG8 running 64-bit major release  (build 9200)
| Command      : report_timing_summary -max_paths 10 -report_unconstrained -file lcd_colorbar_top_timing_summary_routed.rpt -pb lcd_colorbar_top_timing_summary_routed.pb -rpx lcd_colorbar_top_timing_summary_routed.rpx -warn_on_violation
| Design       : lcd_colorbar_top
| Device       : 7z020-clg484
| Speed File   : -1  PRODUCTION 1.12 2019-11-22
| Design State : Routed
---------------------------------------------------------------------------------------------------------------------------------------------------------------------------------------------------------------------------------------------

Timing Summary Report

------------------------------------------------------------------------------------------------
| Timer Settings
| --------------
------------------------------------------------------------------------------------------------

  Enable Multi Corner Analysis               :  Yes
  Enable Pessimism Removal                   :  Yes
  Pessimism Removal Resolution               :  Nearest Common Node
  Enable Input Delay Default Clock           :  No
  Enable Preset / Clear Arcs                 :  No
  Disable Flight Delays                      :  No
  Ignore I/O Paths                           :  No
  Timing Early Launch at Borrowing Latches   :  No
  Borrow Time for Max Delay Exceptions       :  Yes
  Merge Timing Exceptions                    :  Yes
  Inter-SLR Compensation                     :  Conservative

  Corner  Analyze    Analyze    
  Name    Max Paths  Min Paths  
  ------  ---------  ---------  
  Slow    Yes        Yes        
  Fast    Yes        Yes        


------------------------------------------------------------------------------------------------
| Report Methodology
| ------------------
------------------------------------------------------------------------------------------------

Rule     Severity  Description                   Violations  
-------  --------  ----------------------------  ----------  
LUTAR-1  Warning   LUT drives async reset alert  1           

Note: This report is based on the most recent report_methodology run and may not be up-to-date. Run report_methodology on the current design for the latest report.



check_timing report

Table of Contents
-----------------
1. checking no_clock (0)
2. checking constant_clock (0)
3. checking pulse_width_clock (0)
4. checking unconstrained_internal_endpoints (0)
5. checking no_input_delay (1)
6. checking no_output_delay (4)
7. checking multiple_clock (0)
8. checking generated_clocks (0)
9. checking loops (0)
10. checking partial_input_delay (0)
11. checking partial_output_delay (0)
12. checking latch_loops (0)

1. checking no_clock (0)
------------------------
 There are 0 register/latch pins with no clock.


2. checking constant_clock (0)
------------------------------
 There are 0 register/latch pins with constant_clock.


3. checking pulse_width_clock (0)
---------------------------------
 There are 0 register/latch pins which need pulse_width check


4. checking unconstrained_internal_endpoints (0)
------------------------------------------------
 There are 0 pins that are not constrained for maximum delay.

 There are 0 pins that are not constrained for maximum delay due to constant clock.


5. checking no_input_delay (1)
------------------------------
 There is 1 input port with no input delay specified. (HIGH)

 There are 0 input ports with no input delay but user has a false path constraint.


6. checking no_output_delay (4)
-------------------------------
 There are 4 ports with no output delay specified. (HIGH)

 There are 0 ports with no output delay but user has a false path constraint

 There are 0 ports with no output delay but with a timing clock defined on it or propagating through it


7. checking multiple_clock (0)
------------------------------
 There are 0 register/latch pins with multiple clocks.


8. checking generated_clocks (0)
--------------------------------
 There are 0 generated clocks that are not connected to a clock source.


9. checking loops (0)
---------------------
 There are 0 combinational loops in the design.


10. checking partial_input_delay (0)
------------------------------------
 There are 0 input ports with partial input delay specified.


11. checking partial_output_delay (0)
-------------------------------------
 There are 0 ports with partial output delay specified.


12. checking latch_loops (0)
----------------------------
 There are 0 combinational latch loops in the design through latch input



------------------------------------------------------------------------------------------------
| Design Timing Summary
| ---------------------
------------------------------------------------------------------------------------------------

    WNS(ns)      TNS(ns)  TNS Failing Endpoints  TNS Total Endpoints      WHS(ns)      THS(ns)  THS Failing Endpoints  THS Total Endpoints     WPWS(ns)     TPWS(ns)  TPWS Failing Endpoints  TPWS Total Endpoints  
    -------      -------  ---------------------  -------------------      -------      -------  ---------------------  -------------------     --------     --------  ----------------------  --------------------  
     21.622        0.000                      0                   82        0.129        0.000                      0                   82        3.000        0.000                       0                    69  


All user specified timing constraints are met.


------------------------------------------------------------------------------------------------
| Clock Summary
| -------------
------------------------------------------------------------------------------------------------

Clock                 Waveform(ns)       Period(ns)      Frequency(MHz)
-----                 ------------       ----------      --------------
sys_clk               {0.000 5.000}      10.000          100.000         
  clk_out1_clk_wiz_0  {0.000 15.152}     30.303          33.000          
  clkfbout_clk_wiz_0  {0.000 20.000}     40.000          25.000          


------------------------------------------------------------------------------------------------
| Intra Clock Table
| -----------------
------------------------------------------------------------------------------------------------

Clock                     WNS(ns)      TNS(ns)  TNS Failing Endpoints  TNS Total Endpoints      WHS(ns)      THS(ns)  THS Failing Endpoints  THS Total Endpoints     WPWS(ns)     TPWS(ns)  TPWS Failing Endpoints  TPWS Total Endpoints  
-----                     -------      -------  ---------------------  -------------------      -------      -------  ---------------------  -------------------     --------     --------  ----------------------  --------------------  
sys_clk                                                                                                                                                                 3.000        0.000                       0                     1  
  clk_out1_clk_wiz_0       21.622        0.000                      0                   82        0.129        0.000                      0                   82       14.652        0.000                       0                    65  
  clkfbout_clk_wiz_0                                                                                                                                                   12.633        0.000                       0                     3  


------------------------------------------------------------------------------------------------
| Inter Clock Table
| -----------------
------------------------------------------------------------------------------------------------

From Clock    To Clock          WNS(ns)      TNS(ns)  TNS Failing Endpoints  TNS Total Endpoints      WHS(ns)      THS(ns)  THS Failing Endpoints  THS Total Endpoints  
----------    --------          -------      -------  ---------------------  -------------------      -------      -------  ---------------------  -------------------  


------------------------------------------------------------------------------------------------
| Other Path Groups Table
| -----------------------
------------------------------------------------------------------------------------------------

Path Group    From Clock    To Clock          WNS(ns)      TNS(ns)  TNS Failing Endpoints  TNS Total Endpoints      WHS(ns)      THS(ns)  THS Failing Endpoints  THS Total Endpoints  
----------    ----------    --------          -------      -------  ---------------------  -------------------      -------      -------  ---------------------  -------------------  


------------------------------------------------------------------------------------------------
| User Ignored Path Table
| -----------------------
------------------------------------------------------------------------------------------------

Path Group    From Clock    To Clock    
----------    ----------    --------    


------------------------------------------------------------------------------------------------
| Unconstrained Path Table
| ------------------------
------------------------------------------------------------------------------------------------

Path Group          From Clock          To Clock          
----------          ----------          --------          
(none)              clk_out1_clk_wiz_0                      
(none)              clkfbout_clk_wiz_0                      
(none)                                  clk_out1_clk_wiz_0  


------------------------------------------------------------------------------------------------
| Timing Details
| --------------
------------------------------------------------------------------------------------------------


---------------------------------------------------------------------------------------------------
From Clock:  sys_clk
  To Clock:  sys_clk

Setup :           NA  Failing Endpoints,  Worst Slack           NA  ,  Total Violation           NA
Hold  :           NA  Failing Endpoints,  Worst Slack           NA  ,  Total Violation           NA
PW    :            0  Failing Endpoints,  Worst Slack        3.000ns,  Total Violation        0.000ns
---------------------------------------------------------------------------------------------------


Pulse Width Checks
--------------------------------------------------------------------------------------
Clock Name:         sys_clk
Waveform(ns):       { 0.000 5.000 }
Period(ns):         10.000
Sources:            { sys_clk }

Check Type        Corner  Lib Pin           Reference Pin  Required(ns)  Actual(ns)  Slack(ns)  Location        Pin
Min Period        n/a     PLLE2_ADV/CLKIN1  n/a            1.249         10.000      8.751      PLLE2_ADV_X0Y0  clk_wiz_0_inst/inst/plle2_adv_inst/CLKIN1
Max Period        n/a     PLLE2_ADV/CLKIN1  n/a            52.633        10.000      42.633     PLLE2_ADV_X0Y0  clk_wiz_0_inst/inst/plle2_adv_inst/CLKIN1
Low Pulse Width   Slow    PLLE2_ADV/CLKIN1  n/a            2.000         5.000       3.000      PLLE2_ADV_X0Y0  clk_wiz_0_inst/inst/plle2_adv_inst/CLKIN1
Low Pulse Width   Fast    PLLE2_ADV/CLKIN1  n/a            2.000         5.000       3.000      PLLE2_ADV_X0Y0  clk_wiz_0_inst/inst/plle2_adv_inst/CLKIN1
High Pulse Width  Slow    PLLE2_ADV/CLKIN1  n/a            2.000         5.000       3.000      PLLE2_ADV_X0Y0  clk_wiz_0_inst/inst/plle2_adv_inst/CLKIN1
High Pulse Width  Fast    PLLE2_ADV/CLKIN1  n/a            2.000         5.000       3.000      PLLE2_ADV_X0Y0  clk_wiz_0_inst/inst/plle2_adv_inst/CLKIN1



---------------------------------------------------------------------------------------------------
From Clock:  clk_out1_clk_wiz_0
  To Clock:  clk_out1_clk_wiz_0

Setup :            0  Failing Endpoints,  Worst Slack       21.622ns,  Total Violation        0.000ns
Hold  :            0  Failing Endpoints,  Worst Slack        0.129ns,  Total Violation        0.000ns
PW    :            0  Failing Endpoints,  Worst Slack       14.652ns,  Total Violation        0.000ns
---------------------------------------------------------------------------------------------------


Max Delay Paths
--------------------------------------------------------------------------------------
Slack (MET) :             21.622ns  (required time - arrival time)
  Source:                 lcd_ctrl_inst/cnt_v_reg[1]/C
                            (rising edge-triggered cell FDCE clocked by clk_out1_clk_wiz_0  {rise@0.000ns fall@15.152ns period=30.303ns})
  Destination:            lcd_pic_inst/pix_data_reg[15]/D
                            (rising edge-triggered cell FDCE clocked by clk_out1_clk_wiz_0  {rise@0.000ns fall@15.152ns period=30.303ns})
  Path Group:             clk_out1_clk_wiz_0
  Path Type:              Setup (Max at Slow Process Corner)
  Requirement:            30.303ns  (clk_out1_clk_wiz_0 rise@30.303ns - clk_out1_clk_wiz_0 rise@0.000ns)
  Data Path Delay:        8.520ns  (logic 2.256ns (26.479%)  route 6.264ns (73.521%))
  Logic Levels:           8  (CARRY4=2 LUT2=1 LUT4=1 LUT6=4)
  Clock Path Skew:        -0.022ns (DCD - SCD + CPR)
    Destination Clock Delay (DCD):    -1.732ns = ( 28.571 - 30.303 ) 
    Source Clock Delay      (SCD):    -2.062ns
    Clock Pessimism Removal (CPR):    -0.352ns
  Clock Uncertainty:      0.170ns  ((TSJ^2 + DJ^2)^1/2) / 2 + PE
    Total System Jitter     (TSJ):    0.071ns
    Discrete Jitter          (DJ):    0.333ns
    Phase Error              (PE):    0.000ns

    Location             Delay type                Incr(ns)  Path(ns)    Netlist Resource(s)
  -------------------------------------------------------------------    -------------------
                         (clock clk_out1_clk_wiz_0 rise edge)
                                                      0.000     0.000 r  
    Y9                                                0.000     0.000 r  sys_clk (IN)
                         net (fo=0)                   0.000     0.000    clk_wiz_0_inst/inst/clk_in1
    Y9                   IBUF (Prop_ibuf_I_O)         1.490     1.490 r  clk_wiz_0_inst/inst/clkin1_ibufg/O
                         net (fo=1, routed)           1.306     2.796    clk_wiz_0_inst/inst/clk_in1_clk_wiz_0
    PLLE2_ADV_X0Y0       PLLE2_ADV (Prop_plle2_adv_CLKIN1_CLKOUT0)
                                                     -8.866    -6.070 r  clk_wiz_0_inst/inst/plle2_adv_inst/CLKOUT0
                         net (fo=1, routed)           1.849    -4.221    clk_wiz_0_inst/inst/clk_out1_clk_wiz_0
    BUFGCTRL_X0Y0        BUFG (Prop_bufg_I_O)         0.101    -4.120 r  clk_wiz_0_inst/inst/clkout1_buf/O
                         net (fo=64, routed)          2.058    -2.062    lcd_ctrl_inst/CLK
    SLICE_X108Y104       FDCE                                         r  lcd_ctrl_inst/cnt_v_reg[1]/C
  -------------------------------------------------------------------    -------------------
    SLICE_X108Y104       FDCE (Prop_fdce_C_Q)         0.518    -1.544 f  lcd_ctrl_inst/cnt_v_reg[1]/Q
                         net (fo=20, routed)          1.478    -0.065    lcd_ctrl_inst/cnt_v[1]
    SLICE_X112Y105       LUT6 (Prop_lut6_I3_O)        0.124     0.059 f  lcd_ctrl_inst/vsync_OBUF_inst_i_2/O
                         net (fo=12, routed)          0.976     1.034    lcd_ctrl_inst/vsync_OBUF_inst_i_2_n_0
    SLICE_X112Y105       LUT6 (Prop_lut6_I0_O)        0.124     1.158 f  lcd_ctrl_inst/lcd_de_OBUF_inst_i_2/O
                         net (fo=2, routed)           0.798     1.956    lcd_ctrl_inst/lcd_de_OBUF_inst_i_2_n_0
    SLICE_X110Y100       LUT6 (Prop_lut6_I5_O)        0.124     2.080 r  lcd_ctrl_inst/i___0_carry__1_i_1/O
                         net (fo=32, routed)          0.979     3.059    lcd_ctrl_inst/pix_y[0]
    SLICE_X111Y105       LUT4 (Prop_lut4_I3_O)        0.150     3.209 r  lcd_ctrl_inst/i___0_carry__0_i_2/O
                         net (fo=1, routed)           0.572     3.780    lcd_pic_inst/_inferred__0/i___0_carry__1_0[2]
    SLICE_X110Y105       CARRY4 (Prop_carry4_DI[2]_CO[3])
                                                      0.606     4.386 r  lcd_pic_inst/_inferred__0/i___0_carry__0/CO[3]
                         net (fo=1, routed)           0.000     4.386    lcd_pic_inst/_inferred__0/i___0_carry__0_n_0
    SLICE_X110Y106       CARRY4 (Prop_carry4_CI_CO[1])
                                                      0.157     4.543 f  lcd_pic_inst/_inferred__0/i___0_carry__1/CO[1]
                         net (fo=1, routed)           0.659     5.203    lcd_ctrl_inst/CO[0]
    SLICE_X110Y101       LUT6 (Prop_lut6_I2_O)        0.329     5.532 f  lcd_ctrl_inst/pix_data[15]_i_2/O
                         net (fo=1, routed)           0.803     6.334    lcd_ctrl_inst/pix_data[15]_i_2_n_0
    SLICE_X109Y104       LUT2 (Prop_lut2_I1_O)        0.124     6.458 r  lcd_ctrl_inst/pix_data[15]_i_1/O
                         net (fo=1, routed)           0.000     6.458    lcd_pic_inst/pix_data_reg[15]_0
    SLICE_X109Y104       FDCE                                         r  lcd_pic_inst/pix_data_reg[15]/D
  -------------------------------------------------------------------    -------------------

                         (clock clk_out1_clk_wiz_0 rise edge)
                                                     30.303    30.303 r  
    Y9                                                0.000    30.303 r  sys_clk (IN)
                         net (fo=0)                   0.000    30.303    clk_wiz_0_inst/inst/clk_in1
    Y9                   IBUF (Prop_ibuf_I_O)         1.420    31.723 r  clk_wiz_0_inst/inst/clkin1_ibufg/O
                         net (fo=1, routed)           1.181    32.904    clk_wiz_0_inst/inst/clk_in1_clk_wiz_0
    PLLE2_ADV_X0Y0       PLLE2_ADV (Prop_plle2_adv_CLKIN1_CLKOUT0)
                                                     -7.970    24.934 r  clk_wiz_0_inst/inst/plle2_adv_inst/CLKOUT0
                         net (fo=1, routed)           1.686    26.620    clk_wiz_0_inst/inst/clk_out1_clk_wiz_0
    BUFGCTRL_X0Y0        BUFG (Prop_bufg_I_O)         0.091    26.711 r  clk_wiz_0_inst/inst/clkout1_buf/O
                         net (fo=64, routed)          1.860    28.571    lcd_pic_inst/CLK
    SLICE_X109Y104       FDCE                                         r  lcd_pic_inst/pix_data_reg[15]/C
                         clock pessimism             -0.352    28.219    
                         clock uncertainty           -0.170    28.049    
    SLICE_X109Y104       FDCE (Setup_fdce_C_D)        0.031    28.080    lcd_pic_inst/pix_data_reg[15]
  -------------------------------------------------------------------
                         required time                         28.080    
                         arrival time                          -6.458    
  -------------------------------------------------------------------
                         slack                                 21.622    

Slack (MET) :             25.626ns  (required time - arrival time)
  Source:                 lcd_ctrl_inst/cnt_v_reg[7]/C
                            (rising edge-triggered cell FDCE clocked by clk_out1_clk_wiz_0  {rise@0.000ns fall@15.152ns period=30.303ns})
  Destination:            lcd_ctrl_inst/cnt_v_reg[3]/D
                            (rising edge-triggered cell FDCE clocked by clk_out1_clk_wiz_0  {rise@0.000ns fall@15.152ns period=30.303ns})
  Path Group:             clk_out1_clk_wiz_0
  Path Type:              Setup (Max at Slow Process Corner)
  Requirement:            30.303ns  (clk_out1_clk_wiz_0 rise@30.303ns - clk_out1_clk_wiz_0 rise@0.000ns)
  Data Path Delay:        4.241ns  (logic 0.978ns (23.058%)  route 3.263ns (76.942%))
  Logic Levels:           4  (LUT4=1 LUT5=3)
  Clock Path Skew:        -0.025ns (DCD - SCD + CPR)
    Destination Clock Delay (DCD):    -1.732ns = ( 28.571 - 30.303 ) 
    Source Clock Delay      (SCD):    -2.062ns
    Clock Pessimism Removal (CPR):    -0.355ns
  Clock Uncertainty:      0.170ns  ((TSJ^2 + DJ^2)^1/2) / 2 + PE
    Total System Jitter     (TSJ):    0.071ns
    Discrete Jitter          (DJ):    0.333ns
    Phase Error              (PE):    0.000ns

    Location             Delay type                Incr(ns)  Path(ns)    Netlist Resource(s)
  -------------------------------------------------------------------    -------------------
                         (clock clk_out1_clk_wiz_0 rise edge)
                                                      0.000     0.000 r  
    Y9                                                0.000     0.000 r  sys_clk (IN)
                         net (fo=0)                   0.000     0.000    clk_wiz_0_inst/inst/clk_in1
    Y9                   IBUF (Prop_ibuf_I_O)         1.490     1.490 r  clk_wiz_0_inst/inst/clkin1_ibufg/O
                         net (fo=1, routed)           1.306     2.796    clk_wiz_0_inst/inst/clk_in1_clk_wiz_0
    PLLE2_ADV_X0Y0       PLLE2_ADV (Prop_plle2_adv_CLKIN1_CLKOUT0)
                                                     -8.866    -6.070 r  clk_wiz_0_inst/inst/plle2_adv_inst/CLKOUT0
                         net (fo=1, routed)           1.849    -4.221    clk_wiz_0_inst/inst/clk_out1_clk_wiz_0
    BUFGCTRL_X0Y0        BUFG (Prop_bufg_I_O)         0.101    -4.120 r  clk_wiz_0_inst/inst/clkout1_buf/O
                         net (fo=64, routed)          2.058    -2.062    lcd_ctrl_inst/CLK
    SLICE_X109Y105       FDCE                                         r  lcd_ctrl_inst/cnt_v_reg[7]/C
  -------------------------------------------------------------------    -------------------
    SLICE_X109Y105       FDCE (Prop_fdce_C_Q)         0.456    -1.606 f  lcd_ctrl_inst/cnt_v_reg[7]/Q
                         net (fo=17, routed)          1.509    -0.097    lcd_ctrl_inst/cnt_v[7]
    SLICE_X109Y103       LUT4 (Prop_lut4_I0_O)        0.124     0.027 r  lcd_ctrl_inst/cnt_v[9]_i_7/O
                         net (fo=1, routed)           0.263     0.290    lcd_ctrl_inst/cnt_v[9]_i_7_n_0
    SLICE_X109Y103       LUT5 (Prop_lut5_I4_O)        0.124     0.414 f  lcd_ctrl_inst/cnt_v[9]_i_4/O
                         net (fo=3, routed)           0.485     0.899    lcd_ctrl_inst/cnt_v[9]_i_4_n_0
    SLICE_X109Y103       LUT5 (Prop_lut5_I3_O)        0.124     1.023 f  lcd_ctrl_inst/cnt_v[3]_i_2/O
                         net (fo=2, routed)           0.671     1.694    lcd_ctrl_inst/cnt_v[3]_i_2_n_0
    SLICE_X108Y104       LUT5 (Prop_lut5_I4_O)        0.150     1.844 r  lcd_ctrl_inst/cnt_v[3]_i_1/O
                         net (fo=1, routed)           0.336     2.180    lcd_ctrl_inst/cnt_v[3]_i_1_n_0
    SLICE_X108Y104       FDCE                                         r  lcd_ctrl_inst/cnt_v_reg[3]/D
  -------------------------------------------------------------------    -------------------

                         (clock clk_out1_clk_wiz_0 rise edge)
                                                     30.303    30.303 r  
    Y9                                                0.000    30.303 r  sys_clk (IN)
                         net (fo=0)                   0.000    30.303    clk_wiz_0_inst/inst/clk_in1
    Y9                   IBUF (Prop_ibuf_I_O)         1.420    31.723 r  clk_wiz_0_inst/inst/clkin1_ibufg/O
                         net (fo=1, routed)           1.181    32.904    clk_wiz_0_inst/inst/clk_in1_clk_wiz_0
    PLLE2_ADV_X0Y0       PLLE2_ADV (Prop_plle2_adv_CLKIN1_CLKOUT0)
                                                     -7.970    24.934 r  clk_wiz_0_inst/inst/plle2_adv_inst/CLKOUT0
                         net (fo=1, routed)           1.686    26.620    clk_wiz_0_inst/inst/clk_out1_clk_wiz_0
    BUFGCTRL_X0Y0        BUFG (Prop_bufg_I_O)         0.091    26.711 r  clk_wiz_0_inst/inst/clkout1_buf/O
                         net (fo=64, routed)          1.860    28.571    lcd_ctrl_inst/CLK
    SLICE_X108Y104       FDCE                                         r  lcd_ctrl_inst/cnt_v_reg[3]/C
                         clock pessimism             -0.355    28.216    
                         clock uncertainty           -0.170    28.046    
    SLICE_X108Y104       FDCE (Setup_fdce_C_D)       -0.240    27.806    lcd_ctrl_inst/cnt_v_reg[3]
  -------------------------------------------------------------------
                         required time                         27.806    
                         arrival time                          -2.180    
  -------------------------------------------------------------------
                         slack                                 25.626    

Slack (MET) :             25.785ns  (required time - arrival time)
  Source:                 lcd_pic_inst/clk_div_reg[18]/C
                            (rising edge-triggered cell FDCE clocked by clk_out1_clk_wiz_0  {rise@0.000ns fall@15.152ns period=30.303ns})
  Destination:            lcd_pic_inst/fall_tick_reg/D
                            (rising edge-triggered cell FDCE clocked by clk_out1_clk_wiz_0  {rise@0.000ns fall@15.152ns period=30.303ns})
  Path Group:             clk_out1_clk_wiz_0
  Path Type:              Setup (Max at Slow Process Corner)
  Requirement:            30.303ns  (clk_out1_clk_wiz_0 rise@30.303ns - clk_out1_clk_wiz_0 rise@0.000ns)
  Data Path Delay:        4.378ns  (logic 0.952ns (21.743%)  route 3.426ns (78.257%))
  Logic Levels:           4  (LUT4=1 LUT5=1 LUT6=2)
  Clock Path Skew:        0.000ns (DCD - SCD + CPR)
    Destination Clock Delay (DCD):    -1.731ns = ( 28.572 - 30.303 ) 
    Source Clock Delay      (SCD):    -2.061ns
    Clock Pessimism Removal (CPR):    -0.330ns
  Clock Uncertainty:      0.170ns  ((TSJ^2 + DJ^2)^1/2) / 2 + PE
    Total System Jitter     (TSJ):    0.071ns
    Discrete Jitter          (DJ):    0.333ns
    Phase Error              (PE):    0.000ns

    Location             Delay type                Incr(ns)  Path(ns)    Netlist Resource(s)
  -------------------------------------------------------------------    -------------------
                         (clock clk_out1_clk_wiz_0 rise edge)
                                                      0.000     0.000 r  
    Y9                                                0.000     0.000 r  sys_clk (IN)
                         net (fo=0)                   0.000     0.000    clk_wiz_0_inst/inst/clk_in1
    Y9                   IBUF (Prop_ibuf_I_O)         1.490     1.490 r  clk_wiz_0_inst/inst/clkin1_ibufg/O
                         net (fo=1, routed)           1.306     2.796    clk_wiz_0_inst/inst/clk_in1_clk_wiz_0
    PLLE2_ADV_X0Y0       PLLE2_ADV (Prop_plle2_adv_CLKIN1_CLKOUT0)
                                                     -8.866    -6.070 r  clk_wiz_0_inst/inst/plle2_adv_inst/CLKOUT0
                         net (fo=1, routed)           1.849    -4.221    clk_wiz_0_inst/inst/clk_out1_clk_wiz_0
    BUFGCTRL_X0Y0        BUFG (Prop_bufg_I_O)         0.101    -4.120 r  clk_wiz_0_inst/inst/clkout1_buf/O
                         net (fo=64, routed)          2.059    -2.061    lcd_pic_inst/CLK
    SLICE_X106Y101       FDCE                                         r  lcd_pic_inst/clk_div_reg[18]/C
  -------------------------------------------------------------------    -------------------
    SLICE_X106Y101       FDCE (Prop_fdce_C_Q)         0.456    -1.605 f  lcd_pic_inst/clk_div_reg[18]/Q
                         net (fo=2, routed)           0.812    -0.793    lcd_pic_inst/clk_div[18]
    SLICE_X106Y101       LUT4 (Prop_lut4_I1_O)        0.124    -0.669 f  lcd_pic_inst/clk_div[26]_i_7/O
                         net (fo=1, routed)           0.643    -0.026    lcd_pic_inst/clk_div[26]_i_7_n_0
    SLICE_X106Y100       LUT5 (Prop_lut5_I4_O)        0.124     0.098 f  lcd_pic_inst/clk_div[26]_i_4/O
                         net (fo=27, routed)          1.109     1.207    lcd_pic_inst/clk_div[26]_i_4_n_0
    SLICE_X106Y99        LUT6 (Prop_lut6_I5_O)        0.124     1.331 f  lcd_pic_inst/fall_tick_i_4/O
                         net (fo=1, routed)           0.863     2.194    lcd_pic_inst/fall_tick_i_4_n_0
    SLICE_X106Y101       LUT6 (Prop_lut6_I5_O)        0.124     2.318 r  lcd_pic_inst/fall_tick_i_1/O
                         net (fo=1, routed)           0.000     2.318    lcd_pic_inst/fall_tick
    SLICE_X106Y101       FDCE                                         r  lcd_pic_inst/fall_tick_reg/D
  -------------------------------------------------------------------    -------------------

                         (clock clk_out1_clk_wiz_0 rise edge)
                                                     30.303    30.303 r  
    Y9                                                0.000    30.303 r  sys_clk (IN)
                         net (fo=0)                   0.000    30.303    clk_wiz_0_inst/inst/clk_in1
    Y9                   IBUF (Prop_ibuf_I_O)         1.420    31.723 r  clk_wiz_0_inst/inst/clkin1_ibufg/O
                         net (fo=1, routed)           1.181    32.904    clk_wiz_0_inst/inst/clk_in1_clk_wiz_0
    PLLE2_ADV_X0Y0       PLLE2_ADV (Prop_plle2_adv_CLKIN1_CLKOUT0)
                                                     -7.970    24.934 r  clk_wiz_0_inst/inst/plle2_adv_inst/CLKOUT0
                         net (fo=1, routed)           1.686    26.620    clk_wiz_0_inst/inst/clk_out1_clk_wiz_0
    BUFGCTRL_X0Y0        BUFG (Prop_bufg_I_O)         0.091    26.711 r  clk_wiz_0_inst/inst/clkout1_buf/O
                         net (fo=64, routed)          1.861    28.572    lcd_pic_inst/CLK
    SLICE_X106Y101       FDCE                                         r  lcd_pic_inst/fall_tick_reg/C
                         clock pessimism             -0.330    28.242    
                         clock uncertainty           -0.170    28.072    
    SLICE_X106Y101       FDCE (Setup_fdce_C_D)        0.031    28.103    lcd_pic_inst/fall_tick_reg
  -------------------------------------------------------------------
                         required time                         28.103    
                         arrival time                          -2.318    
  -------------------------------------------------------------------
                         slack                                 25.785    

Slack (MET) :             25.976ns  (required time - arrival time)
  Source:                 lcd_pic_inst/clk_div_reg[23]/C
                            (rising edge-triggered cell FDCE clocked by clk_out1_clk_wiz_0  {rise@0.000ns fall@15.152ns period=30.303ns})
  Destination:            lcd_pic_inst/clk_div_reg[1]/D
                            (rising edge-triggered cell FDCE clocked by clk_out1_clk_wiz_0  {rise@0.000ns fall@15.152ns period=30.303ns})
  Path Group:             clk_out1_clk_wiz_0
  Path Type:              Setup (Max at Slow Process Corner)
  Requirement:            30.303ns  (clk_out1_clk_wiz_0 rise@30.303ns - clk_out1_clk_wiz_0 rise@0.000ns)
  Data Path Delay:        3.828ns  (logic 0.966ns (25.236%)  route 2.862ns (74.764%))
  Logic Levels:           3  (LUT4=2 LUT5=1)
  Clock Path Skew:        -0.358ns (DCD - SCD + CPR)
    Destination Clock Delay (DCD):    -1.905ns = ( 28.398 - 30.303 ) 
    Source Clock Delay      (SCD):    -2.061ns
    Clock Pessimism Removal (CPR):    -0.514ns
  Clock Uncertainty:      0.170ns  ((TSJ^2 + DJ^2)^1/2) / 2 + PE
    Total System Jitter     (TSJ):    0.071ns
    Discrete Jitter          (DJ):    0.333ns
    Phase Error              (PE):    0.000ns

    Location             Delay type                Incr(ns)  Path(ns)    Netlist Resource(s)
  -------------------------------------------------------------------    -------------------
                         (clock clk_out1_clk_wiz_0 rise edge)
                                                      0.000     0.000 r  
    Y9                                                0.000     0.000 r  sys_clk (IN)
                         net (fo=0)                   0.000     0.000    clk_wiz_0_inst/inst/clk_in1
    Y9                   IBUF (Prop_ibuf_I_O)         1.490     1.490 r  clk_wiz_0_inst/inst/clkin1_ibufg/O
                         net (fo=1, routed)           1.306     2.796    clk_wiz_0_inst/inst/clk_in1_clk_wiz_0
    PLLE2_ADV_X0Y0       PLLE2_ADV (Prop_plle2_adv_CLKIN1_CLKOUT0)
                                                     -8.866    -6.070 r  clk_wiz_0_inst/inst/plle2_adv_inst/CLKOUT0
                         net (fo=1, routed)           1.849    -4.221    clk_wiz_0_inst/inst/clk_out1_clk_wiz_0
    BUFGCTRL_X0Y0        BUFG (Prop_bufg_I_O)         0.101    -4.120 r  clk_wiz_0_inst/inst/clkout1_buf/O
                         net (fo=64, routed)          2.059    -2.061    lcd_pic_inst/CLK
    SLICE_X106Y102       FDCE                                         r  lcd_pic_inst/clk_div_reg[23]/C
  -------------------------------------------------------------------    -------------------
    SLICE_X106Y102       FDCE (Prop_fdce_C_Q)         0.419    -1.642 r  lcd_pic_inst/clk_div_reg[23]/Q
                         net (fo=2, routed)           0.875    -0.766    lcd_pic_inst/clk_div[23]
    SLICE_X106Y102       LUT4 (Prop_lut4_I3_O)        0.299    -0.467 r  lcd_pic_inst/fall_tick_i_2/O
                         net (fo=2, routed)           0.817     0.350    lcd_pic_inst/fall_tick_i_2_n_0
    SLICE_X106Y101       LUT5 (Prop_lut5_I3_O)        0.124     0.474 r  lcd_pic_inst/clk_div[26]_i_2/O
                         net (fo=26, routed)          1.170     1.643    lcd_pic_inst/clk_div[26]_i_2_n_0
    SLICE_X106Y98        LUT4 (Prop_lut4_I0_O)        0.124     1.767 r  lcd_pic_inst/clk_div[1]_i_1/O
                         net (fo=1, routed)           0.000     1.767    lcd_pic_inst/clk_div_0[1]
    SLICE_X106Y98        FDCE                                         r  lcd_pic_inst/clk_div_reg[1]/D
  -------------------------------------------------------------------    -------------------

                         (clock clk_out1_clk_wiz_0 rise edge)
                                                     30.303    30.303 r  
    Y9                                                0.000    30.303 r  sys_clk (IN)
                         net (fo=0)                   0.000    30.303    clk_wiz_0_inst/inst/clk_in1
    Y9                   IBUF (Prop_ibuf_I_O)         1.420    31.723 r  clk_wiz_0_inst/inst/clkin1_ibufg/O
                         net (fo=1, routed)           1.181    32.904    clk_wiz_0_inst/inst/clk_in1_clk_wiz_0
    PLLE2_ADV_X0Y0       PLLE2_ADV (Prop_plle2_adv_CLKIN1_CLKOUT0)
                                                     -7.970    24.934 r  clk_wiz_0_inst/inst/plle2_adv_inst/CLKOUT0
                         net (fo=1, routed)           1.686    26.620    clk_wiz_0_inst/inst/clk_out1_clk_wiz_0
    BUFGCTRL_X0Y0        BUFG (Prop_bufg_I_O)         0.091    26.711 r  clk_wiz_0_inst/inst/clkout1_buf/O
                         net (fo=64, routed)          1.687    28.398    lcd_pic_inst/CLK
    SLICE_X106Y98        FDCE                                         r  lcd_pic_inst/clk_div_reg[1]/C
                         clock pessimism             -0.514    27.884    
                         clock uncertainty           -0.170    27.714    
    SLICE_X106Y98        FDCE (Setup_fdce_C_D)        0.029    27.743    lcd_pic_inst/clk_div_reg[1]
  -------------------------------------------------------------------
                         required time                         27.743    
                         arrival time                          -1.767    
  -------------------------------------------------------------------
                         slack                                 25.976    

Slack (MET) :             25.985ns  (required time - arrival time)
  Source:                 lcd_pic_inst/clk_div_reg[23]/C
                            (rising edge-triggered cell FDCE clocked by clk_out1_clk_wiz_0  {rise@0.000ns fall@15.152ns period=30.303ns})
  Destination:            lcd_pic_inst/clk_div_reg[2]/D
                            (rising edge-triggered cell FDCE clocked by clk_out1_clk_wiz_0  {rise@0.000ns fall@15.152ns period=30.303ns})
  Path Group:             clk_out1_clk_wiz_0
  Path Type:              Setup (Max at Slow Process Corner)
  Requirement:            30.303ns  (clk_out1_clk_wiz_0 rise@30.303ns - clk_out1_clk_wiz_0 rise@0.000ns)
  Data Path Delay:        3.821ns  (logic 0.966ns (25.283%)  route 2.855ns (74.717%))
  Logic Levels:           3  (LUT4=2 LUT5=1)
  Clock Path Skew:        -0.358ns (DCD - SCD + CPR)
    Destination Clock Delay (DCD):    -1.905ns = ( 28.398 - 30.303 ) 
    Source Clock Delay      (SCD):    -2.061ns
    Clock Pessimism Removal (CPR):    -0.514ns
  Clock Uncertainty:      0.170ns  ((TSJ^2 + DJ^2)^1/2) / 2 + PE
    Total System Jitter     (TSJ):    0.071ns
    Discrete Jitter          (DJ):    0.333ns
    Phase Error              (PE):    0.000ns

    Location             Delay type                Incr(ns)  Path(ns)    Netlist Resource(s)
  -------------------------------------------------------------------    -------------------
                         (clock clk_out1_clk_wiz_0 rise edge)
                                                      0.000     0.000 r  
    Y9                                                0.000     0.000 r  sys_clk (IN)
                         net (fo=0)                   0.000     0.000    clk_wiz_0_inst/inst/clk_in1
    Y9                   IBUF (Prop_ibuf_I_O)         1.490     1.490 r  clk_wiz_0_inst/inst/clkin1_ibufg/O
                         net (fo=1, routed)           1.306     2.796    clk_wiz_0_inst/inst/clk_in1_clk_wiz_0
    PLLE2_ADV_X0Y0       PLLE2_ADV (Prop_plle2_adv_CLKIN1_CLKOUT0)
                                                     -8.866    -6.070 r  clk_wiz_0_inst/inst/plle2_adv_inst/CLKOUT0
                         net (fo=1, routed)           1.849    -4.221    clk_wiz_0_inst/inst/clk_out1_clk_wiz_0
    BUFGCTRL_X0Y0        BUFG (Prop_bufg_I_O)         0.101    -4.120 r  clk_wiz_0_inst/inst/clkout1_buf/O
                         net (fo=64, routed)          2.059    -2.061    lcd_pic_inst/CLK
    SLICE_X106Y102       FDCE                                         r  lcd_pic_inst/clk_div_reg[23]/C
  -------------------------------------------------------------------    -------------------
    SLICE_X106Y102       FDCE (Prop_fdce_C_Q)         0.419    -1.642 r  lcd_pic_inst/clk_div_reg[23]/Q
                         net (fo=2, routed)           0.875    -0.766    lcd_pic_inst/clk_div[23]
    SLICE_X106Y102       LUT4 (Prop_lut4_I3_O)        0.299    -0.467 r  lcd_pic_inst/fall_tick_i_2/O
                         net (fo=2, routed)           0.817     0.350    lcd_pic_inst/fall_tick_i_2_n_0
    SLICE_X106Y101       LUT5 (Prop_lut5_I3_O)        0.124     0.474 r  lcd_pic_inst/clk_div[26]_i_2/O
                         net (fo=26, routed)          1.163     1.636    lcd_pic_inst/clk_div[26]_i_2_n_0
    SLICE_X106Y98        LUT4 (Prop_lut4_I0_O)        0.124     1.760 r  lcd_pic_inst/clk_div[2]_i_1/O
                         net (fo=1, routed)           0.000     1.760    lcd_pic_inst/clk_div_0[2]
    SLICE_X106Y98        FDCE                                         r  lcd_pic_inst/clk_div_reg[2]/D
  -------------------------------------------------------------------    -------------------

                         (clock clk_out1_clk_wiz_0 rise edge)
                                                     30.303    30.303 r  
    Y9                                                0.000    30.303 r  sys_clk (IN)
                         net (fo=0)                   0.000    30.303    clk_wiz_0_inst/inst/clk_in1
    Y9                   IBUF (Prop_ibuf_I_O)         1.420    31.723 r  clk_wiz_0_inst/inst/clkin1_ibufg/O
                         net (fo=1, routed)           1.181    32.904    clk_wiz_0_inst/inst/clk_in1_clk_wiz_0
    PLLE2_ADV_X0Y0       PLLE2_ADV (Prop_plle2_adv_CLKIN1_CLKOUT0)
                                                     -7.970    24.934 r  clk_wiz_0_inst/inst/plle2_adv_inst/CLKOUT0
                         net (fo=1, routed)           1.686    26.620    clk_wiz_0_inst/inst/clk_out1_clk_wiz_0
    BUFGCTRL_X0Y0        BUFG (Prop_bufg_I_O)         0.091    26.711 r  clk_wiz_0_inst/inst/clkout1_buf/O
                         net (fo=64, routed)          1.687    28.398    lcd_pic_inst/CLK
    SLICE_X106Y98        FDCE                                         r  lcd_pic_inst/clk_div_reg[2]/C
                         clock pessimism             -0.514    27.884    
                         clock uncertainty           -0.170    27.714    
    SLICE_X106Y98        FDCE (Setup_fdce_C_D)        0.031    27.745    lcd_pic_inst/clk_div_reg[2]
  -------------------------------------------------------------------
                         required time                         27.745    
                         arrival time                          -1.760    
  -------------------------------------------------------------------
                         slack                                 25.985    

Slack (MET) :             25.994ns  (required time - arrival time)
  Source:                 lcd_pic_inst/clk_div_reg[23]/C
                            (rising edge-triggered cell FDCE clocked by clk_out1_clk_wiz_0  {rise@0.000ns fall@15.152ns period=30.303ns})
  Destination:            lcd_pic_inst/clk_div_reg[3]/D
                            (rising edge-triggered cell FDCE clocked by clk_out1_clk_wiz_0  {rise@0.000ns fall@15.152ns period=30.303ns})
  Path Group:             clk_out1_clk_wiz_0
  Path Type:              Setup (Max at Slow Process Corner)
  Requirement:            30.303ns  (clk_out1_clk_wiz_0 rise@30.303ns - clk_out1_clk_wiz_0 rise@0.000ns)
  Data Path Delay:        3.856ns  (logic 0.994ns (25.779%)  route 2.862ns (74.221%))
  Logic Levels:           3  (LUT4=2 LUT5=1)
  Clock Path Skew:        -0.358ns (DCD - SCD + CPR)
    Destination Clock Delay (DCD):    -1.905ns = ( 28.398 - 30.303 ) 
    Source Clock Delay      (SCD):    -2.061ns
    Clock Pessimism Removal (CPR):    -0.514ns
  Clock Uncertainty:      0.170ns  ((TSJ^2 + DJ^2)^1/2) / 2 + PE
    Total System Jitter     (TSJ):    0.071ns
    Discrete Jitter          (DJ):    0.333ns
    Phase Error              (PE):    0.000ns

    Location             Delay type                Incr(ns)  Path(ns)    Netlist Resource(s)
  -------------------------------------------------------------------    -------------------
                         (clock clk_out1_clk_wiz_0 rise edge)
                                                      0.000     0.000 r  
    Y9                                                0.000     0.000 r  sys_clk (IN)
                         net (fo=0)                   0.000     0.000    clk_wiz_0_inst/inst/clk_in1
    Y9                   IBUF (Prop_ibuf_I_O)         1.490     1.490 r  clk_wiz_0_inst/inst/clkin1_ibufg/O
                         net (fo=1, routed)           1.306     2.796    clk_wiz_0_inst/inst/clk_in1_clk_wiz_0
    PLLE2_ADV_X0Y0       PLLE2_ADV (Prop_plle2_adv_CLKIN1_CLKOUT0)
                                                     -8.866    -6.070 r  clk_wiz_0_inst/inst/plle2_adv_inst/CLKOUT0
                         net (fo=1, routed)           1.849    -4.221    clk_wiz_0_inst/inst/clk_out1_clk_wiz_0
    BUFGCTRL_X0Y0        BUFG (Prop_bufg_I_O)         0.101    -4.120 r  clk_wiz_0_inst/inst/clkout1_buf/O
                         net (fo=64, routed)          2.059    -2.061    lcd_pic_inst/CLK
    SLICE_X106Y102       FDCE                                         r  lcd_pic_inst/clk_div_reg[23]/C
  -------------------------------------------------------------------    -------------------
    SLICE_X106Y102       FDCE (Prop_fdce_C_Q)         0.419    -1.642 r  lcd_pic_inst/clk_div_reg[23]/Q
                         net (fo=2, routed)           0.875    -0.766    lcd_pic_inst/clk_div[23]
    SLICE_X106Y102       LUT4 (Prop_lut4_I3_O)        0.299    -0.467 r  lcd_pic_inst/fall_tick_i_2/O
                         net (fo=2, routed)           0.817     0.350    lcd_pic_inst/fall_tick_i_2_n_0
    SLICE_X106Y101       LUT5 (Prop_lut5_I3_O)        0.124     0.474 r  lcd_pic_inst/clk_div[26]_i_2/O
                         net (fo=26, routed)          1.170     1.643    lcd_pic_inst/clk_div[26]_i_2_n_0
    SLICE_X106Y98        LUT4 (Prop_lut4_I0_O)        0.152     1.795 r  lcd_pic_inst/clk_div[3]_i_1/O
                         net (fo=1, routed)           0.000     1.795    lcd_pic_inst/clk_div_0[3]
    SLICE_X106Y98        FDCE                                         r  lcd_pic_inst/clk_div_reg[3]/D
  -------------------------------------------------------------------    -------------------

                         (clock clk_out1_clk_wiz_0 rise edge)
                                                     30.303    30.303 r  
    Y9                                                0.000    30.303 r  sys_clk (IN)
                         net (fo=0)                   0.000    30.303    clk_wiz_0_inst/inst/clk_in1
    Y9                   IBUF (Prop_ibuf_I_O)         1.420    31.723 r  clk_wiz_0_inst/inst/clkin1_ibufg/O
                         net (fo=1, routed)           1.181    32.904    clk_wiz_0_inst/inst/clk_in1_clk_wiz_0
    PLLE2_ADV_X0Y0       PLLE2_ADV (Prop_plle2_adv_CLKIN1_CLKOUT0)
                                                     -7.970    24.934 r  clk_wiz_0_inst/inst/plle2_adv_inst/CLKOUT0
                         net (fo=1, routed)           1.686    26.620    clk_wiz_0_inst/inst/clk_out1_clk_wiz_0
    BUFGCTRL_X0Y0        BUFG (Prop_bufg_I_O)         0.091    26.711 r  clk_wiz_0_inst/inst/clkout1_buf/O
                         net (fo=64, routed)          1.687    28.398    lcd_pic_inst/CLK
    SLICE_X106Y98        FDCE                                         r  lcd_pic_inst/clk_div_reg[3]/C
                         clock pessimism             -0.514    27.884    
                         clock uncertainty           -0.170    27.714    
    SLICE_X106Y98        FDCE (Setup_fdce_C_D)        0.075    27.789    lcd_pic_inst/clk_div_reg[3]
  -------------------------------------------------------------------
                         required time                         27.789    
                         arrival time                          -1.795    
  -------------------------------------------------------------------
                         slack                                 25.994    

Slack (MET) :             26.001ns  (required time - arrival time)
  Source:                 lcd_pic_inst/clk_div_reg[23]/C
                            (rising edge-triggered cell FDCE clocked by clk_out1_clk_wiz_0  {rise@0.000ns fall@15.152ns period=30.303ns})
  Destination:            lcd_pic_inst/clk_div_reg[4]/D
                            (rising edge-triggered cell FDCE clocked by clk_out1_clk_wiz_0  {rise@0.000ns fall@15.152ns period=30.303ns})
  Path Group:             clk_out1_clk_wiz_0
  Path Type:              Setup (Max at Slow Process Corner)
  Requirement:            30.303ns  (clk_out1_clk_wiz_0 rise@30.303ns - clk_out1_clk_wiz_0 rise@0.000ns)
  Data Path Delay:        3.849ns  (logic 0.994ns (25.827%)  route 2.855ns (74.173%))
  Logic Levels:           3  (LUT4=2 LUT5=1)
  Clock Path Skew:        -0.358ns (DCD - SCD + CPR)
    Destination Clock Delay (DCD):    -1.905ns = ( 28.398 - 30.303 ) 
    Source Clock Delay      (SCD):    -2.061ns
    Clock Pessimism Removal (CPR):    -0.514ns
  Clock Uncertainty:      0.170ns  ((TSJ^2 + DJ^2)^1/2) / 2 + PE
    Total System Jitter     (TSJ):    0.071ns
    Discrete Jitter          (DJ):    0.333ns
    Phase Error              (PE):    0.000ns

    Location             Delay type                Incr(ns)  Path(ns)    Netlist Resource(s)
  -------------------------------------------------------------------    -------------------
                         (clock clk_out1_clk_wiz_0 rise edge)
                                                      0.000     0.000 r  
    Y9                                                0.000     0.000 r  sys_clk (IN)
                         net (fo=0)                   0.000     0.000    clk_wiz_0_inst/inst/clk_in1
    Y9                   IBUF (Prop_ibuf_I_O)         1.490     1.490 r  clk_wiz_0_inst/inst/clkin1_ibufg/O
                         net (fo=1, routed)           1.306     2.796    clk_wiz_0_inst/inst/clk_in1_clk_wiz_0
    PLLE2_ADV_X0Y0       PLLE2_ADV (Prop_plle2_adv_CLKIN1_CLKOUT0)
                                                     -8.866    -6.070 r  clk_wiz_0_inst/inst/plle2_adv_inst/CLKOUT0
                         net (fo=1, routed)           1.849    -4.221    clk_wiz_0_inst/inst/clk_out1_clk_wiz_0
    BUFGCTRL_X0Y0        BUFG (Prop_bufg_I_O)         0.101    -4.120 r  clk_wiz_0_inst/inst/clkout1_buf/O
                         net (fo=64, routed)          2.059    -2.061    lcd_pic_inst/CLK
    SLICE_X106Y102       FDCE                                         r  lcd_pic_inst/clk_div_reg[23]/C
  -------------------------------------------------------------------    -------------------
    SLICE_X106Y102       FDCE (Prop_fdce_C_Q)         0.419    -1.642 r  lcd_pic_inst/clk_div_reg[23]/Q
                         net (fo=2, routed)           0.875    -0.766    lcd_pic_inst/clk_div[23]
    SLICE_X106Y102       LUT4 (Prop_lut4_I3_O)        0.299    -0.467 r  lcd_pic_inst/fall_tick_i_2/O
                         net (fo=2, routed)           0.817     0.350    lcd_pic_inst/fall_tick_i_2_n_0
    SLICE_X106Y101       LUT5 (Prop_lut5_I3_O)        0.124     0.474 r  lcd_pic_inst/clk_div[26]_i_2/O
                         net (fo=26, routed)          1.163     1.636    lcd_pic_inst/clk_div[26]_i_2_n_0
    SLICE_X106Y98        LUT4 (Prop_lut4_I0_O)        0.152     1.788 r  lcd_pic_inst/clk_div[4]_i_1/O
                         net (fo=1, routed)           0.000     1.788    lcd_pic_inst/clk_div_0[4]
    SLICE_X106Y98        FDCE                                         r  lcd_pic_inst/clk_div_reg[4]/D
  -------------------------------------------------------------------    -------------------

                         (clock clk_out1_clk_wiz_0 rise edge)
                                                     30.303    30.303 r  
    Y9                                                0.000    30.303 r  sys_clk (IN)
                         net (fo=0)                   0.000    30.303    clk_wiz_0_inst/inst/clk_in1
    Y9                   IBUF (Prop_ibuf_I_O)         1.420    31.723 r  clk_wiz_0_inst/inst/clkin1_ibufg/O
                         net (fo=1, routed)           1.181    32.904    clk_wiz_0_inst/inst/clk_in1_clk_wiz_0
    PLLE2_ADV_X0Y0       PLLE2_ADV (Prop_plle2_adv_CLKIN1_CLKOUT0)
                                                     -7.970    24.934 r  clk_wiz_0_inst/inst/plle2_adv_inst/CLKOUT0
                         net (fo=1, routed)           1.686    26.620    clk_wiz_0_inst/inst/clk_out1_clk_wiz_0
    BUFGCTRL_X0Y0        BUFG (Prop_bufg_I_O)         0.091    26.711 r  clk_wiz_0_inst/inst/clkout1_buf/O
                         net (fo=64, routed)          1.687    28.398    lcd_pic_inst/CLK
    SLICE_X106Y98        FDCE                                         r  lcd_pic_inst/clk_div_reg[4]/C
                         clock pessimism             -0.514    27.884    
                         clock uncertainty           -0.170    27.714    
    SLICE_X106Y98        FDCE (Setup_fdce_C_D)        0.075    27.789    lcd_pic_inst/clk_div_reg[4]
  -------------------------------------------------------------------
                         required time                         27.789    
                         arrival time                          -1.788    
  -------------------------------------------------------------------
                         slack                                 26.001    

Slack (MET) :             26.158ns  (required time - arrival time)
  Source:                 lcd_pic_inst/box_y_reg[3]/C
                            (rising edge-triggered cell FDCE clocked by clk_out1_clk_wiz_0  {rise@0.000ns fall@15.152ns period=30.303ns})
  Destination:            lcd_pic_inst/box_y_reg[1]/CE
                            (rising edge-triggered cell FDCE clocked by clk_out1_clk_wiz_0  {rise@0.000ns fall@15.152ns period=30.303ns})
  Path Group:             clk_out1_clk_wiz_0
  Path Type:              Setup (Max at Slow Process Corner)
  Requirement:            30.303ns  (clk_out1_clk_wiz_0 rise@30.303ns - clk_out1_clk_wiz_0 rise@0.000ns)
  Data Path Delay:        3.745ns  (logic 0.828ns (22.109%)  route 2.917ns (77.891%))
  Logic Levels:           3  (LUT3=1 LUT5=1 LUT6=1)
  Clock Path Skew:        -0.025ns (DCD - SCD + CPR)
    Destination Clock Delay (DCD):    -1.729ns = ( 28.574 - 30.303 ) 
    Source Clock Delay      (SCD):    -2.060ns
    Clock Pessimism Removal (CPR):    -0.356ns
  Clock Uncertainty:      0.170ns  ((TSJ^2 + DJ^2)^1/2) / 2 + PE
    Total System Jitter     (TSJ):    0.071ns
    Discrete Jitter          (DJ):    0.333ns
    Phase Error              (PE):    0.000ns

    Location             Delay type                Incr(ns)  Path(ns)    Netlist Resource(s)
  -------------------------------------------------------------------    -------------------
                         (clock clk_out1_clk_wiz_0 rise edge)
                                                      0.000     0.000 r  
    Y9                                                0.000     0.000 r  sys_clk (IN)
                         net (fo=0)                   0.000     0.000    clk_wiz_0_inst/inst/clk_in1
    Y9                   IBUF (Prop_ibuf_I_O)         1.490     1.490 r  clk_wiz_0_inst/inst/clkin1_ibufg/O
                         net (fo=1, routed)           1.306     2.796    clk_wiz_0_inst/inst/clk_in1_clk_wiz_0
    PLLE2_ADV_X0Y0       PLLE2_ADV (Prop_plle2_adv_CLKIN1_CLKOUT0)
                                                     -8.866    -6.070 r  clk_wiz_0_inst/inst/plle2_adv_inst/CLKOUT0
                         net (fo=1, routed)           1.849    -4.221    clk_wiz_0_inst/inst/clk_out1_clk_wiz_0
    BUFGCTRL_X0Y0        BUFG (Prop_bufg_I_O)         0.101    -4.120 r  clk_wiz_0_inst/inst/clkout1_buf/O
                         net (fo=64, routed)          2.060    -2.060    lcd_pic_inst/CLK
    SLICE_X111Y104       FDCE                                         r  lcd_pic_inst/box_y_reg[3]/C
  -------------------------------------------------------------------    -------------------
    SLICE_X111Y104       FDCE (Prop_fdce_C_Q)         0.456    -1.604 f  lcd_pic_inst/box_y_reg[3]/Q
                         net (fo=11, routed)          1.159    -0.444    lcd_pic_inst/Q[3]
    SLICE_X111Y103       LUT6 (Prop_lut6_I3_O)        0.124    -0.320 f  lcd_pic_inst/FSM_onehot_state[2]_i_4/O
                         net (fo=2, routed)           0.671     0.350    lcd_pic_inst/FSM_onehot_state[2]_i_4_n_0
    SLICE_X110Y103       LUT3 (Prop_lut3_I2_O)        0.124     0.474 r  lcd_pic_inst/box_y[8]_i_3/O
                         net (fo=1, routed)           0.280     0.754    lcd_pic_inst/box_y[8]_i_3_n_0
    SLICE_X110Y103       LUT5 (Prop_lut5_I0_O)        0.124     0.878 r  lcd_pic_inst/box_y[8]_i_1/O
                         net (fo=9, routed)           0.808     1.686    lcd_pic_inst/box_y
    SLICE_X113Y104       FDCE                                         r  lcd_pic_inst/box_y_reg[1]/CE
  -------------------------------------------------------------------    -------------------

                         (clock clk_out1_clk_wiz_0 rise edge)
                                                     30.303    30.303 r  
    Y9                                                0.000    30.303 r  sys_clk (IN)
                         net (fo=0)                   0.000    30.303    clk_wiz_0_inst/inst/clk_in1
    Y9                   IBUF (Prop_ibuf_I_O)         1.420    31.723 r  clk_wiz_0_inst/inst/clkin1_ibufg/O
                         net (fo=1, routed)           1.181    32.904    clk_wiz_0_inst/inst/clk_in1_clk_wiz_0
    PLLE2_ADV_X0Y0       PLLE2_ADV (Prop_plle2_adv_CLKIN1_CLKOUT0)
                                                     -7.970    24.934 r  clk_wiz_0_inst/inst/plle2_adv_inst/CLKOUT0
                         net (fo=1, routed)           1.686    26.620    clk_wiz_0_inst/inst/clk_out1_clk_wiz_0
    BUFGCTRL_X0Y0        BUFG (Prop_bufg_I_O)         0.091    26.711 r  clk_wiz_0_inst/inst/clkout1_buf/O
                         net (fo=64, routed)          1.863    28.574    lcd_pic_inst/CLK
    SLICE_X113Y104       FDCE                                         r  lcd_pic_inst/box_y_reg[1]/C
                         clock pessimism             -0.356    28.218    
                         clock uncertainty           -0.170    28.048    
    SLICE_X113Y104       FDCE (Setup_fdce_C_CE)      -0.205    27.843    lcd_pic_inst/box_y_reg[1]
  -------------------------------------------------------------------
                         required time                         27.843    
                         arrival time                          -1.686    
  -------------------------------------------------------------------
                         slack                                 26.158    

Slack (MET) :             26.158ns  (required time - arrival time)
  Source:                 lcd_pic_inst/box_y_reg[3]/C
                            (rising edge-triggered cell FDCE clocked by clk_out1_clk_wiz_0  {rise@0.000ns fall@15.152ns period=30.303ns})
  Destination:            lcd_pic_inst/box_y_reg[2]/CE
                            (rising edge-triggered cell FDCE clocked by clk_out1_clk_wiz_0  {rise@0.000ns fall@15.152ns period=30.303ns})
  Path Group:             clk_out1_clk_wiz_0
  Path Type:              Setup (Max at Slow Process Corner)
  Requirement:            30.303ns  (clk_out1_clk_wiz_0 rise@30.303ns - clk_out1_clk_wiz_0 rise@0.000ns)
  Data Path Delay:        3.745ns  (logic 0.828ns (22.109%)  route 2.917ns (77.891%))
  Logic Levels:           3  (LUT3=1 LUT5=1 LUT6=1)
  Clock Path Skew:        -0.025ns (DCD - SCD + CPR)
    Destination Clock Delay (DCD):    -1.729ns = ( 28.574 - 30.303 ) 
    Source Clock Delay      (SCD):    -2.060ns
    Clock Pessimism Removal (CPR):    -0.356ns
  Clock Uncertainty:      0.170ns  ((TSJ^2 + DJ^2)^1/2) / 2 + PE
    Total System Jitter     (TSJ):    0.071ns
    Discrete Jitter          (DJ):    0.333ns
    Phase Error              (PE):    0.000ns

    Location             Delay type                Incr(ns)  Path(ns)    Netlist Resource(s)
  -------------------------------------------------------------------    -------------------
                         (clock clk_out1_clk_wiz_0 rise edge)
                                                      0.000     0.000 r  
    Y9                                                0.000     0.000 r  sys_clk (IN)
                         net (fo=0)                   0.000     0.000    clk_wiz_0_inst/inst/clk_in1
    Y9                   IBUF (Prop_ibuf_I_O)         1.490     1.490 r  clk_wiz_0_inst/inst/clkin1_ibufg/O
                         net (fo=1, routed)           1.306     2.796    clk_wiz_0_inst/inst/clk_in1_clk_wiz_0
    PLLE2_ADV_X0Y0       PLLE2_ADV (Prop_plle2_adv_CLKIN1_CLKOUT0)
                                                     -8.866    -6.070 r  clk_wiz_0_inst/inst/plle2_adv_inst/CLKOUT0
                         net (fo=1, routed)           1.849    -4.221    clk_wiz_0_inst/inst/clk_out1_clk_wiz_0
    BUFGCTRL_X0Y0        BUFG (Prop_bufg_I_O)         0.101    -4.120 r  clk_wiz_0_inst/inst/clkout1_buf/O
                         net (fo=64, routed)          2.060    -2.060    lcd_pic_inst/CLK
    SLICE_X111Y104       FDCE                                         r  lcd_pic_inst/box_y_reg[3]/C
  -------------------------------------------------------------------    -------------------
    SLICE_X111Y104       FDCE (Prop_fdce_C_Q)         0.456    -1.604 f  lcd_pic_inst/box_y_reg[3]/Q
                         net (fo=11, routed)          1.159    -0.444    lcd_pic_inst/Q[3]
    SLICE_X111Y103       LUT6 (Prop_lut6_I3_O)        0.124    -0.320 f  lcd_pic_inst/FSM_onehot_state[2]_i_4/O
                         net (fo=2, routed)           0.671     0.350    lcd_pic_inst/FSM_onehot_state[2]_i_4_n_0
    SLICE_X110Y103       LUT3 (Prop_lut3_I2_O)        0.124     0.474 r  lcd_pic_inst/box_y[8]_i_3/O
                         net (fo=1, routed)           0.280     0.754    lcd_pic_inst/box_y[8]_i_3_n_0
    SLICE_X110Y103       LUT5 (Prop_lut5_I0_O)        0.124     0.878 r  lcd_pic_inst/box_y[8]_i_1/O
                         net (fo=9, routed)           0.808     1.686    lcd_pic_inst/box_y
    SLICE_X113Y104       FDCE                                         r  lcd_pic_inst/box_y_reg[2]/CE
  -------------------------------------------------------------------    -------------------

                         (clock clk_out1_clk_wiz_0 rise edge)
                                                     30.303    30.303 r  
    Y9                                                0.000    30.303 r  sys_clk (IN)
                         net (fo=0)                   0.000    30.303    clk_wiz_0_inst/inst/clk_in1
    Y9                   IBUF (Prop_ibuf_I_O)         1.420    31.723 r  clk_wiz_0_inst/inst/clkin1_ibufg/O
                         net (fo=1, routed)           1.181    32.904    clk_wiz_0_inst/inst/clk_in1_clk_wiz_0
    PLLE2_ADV_X0Y0       PLLE2_ADV (Prop_plle2_adv_CLKIN1_CLKOUT0)
                                                     -7.970    24.934 r  clk_wiz_0_inst/inst/plle2_adv_inst/CLKOUT0
                         net (fo=1, routed)           1.686    26.620    clk_wiz_0_inst/inst/clk_out1_clk_wiz_0
    BUFGCTRL_X0Y0        BUFG (Prop_bufg_I_O)         0.091    26.711 r  clk_wiz_0_inst/inst/clkout1_buf/O
                         net (fo=64, routed)          1.863    28.574    lcd_pic_inst/CLK
    SLICE_X113Y104       FDCE                                         r  lcd_pic_inst/box_y_reg[2]/C
                         clock pessimism             -0.356    28.218    
                         clock uncertainty           -0.170    28.048    
    SLICE_X113Y104       FDCE (Setup_fdce_C_CE)      -0.205    27.843    lcd_pic_inst/box_y_reg[2]
  -------------------------------------------------------------------
                         required time                         27.843    
                         arrival time                          -1.686    
  -------------------------------------------------------------------
                         slack                                 26.158    

Slack (MET) :             26.158ns  (required time - arrival time)
  Source:                 lcd_pic_inst/box_y_reg[3]/C
                            (rising edge-triggered cell FDCE clocked by clk_out1_clk_wiz_0  {rise@0.000ns fall@15.152ns period=30.303ns})
  Destination:            lcd_pic_inst/box_y_reg[4]/CE
                            (rising edge-triggered cell FDCE clocked by clk_out1_clk_wiz_0  {rise@0.000ns fall@15.152ns period=30.303ns})
  Path Group:             clk_out1_clk_wiz_0
  Path Type:              Setup (Max at Slow Process Corner)
  Requirement:            30.303ns  (clk_out1_clk_wiz_0 rise@30.303ns - clk_out1_clk_wiz_0 rise@0.000ns)
  Data Path Delay:        3.745ns  (logic 0.828ns (22.109%)  route 2.917ns (77.891%))
  Logic Levels:           3  (LUT3=1 LUT5=1 LUT6=1)
  Clock Path Skew:        -0.025ns (DCD - SCD + CPR)
    Destination Clock Delay (DCD):    -1.729ns = ( 28.574 - 30.303 ) 
    Source Clock Delay      (SCD):    -2.060ns
    Clock Pessimism Removal (CPR):    -0.356ns
  Clock Uncertainty:      0.170ns  ((TSJ^2 + DJ^2)^1/2) / 2 + PE
    Total System Jitter     (TSJ):    0.071ns
    Discrete Jitter          (DJ):    0.333ns
    Phase Error              (PE):    0.000ns

    Location             Delay type                Incr(ns)  Path(ns)    Netlist Resource(s)
  -------------------------------------------------------------------    -------------------
                         (clock clk_out1_clk_wiz_0 rise edge)
                                                      0.000     0.000 r  
    Y9                                                0.000     0.000 r  sys_clk (IN)
                         net (fo=0)                   0.000     0.000    clk_wiz_0_inst/inst/clk_in1
    Y9                   IBUF (Prop_ibuf_I_O)         1.490     1.490 r  clk_wiz_0_inst/inst/clkin1_ibufg/O
                         net (fo=1, routed)           1.306     2.796    clk_wiz_0_inst/inst/clk_in1_clk_wiz_0
    PLLE2_ADV_X0Y0       PLLE2_ADV (Prop_plle2_adv_CLKIN1_CLKOUT0)
                                                     -8.866    -6.070 r  clk_wiz_0_inst/inst/plle2_adv_inst/CLKOUT0
                         net (fo=1, routed)           1.849    -4.221    clk_wiz_0_inst/inst/clk_out1_clk_wiz_0
    BUFGCTRL_X0Y0        BUFG (Prop_bufg_I_O)         0.101    -4.120 r  clk_wiz_0_inst/inst/clkout1_buf/O
                         net (fo=64, routed)          2.060    -2.060    lcd_pic_inst/CLK
    SLICE_X111Y104       FDCE                                         r  lcd_pic_inst/box_y_reg[3]/C
  -------------------------------------------------------------------    -------------------
    SLICE_X111Y104       FDCE (Prop_fdce_C_Q)         0.456    -1.604 f  lcd_pic_inst/box_y_reg[3]/Q
                         net (fo=11, routed)          1.159    -0.444    lcd_pic_inst/Q[3]
    SLICE_X111Y103       LUT6 (Prop_lut6_I3_O)        0.124    -0.320 f  lcd_pic_inst/FSM_onehot_state[2]_i_4/O
                         net (fo=2, routed)           0.671     0.350    lcd_pic_inst/FSM_onehot_state[2]_i_4_n_0
    SLICE_X110Y103       LUT3 (Prop_lut3_I2_O)        0.124     0.474 r  lcd_pic_inst/box_y[8]_i_3/O
                         net (fo=1, routed)           0.280     0.754    lcd_pic_inst/box_y[8]_i_3_n_0
    SLICE_X110Y103       LUT5 (Prop_lut5_I0_O)        0.124     0.878 r  lcd_pic_inst/box_y[8]_i_1/O
                         net (fo=9, routed)           0.808     1.686    lcd_pic_inst/box_y
    SLICE_X113Y104       FDCE                                         r  lcd_pic_inst/box_y_reg[4]/CE
  -------------------------------------------------------------------    -------------------

                         (clock clk_out1_clk_wiz_0 rise edge)
                                                     30.303    30.303 r  
    Y9                                                0.000    30.303 r  sys_clk (IN)
                         net (fo=0)                   0.000    30.303    clk_wiz_0_inst/inst/clk_in1
    Y9                   IBUF (Prop_ibuf_I_O)         1.420    31.723 r  clk_wiz_0_inst/inst/clkin1_ibufg/O
                         net (fo=1, routed)           1.181    32.904    clk_wiz_0_inst/inst/clk_in1_clk_wiz_0
    PLLE2_ADV_X0Y0       PLLE2_ADV (Prop_plle2_adv_CLKIN1_CLKOUT0)
                                                     -7.970    24.934 r  clk_wiz_0_inst/inst/plle2_adv_inst/CLKOUT0
                         net (fo=1, routed)           1.686    26.620    clk_wiz_0_inst/inst/clk_out1_clk_wiz_0
    BUFGCTRL_X0Y0        BUFG (Prop_bufg_I_O)         0.091    26.711 r  clk_wiz_0_inst/inst/clkout1_buf/O
                         net (fo=64, routed)          1.863    28.574    lcd_pic_inst/CLK
    SLICE_X113Y104       FDCE                                         r  lcd_pic_inst/box_y_reg[4]/C
                         clock pessimism             -0.356    28.218    
                         clock uncertainty           -0.170    28.048    
    SLICE_X113Y104       FDCE (Setup_fdce_C_CE)      -0.205    27.843    lcd_pic_inst/box_y_reg[4]
  -------------------------------------------------------------------
                         required time                         27.843    
                         arrival time                          -1.686    
  -------------------------------------------------------------------
                         slack                                 26.158    





Min Delay Paths
--------------------------------------------------------------------------------------
Slack (MET) :             0.129ns  (arrival time - required time)
  Source:                 lcd_pic_inst/clk_div_reg[4]/C
                            (rising edge-triggered cell FDCE clocked by clk_out1_clk_wiz_0  {rise@0.000ns fall@15.152ns period=30.303ns})
  Destination:            lcd_pic_inst/fall_tick_reg/D
                            (rising edge-triggered cell FDCE clocked by clk_out1_clk_wiz_0  {rise@0.000ns fall@15.152ns period=30.303ns})
  Path Group:             clk_out1_clk_wiz_0
  Path Type:              Hold (Min at Fast Process Corner)
  Requirement:            0.000ns  (clk_out1_clk_wiz_0 rise@0.000ns - clk_out1_clk_wiz_0 rise@0.000ns)
  Data Path Delay:        0.573ns  (logic 0.271ns (47.334%)  route 0.302ns (52.666%))
  Logic Levels:           2  (LUT4=1 LUT6=1)
  Clock Path Skew:        0.351ns (DCD - SCD - CPR)
    Destination Clock Delay (DCD):    -0.170ns
    Source Clock Delay      (SCD):    -0.489ns
    Clock Pessimism Removal (CPR):    -0.033ns

    Location             Delay type                Incr(ns)  Path(ns)    Netlist Resource(s)
  -------------------------------------------------------------------    -------------------
                         (clock clk_out1_clk_wiz_0 rise edge)
                                                      0.000     0.000 r  
    Y9                                                0.000     0.000 r  sys_clk (IN)
                         net (fo=0)                   0.000     0.000    clk_wiz_0_inst/inst/clk_in1
    Y9                   IBUF (Prop_ibuf_I_O)         0.258     0.258 r  clk_wiz_0_inst/inst/clkin1_ibufg/O
                         net (fo=1, routed)           0.440     0.698    clk_wiz_0_inst/inst/clk_in1_clk_wiz_0
    PLLE2_ADV_X0Y0       PLLE2_ADV (Prop_plle2_adv_CLKIN1_CLKOUT0)
                                                     -2.384    -1.685 r  clk_wiz_0_inst/inst/plle2_adv_inst/CLKOUT0
                         net (fo=1, routed)           0.533    -1.152    clk_wiz_0_inst/inst/clk_out1_clk_wiz_0
    BUFGCTRL_X0Y0        BUFG (Prop_bufg_I_O)         0.026    -1.126 r  clk_wiz_0_inst/inst/clkout1_buf/O
                         net (fo=64, routed)          0.638    -0.489    lcd_pic_inst/CLK
    SLICE_X106Y98        FDCE                                         r  lcd_pic_inst/clk_div_reg[4]/C
  -------------------------------------------------------------------    -------------------
    SLICE_X106Y98        FDCE (Prop_fdce_C_Q)         0.128    -0.361 r  lcd_pic_inst/clk_div_reg[4]/Q
                         net (fo=2, routed)           0.119    -0.242    lcd_pic_inst/clk_div[4]
    SLICE_X106Y98        LUT4 (Prop_lut4_I2_O)        0.098    -0.144 f  lcd_pic_inst/fall_tick_i_3/O
                         net (fo=2, routed)           0.183     0.039    lcd_pic_inst/fall_tick_i_3_n_0
    SLICE_X106Y101       LUT6 (Prop_lut6_I4_O)        0.045     0.084 r  lcd_pic_inst/fall_tick_i_1/O
                         net (fo=1, routed)           0.000     0.084    lcd_pic_inst/fall_tick
    SLICE_X106Y101       FDCE                                         r  lcd_pic_inst/fall_tick_reg/D
  -------------------------------------------------------------------    -------------------

                         (clock clk_out1_clk_wiz_0 rise edge)
                                                      0.000     0.000 r  
    Y9                                                0.000     0.000 r  sys_clk (IN)
                         net (fo=0)                   0.000     0.000    clk_wiz_0_inst/inst/clk_in1
    Y9                   IBUF (Prop_ibuf_I_O)         0.446     0.446 r  clk_wiz_0_inst/inst/clkin1_ibufg/O
                         net (fo=1, routed)           0.481     0.927    clk_wiz_0_inst/inst/clk_in1_clk_wiz_0
    PLLE2_ADV_X0Y0       PLLE2_ADV (Prop_plle2_adv_CLKIN1_CLKOUT0)
                                                     -2.700    -1.773 r  clk_wiz_0_inst/inst/plle2_adv_inst/CLKOUT0
                         net (fo=1, routed)           0.580    -1.193    clk_wiz_0_inst/inst/clk_out1_clk_wiz_0
    BUFGCTRL_X0Y0        BUFG (Prop_bufg_I_O)         0.029    -1.164 r  clk_wiz_0_inst/inst/clkout1_buf/O
                         net (fo=64, routed)          0.994    -0.170    lcd_pic_inst/CLK
    SLICE_X106Y101       FDCE                                         r  lcd_pic_inst/fall_tick_reg/C
                         clock pessimism              0.033    -0.137    
    SLICE_X106Y101       FDCE (Hold_fdce_C_D)         0.092    -0.045    lcd_pic_inst/fall_tick_reg
  -------------------------------------------------------------------
                         required time                          0.045    
                         arrival time                           0.084    
  -------------------------------------------------------------------
                         slack                                  0.129    

Slack (MET) :             0.189ns  (arrival time - required time)
  Source:                 lcd_pic_inst/FSM_onehot_state_reg[1]/C
                            (rising edge-triggered cell FDCE clocked by clk_out1_clk_wiz_0  {rise@0.000ns fall@15.152ns period=30.303ns})
  Destination:            lcd_pic_inst/box_y_reg[7]/D
                            (rising edge-triggered cell FDCE clocked by clk_out1_clk_wiz_0  {rise@0.000ns fall@15.152ns period=30.303ns})
  Path Group:             clk_out1_clk_wiz_0
  Path Type:              Hold (Min at Fast Process Corner)
  Requirement:            0.000ns  (clk_out1_clk_wiz_0 rise@0.000ns - clk_out1_clk_wiz_0 rise@0.000ns)
  Data Path Delay:        0.309ns  (logic 0.189ns (61.161%)  route 0.120ns (38.839%))
  Logic Levels:           1  (LUT5=1)
  Clock Path Skew:        0.013ns (DCD - SCD - CPR)
    Destination Clock Delay (DCD):    -0.168ns
    Source Clock Delay      (SCD):    -0.406ns
    Clock Pessimism Removal (CPR):    0.225ns

    Location             Delay type                Incr(ns)  Path(ns)    Netlist Resource(s)
  -------------------------------------------------------------------    -------------------
                         (clock clk_out1_clk_wiz_0 rise edge)
                                                      0.000     0.000 r  
    Y9                                                0.000     0.000 r  sys_clk (IN)
                         net (fo=0)                   0.000     0.000    clk_wiz_0_inst/inst/clk_in1
    Y9                   IBUF (Prop_ibuf_I_O)         0.258     0.258 r  clk_wiz_0_inst/inst/clkin1_ibufg/O
                         net (fo=1, routed)           0.440     0.698    clk_wiz_0_inst/inst/clk_in1_clk_wiz_0
    PLLE2_ADV_X0Y0       PLLE2_ADV (Prop_plle2_adv_CLKIN1_CLKOUT0)
                                                     -2.384    -1.685 r  clk_wiz_0_inst/inst/plle2_adv_inst/CLKOUT0
                         net (fo=1, routed)           0.533    -1.152    clk_wiz_0_inst/inst/clk_out1_clk_wiz_0
    BUFGCTRL_X0Y0        BUFG (Prop_bufg_I_O)         0.026    -1.126 r  clk_wiz_0_inst/inst/clkout1_buf/O
                         net (fo=64, routed)          0.720    -0.406    lcd_pic_inst/CLK
    SLICE_X110Y103       FDCE                                         r  lcd_pic_inst/FSM_onehot_state_reg[1]/C
  -------------------------------------------------------------------    -------------------
    SLICE_X110Y103       FDCE (Prop_fdce_C_Q)         0.141    -0.265 r  lcd_pic_inst/FSM_onehot_state_reg[1]/Q
                         net (fo=13, routed)          0.120    -0.145    lcd_pic_inst/FSM_onehot_state_reg_n_0_[1]
    SLICE_X111Y103       LUT5 (Prop_lut5_I4_O)        0.048    -0.097 r  lcd_pic_inst/box_y[7]_i_1/O
                         net (fo=1, routed)           0.000    -0.097    lcd_pic_inst/box_y[7]_i_1_n_0
    SLICE_X111Y103       FDCE                                         r  lcd_pic_inst/box_y_reg[7]/D
  -------------------------------------------------------------------    -------------------

                         (clock clk_out1_clk_wiz_0 rise edge)
                                                      0.000     0.000 r  
    Y9                                                0.000     0.000 r  sys_clk (IN)
                         net (fo=0)                   0.000     0.000    clk_wiz_0_inst/inst/clk_in1
    Y9                   IBUF (Prop_ibuf_I_O)         0.446     0.446 r  clk_wiz_0_inst/inst/clkin1_ibufg/O
                         net (fo=1, routed)           0.481     0.927    clk_wiz_0_inst/inst/clk_in1_clk_wiz_0
    PLLE2_ADV_X0Y0       PLLE2_ADV (Prop_plle2_adv_CLKIN1_CLKOUT0)
                                                     -2.700    -1.773 r  clk_wiz_0_inst/inst/plle2_adv_inst/CLKOUT0
                         net (fo=1, routed)           0.580    -1.193    clk_wiz_0_inst/inst/clk_out1_clk_wiz_0
    BUFGCTRL_X0Y0        BUFG (Prop_bufg_I_O)         0.029    -1.164 r  clk_wiz_0_inst/inst/clkout1_buf/O
                         net (fo=64, routed)          0.996    -0.168    lcd_pic_inst/CLK
    SLICE_X111Y103       FDCE                                         r  lcd_pic_inst/box_y_reg[7]/C
                         clock pessimism             -0.225    -0.393    
    SLICE_X111Y103       FDCE (Hold_fdce_C_D)         0.107    -0.286    lcd_pic_inst/box_y_reg[7]
  -------------------------------------------------------------------
                         required time                          0.286    
                         arrival time                          -0.097    
  -------------------------------------------------------------------
                         slack                                  0.189    

Slack (MET) :             0.202ns  (arrival time - required time)
  Source:                 lcd_pic_inst/FSM_onehot_state_reg[1]/C
                            (rising edge-triggered cell FDCE clocked by clk_out1_clk_wiz_0  {rise@0.000ns fall@15.152ns period=30.303ns})
  Destination:            lcd_pic_inst/box_y_reg[8]/D
                            (rising edge-triggered cell FDCE clocked by clk_out1_clk_wiz_0  {rise@0.000ns fall@15.152ns period=30.303ns})
  Path Group:             clk_out1_clk_wiz_0
  Path Type:              Hold (Min at Fast Process Corner)
  Requirement:            0.000ns  (clk_out1_clk_wiz_0 rise@0.000ns - clk_out1_clk_wiz_0 rise@0.000ns)
  Data Path Delay:        0.307ns  (logic 0.186ns (60.582%)  route 0.121ns (39.418%))
  Logic Levels:           1  (LUT6=1)
  Clock Path Skew:        0.013ns (DCD - SCD - CPR)
    Destination Clock Delay (DCD):    -0.168ns
    Source Clock Delay      (SCD):    -0.406ns
    Clock Pessimism Removal (CPR):    0.225ns

    Location             Delay type                Incr(ns)  Path(ns)    Netlist Resource(s)
  -------------------------------------------------------------------    -------------------
                         (clock clk_out1_clk_wiz_0 rise edge)
                                                      0.000     0.000 r  
    Y9                                                0.000     0.000 r  sys_clk (IN)
                         net (fo=0)                   0.000     0.000    clk_wiz_0_inst/inst/clk_in1
    Y9                   IBUF (Prop_ibuf_I_O)         0.258     0.258 r  clk_wiz_0_inst/inst/clkin1_ibufg/O
                         net (fo=1, routed)           0.440     0.698    clk_wiz_0_inst/inst/clk_in1_clk_wiz_0
    PLLE2_ADV_X0Y0       PLLE2_ADV (Prop_plle2_adv_CLKIN1_CLKOUT0)
                                                     -2.384    -1.685 r  clk_wiz_0_inst/inst/plle2_adv_inst/CLKOUT0
                         net (fo=1, routed)           0.533    -1.152    clk_wiz_0_inst/inst/clk_out1_clk_wiz_0
    BUFGCTRL_X0Y0        BUFG (Prop_bufg_I_O)         0.026    -1.126 r  clk_wiz_0_inst/inst/clkout1_buf/O
                         net (fo=64, routed)          0.720    -0.406    lcd_pic_inst/CLK
    SLICE_X110Y103       FDCE                                         r  lcd_pic_inst/FSM_onehot_state_reg[1]/C
  -------------------------------------------------------------------    -------------------
    SLICE_X110Y103       FDCE (Prop_fdce_C_Q)         0.141    -0.265 r  lcd_pic_inst/FSM_onehot_state_reg[1]/Q
                         net (fo=13, routed)          0.121    -0.144    lcd_pic_inst/FSM_onehot_state_reg_n_0_[1]
    SLICE_X111Y103       LUT6 (Prop_lut6_I5_O)        0.045    -0.099 r  lcd_pic_inst/box_y[8]_i_2/O
                         net (fo=1, routed)           0.000    -0.099    lcd_pic_inst/box_y[8]_i_2_n_0
    SLICE_X111Y103       FDCE                                         r  lcd_pic_inst/box_y_reg[8]/D
  -------------------------------------------------------------------    -------------------

                         (clock clk_out1_clk_wiz_0 rise edge)
                                                      0.000     0.000 r  
    Y9                                                0.000     0.000 r  sys_clk (IN)
                         net (fo=0)                   0.000     0.000    clk_wiz_0_inst/inst/clk_in1
    Y9                   IBUF (Prop_ibuf_I_O)         0.446     0.446 r  clk_wiz_0_inst/inst/clkin1_ibufg/O
                         net (fo=1, routed)           0.481     0.927    clk_wiz_0_inst/inst/clk_in1_clk_wiz_0
    PLLE2_ADV_X0Y0       PLLE2_ADV (Prop_plle2_adv_CLKIN1_CLKOUT0)
                                                     -2.700    -1.773 r  clk_wiz_0_inst/inst/plle2_adv_inst/CLKOUT0
                         net (fo=1, routed)           0.580    -1.193    clk_wiz_0_inst/inst/clk_out1_clk_wiz_0
    BUFGCTRL_X0Y0        BUFG (Prop_bufg_I_O)         0.029    -1.164 r  clk_wiz_0_inst/inst/clkout1_buf/O
                         net (fo=64, routed)          0.996    -0.168    lcd_pic_inst/CLK
    SLICE_X111Y103       FDCE                                         r  lcd_pic_inst/box_y_reg[8]/C
                         clock pessimism             -0.225    -0.393    
    SLICE_X111Y103       FDCE (Hold_fdce_C_D)         0.092    -0.301    lcd_pic_inst/box_y_reg[8]
  -------------------------------------------------------------------
                         required time                          0.301    
                         arrival time                          -0.099    
  -------------------------------------------------------------------
                         slack                                  0.202    

Slack (MET) :             0.202ns  (arrival time - required time)
  Source:                 lcd_pic_inst/FSM_onehot_state_reg[1]/C
                            (rising edge-triggered cell FDCE clocked by clk_out1_clk_wiz_0  {rise@0.000ns fall@15.152ns period=30.303ns})
  Destination:            lcd_pic_inst/box_y_reg[6]/D
                            (rising edge-triggered cell FDCE clocked by clk_out1_clk_wiz_0  {rise@0.000ns fall@15.152ns period=30.303ns})
  Path Group:             clk_out1_clk_wiz_0
  Path Type:              Hold (Min at Fast Process Corner)
  Requirement:            0.000ns  (clk_out1_clk_wiz_0 rise@0.000ns - clk_out1_clk_wiz_0 rise@0.000ns)
  Data Path Delay:        0.306ns  (logic 0.186ns (60.780%)  route 0.120ns (39.220%))
  Logic Levels:           1  (LUT3=1)
  Clock Path Skew:        0.013ns (DCD - SCD - CPR)
    Destination Clock Delay (DCD):    -0.168ns
    Source Clock Delay      (SCD):    -0.406ns
    Clock Pessimism Removal (CPR):    0.225ns

    Location             Delay type                Incr(ns)  Path(ns)    Netlist Resource(s)
  -------------------------------------------------------------------    -------------------
                         (clock clk_out1_clk_wiz_0 rise edge)
                                                      0.000     0.000 r  
    Y9                                                0.000     0.000 r  sys_clk (IN)
                         net (fo=0)                   0.000     0.000    clk_wiz_0_inst/inst/clk_in1
    Y9                   IBUF (Prop_ibuf_I_O)         0.258     0.258 r  clk_wiz_0_inst/inst/clkin1_ibufg/O
                         net (fo=1, routed)           0.440     0.698    clk_wiz_0_inst/inst/clk_in1_clk_wiz_0
    PLLE2_ADV_X0Y0       PLLE2_ADV (Prop_plle2_adv_CLKIN1_CLKOUT0)
                                                     -2.384    -1.685 r  clk_wiz_0_inst/inst/plle2_adv_inst/CLKOUT0
                         net (fo=1, routed)           0.533    -1.152    clk_wiz_0_inst/inst/clk_out1_clk_wiz_0
    BUFGCTRL_X0Y0        BUFG (Prop_bufg_I_O)         0.026    -1.126 r  clk_wiz_0_inst/inst/clkout1_buf/O
                         net (fo=64, routed)          0.720    -0.406    lcd_pic_inst/CLK
    SLICE_X110Y103       FDCE                                         r  lcd_pic_inst/FSM_onehot_state_reg[1]/C
  -------------------------------------------------------------------    -------------------
    SLICE_X110Y103       FDCE (Prop_fdce_C_Q)         0.141    -0.265 r  lcd_pic_inst/FSM_onehot_state_reg[1]/Q
                         net (fo=13, routed)          0.120    -0.145    lcd_pic_inst/FSM_onehot_state_reg_n_0_[1]
    SLICE_X111Y103       LUT3 (Prop_lut3_I0_O)        0.045    -0.100 r  lcd_pic_inst/box_y[6]_i_1/O
                         net (fo=1, routed)           0.000    -0.100    lcd_pic_inst/box_y[6]_i_1_n_0
    SLICE_X111Y103       FDCE                                         r  lcd_pic_inst/box_y_reg[6]/D
  -------------------------------------------------------------------    -------------------

                         (clock clk_out1_clk_wiz_0 rise edge)
                                                      0.000     0.000 r  
    Y9                                                0.000     0.000 r  sys_clk (IN)
                         net (fo=0)                   0.000     0.000    clk_wiz_0_inst/inst/clk_in1
    Y9                   IBUF (Prop_ibuf_I_O)         0.446     0.446 r  clk_wiz_0_inst/inst/clkin1_ibufg/O
                         net (fo=1, routed)           0.481     0.927    clk_wiz_0_inst/inst/clk_in1_clk_wiz_0
    PLLE2_ADV_X0Y0       PLLE2_ADV (Prop_plle2_adv_CLKIN1_CLKOUT0)
                                                     -2.700    -1.773 r  clk_wiz_0_inst/inst/plle2_adv_inst/CLKOUT0
                         net (fo=1, routed)           0.580    -1.193    clk_wiz_0_inst/inst/clk_out1_clk_wiz_0
    BUFGCTRL_X0Y0        BUFG (Prop_bufg_I_O)         0.029    -1.164 r  clk_wiz_0_inst/inst/clkout1_buf/O
                         net (fo=64, routed)          0.996    -0.168    lcd_pic_inst/CLK
    SLICE_X111Y103       FDCE                                         r  lcd_pic_inst/box_y_reg[6]/C
                         clock pessimism             -0.225    -0.393    
    SLICE_X111Y103       FDCE (Hold_fdce_C_D)         0.091    -0.302    lcd_pic_inst/box_y_reg[6]
  -------------------------------------------------------------------
                         required time                          0.302    
                         arrival time                          -0.100    
  -------------------------------------------------------------------
                         slack                                  0.202    

Slack (MET) :             0.250ns  (arrival time - required time)
  Source:                 lcd_pic_inst/box_y_reg[2]/C
                            (rising edge-triggered cell FDCE clocked by clk_out1_clk_wiz_0  {rise@0.000ns fall@15.152ns period=30.303ns})
  Destination:            lcd_pic_inst/box_y_reg[4]/D
                            (rising edge-triggered cell FDCE clocked by clk_out1_clk_wiz_0  {rise@0.000ns fall@15.152ns period=30.303ns})
  Path Group:             clk_out1_clk_wiz_0
  Path Type:              Hold (Min at Fast Process Corner)
  Requirement:            0.000ns  (clk_out1_clk_wiz_0 rise@0.000ns - clk_out1_clk_wiz_0 rise@0.000ns)
  Data Path Delay:        0.342ns  (logic 0.227ns (66.399%)  route 0.115ns (33.601%))
  Logic Levels:           1  (LUT6=1)
  Clock Path Skew:        0.000ns (DCD - SCD - CPR)
    Destination Clock Delay (DCD):    -0.168ns
    Source Clock Delay      (SCD):    -0.406ns
    Clock Pessimism Removal (CPR):    0.238ns

    Location             Delay type                Incr(ns)  Path(ns)    Netlist Resource(s)
  -------------------------------------------------------------------    -------------------
                         (clock clk_out1_clk_wiz_0 rise edge)
                                                      0.000     0.000 r  
    Y9                                                0.000     0.000 r  sys_clk (IN)
                         net (fo=0)                   0.000     0.000    clk_wiz_0_inst/inst/clk_in1
    Y9                   IBUF (Prop_ibuf_I_O)         0.258     0.258 r  clk_wiz_0_inst/inst/clkin1_ibufg/O
                         net (fo=1, routed)           0.440     0.698    clk_wiz_0_inst/inst/clk_in1_clk_wiz_0
    PLLE2_ADV_X0Y0       PLLE2_ADV (Prop_plle2_adv_CLKIN1_CLKOUT0)
                                                     -2.384    -1.685 r  clk_wiz_0_inst/inst/plle2_adv_inst/CLKOUT0
                         net (fo=1, routed)           0.533    -1.152    clk_wiz_0_inst/inst/clk_out1_clk_wiz_0
    BUFGCTRL_X0Y0        BUFG (Prop_bufg_I_O)         0.026    -1.126 r  clk_wiz_0_inst/inst/clkout1_buf/O
                         net (fo=64, routed)          0.720    -0.406    lcd_pic_inst/CLK
    SLICE_X113Y104       FDCE                                         r  lcd_pic_inst/box_y_reg[2]/C
  -------------------------------------------------------------------    -------------------
    SLICE_X113Y104       FDCE (Prop_fdce_C_Q)         0.128    -0.278 r  lcd_pic_inst/box_y_reg[2]/Q
                         net (fo=10, routed)          0.115    -0.163    lcd_pic_inst/Q[2]
    SLICE_X113Y104       LUT6 (Prop_lut6_I2_O)        0.099    -0.064 r  lcd_pic_inst/box_y[4]_i_1/O
                         net (fo=1, routed)           0.000    -0.064    lcd_pic_inst/box_y[4]_i_1_n_0
    SLICE_X113Y104       FDCE                                         r  lcd_pic_inst/box_y_reg[4]/D
  -------------------------------------------------------------------    -------------------

                         (clock clk_out1_clk_wiz_0 rise edge)
                                                      0.000     0.000 r  
    Y9                                                0.000     0.000 r  sys_clk (IN)
                         net (fo=0)                   0.000     0.000    clk_wiz_0_inst/inst/clk_in1
    Y9                   IBUF (Prop_ibuf_I_O)         0.446     0.446 r  clk_wiz_0_inst/inst/clkin1_ibufg/O
                         net (fo=1, routed)           0.481     0.927    clk_wiz_0_inst/inst/clk_in1_clk_wiz_0
    PLLE2_ADV_X0Y0       PLLE2_ADV (Prop_plle2_adv_CLKIN1_CLKOUT0)
                                                     -2.700    -1.773 r  clk_wiz_0_inst/inst/plle2_adv_inst/CLKOUT0
                         net (fo=1, routed)           0.580    -1.193    clk_wiz_0_inst/inst/clk_out1_clk_wiz_0
    BUFGCTRL_X0Y0        BUFG (Prop_bufg_I_O)         0.029    -1.164 r  clk_wiz_0_inst/inst/clkout1_buf/O
                         net (fo=64, routed)          0.996    -0.168    lcd_pic_inst/CLK
    SLICE_X113Y104       FDCE                                         r  lcd_pic_inst/box_y_reg[4]/C
                         clock pessimism             -0.238    -0.406    
    SLICE_X113Y104       FDCE (Hold_fdce_C_D)         0.092    -0.314    lcd_pic_inst/box_y_reg[4]
  -------------------------------------------------------------------
                         required time                          0.314    
                         arrival time                          -0.064    
  -------------------------------------------------------------------
                         slack                                  0.250    

Slack (MET) :             0.251ns  (arrival time - required time)
  Source:                 lcd_pic_inst/box_y_reg[3]/C
                            (rising edge-triggered cell FDCE clocked by clk_out1_clk_wiz_0  {rise@0.000ns fall@15.152ns period=30.303ns})
  Destination:            lcd_pic_inst/box_y_reg[3]/D
                            (rising edge-triggered cell FDCE clocked by clk_out1_clk_wiz_0  {rise@0.000ns fall@15.152ns period=30.303ns})
  Path Group:             clk_out1_clk_wiz_0
  Path Type:              Hold (Min at Fast Process Corner)
  Requirement:            0.000ns  (clk_out1_clk_wiz_0 rise@0.000ns - clk_out1_clk_wiz_0 rise@0.000ns)
  Data Path Delay:        0.343ns  (logic 0.186ns (54.224%)  route 0.157ns (45.776%))
  Logic Levels:           1  (LUT6=1)
  Clock Path Skew:        0.000ns (DCD - SCD - CPR)
    Destination Clock Delay (DCD):    -0.168ns
    Source Clock Delay      (SCD):    -0.406ns
    Clock Pessimism Removal (CPR):    0.238ns

    Location             Delay type                Incr(ns)  Path(ns)    Netlist Resource(s)
  -------------------------------------------------------------------    -------------------
                         (clock clk_out1_clk_wiz_0 rise edge)
                                                      0.000     0.000 r  
    Y9                                                0.000     0.000 r  sys_clk (IN)
                         net (fo=0)                   0.000     0.000    clk_wiz_0_inst/inst/clk_in1
    Y9                   IBUF (Prop_ibuf_I_O)         0.258     0.258 r  clk_wiz_0_inst/inst/clkin1_ibufg/O
                         net (fo=1, routed)           0.440     0.698    clk_wiz_0_inst/inst/clk_in1_clk_wiz_0
    PLLE2_ADV_X0Y0       PLLE2_ADV (Prop_plle2_adv_CLKIN1_CLKOUT0)
                                                     -2.384    -1.685 r  clk_wiz_0_inst/inst/plle2_adv_inst/CLKOUT0
                         net (fo=1, routed)           0.533    -1.152    clk_wiz_0_inst/inst/clk_out1_clk_wiz_0
    BUFGCTRL_X0Y0        BUFG (Prop_bufg_I_O)         0.026    -1.126 r  clk_wiz_0_inst/inst/clkout1_buf/O
                         net (fo=64, routed)          0.720    -0.406    lcd_pic_inst/CLK
    SLICE_X111Y104       FDCE                                         r  lcd_pic_inst/box_y_reg[3]/C
  -------------------------------------------------------------------    -------------------
    SLICE_X111Y104       FDCE (Prop_fdce_C_Q)         0.141    -0.265 r  lcd_pic_inst/box_y_reg[3]/Q
                         net (fo=11, routed)          0.157    -0.108    lcd_pic_inst/Q[3]
    SLICE_X111Y104       LUT6 (Prop_lut6_I1_O)        0.045    -0.063 r  lcd_pic_inst/box_y[3]_i_1/O
                         net (fo=1, routed)           0.000    -0.063    lcd_pic_inst/box_y[3]_i_1_n_0
    SLICE_X111Y104       FDCE                                         r  lcd_pic_inst/box_y_reg[3]/D
  -------------------------------------------------------------------    -------------------

                         (clock clk_out1_clk_wiz_0 rise edge)
                                                      0.000     0.000 r  
    Y9                                                0.000     0.000 r  sys_clk (IN)
                         net (fo=0)                   0.000     0.000    clk_wiz_0_inst/inst/clk_in1
    Y9                   IBUF (Prop_ibuf_I_O)         0.446     0.446 r  clk_wiz_0_inst/inst/clkin1_ibufg/O
                         net (fo=1, routed)           0.481     0.927    clk_wiz_0_inst/inst/clk_in1_clk_wiz_0
    PLLE2_ADV_X0Y0       PLLE2_ADV (Prop_plle2_adv_CLKIN1_CLKOUT0)
                                                     -2.700    -1.773 r  clk_wiz_0_inst/inst/plle2_adv_inst/CLKOUT0
                         net (fo=1, routed)           0.580    -1.193    clk_wiz_0_inst/inst/clk_out1_clk_wiz_0
    BUFGCTRL_X0Y0        BUFG (Prop_bufg_I_O)         0.029    -1.164 r  clk_wiz_0_inst/inst/clkout1_buf/O
                         net (fo=64, routed)          0.996    -0.168    lcd_pic_inst/CLK
    SLICE_X111Y104       FDCE                                         r  lcd_pic_inst/box_y_reg[3]/C
                         clock pessimism             -0.238    -0.406    
    SLICE_X111Y104       FDCE (Hold_fdce_C_D)         0.092    -0.314    lcd_pic_inst/box_y_reg[3]
  -------------------------------------------------------------------
                         required time                          0.314    
                         arrival time                          -0.063    
  -------------------------------------------------------------------
                         slack                                  0.251    

Slack (MET) :             0.256ns  (arrival time - required time)
  Source:                 lcd_ctrl_inst/cnt_v_reg[4]/C
                            (rising edge-triggered cell FDCE clocked by clk_out1_clk_wiz_0  {rise@0.000ns fall@15.152ns period=30.303ns})
  Destination:            lcd_ctrl_inst/cnt_v_reg[5]/D
                            (rising edge-triggered cell FDCE clocked by clk_out1_clk_wiz_0  {rise@0.000ns fall@15.152ns period=30.303ns})
  Path Group:             clk_out1_clk_wiz_0
  Path Type:              Hold (Min at Fast Process Corner)
  Requirement:            0.000ns  (clk_out1_clk_wiz_0 rise@0.000ns - clk_out1_clk_wiz_0 rise@0.000ns)
  Data Path Delay:        0.392ns  (logic 0.209ns (53.272%)  route 0.183ns (46.728%))
  Logic Levels:           1  (LUT6=1)
  Clock Path Skew:        0.016ns (DCD - SCD - CPR)
    Destination Clock Delay (DCD):    -0.171ns
    Source Clock Delay      (SCD):    -0.407ns
    Clock Pessimism Removal (CPR):    0.220ns

    Location             Delay type                Incr(ns)  Path(ns)    Netlist Resource(s)
  -------------------------------------------------------------------    -------------------
                         (clock clk_out1_clk_wiz_0 rise edge)
                                                      0.000     0.000 r  
    Y9                                                0.000     0.000 r  sys_clk (IN)
                         net (fo=0)                   0.000     0.000    clk_wiz_0_inst/inst/clk_in1
    Y9                   IBUF (Prop_ibuf_I_O)         0.258     0.258 r  clk_wiz_0_inst/inst/clkin1_ibufg/O
                         net (fo=1, routed)           0.440     0.698    clk_wiz_0_inst/inst/clk_in1_clk_wiz_0
    PLLE2_ADV_X0Y0       PLLE2_ADV (Prop_plle2_adv_CLKIN1_CLKOUT0)
                                                     -2.384    -1.685 r  clk_wiz_0_inst/inst/plle2_adv_inst/CLKOUT0
                         net (fo=1, routed)           0.533    -1.152    clk_wiz_0_inst/inst/clk_out1_clk_wiz_0
    BUFGCTRL_X0Y0        BUFG (Prop_bufg_I_O)         0.026    -1.126 r  clk_wiz_0_inst/inst/clkout1_buf/O
                         net (fo=64, routed)          0.719    -0.407    lcd_ctrl_inst/CLK
    SLICE_X108Y104       FDCE                                         r  lcd_ctrl_inst/cnt_v_reg[4]/C
  -------------------------------------------------------------------    -------------------
    SLICE_X108Y104       FDCE (Prop_fdce_C_Q)         0.164    -0.243 r  lcd_ctrl_inst/cnt_v_reg[4]/Q
                         net (fo=14, routed)          0.183    -0.060    lcd_ctrl_inst/cnt_v[4]
    SLICE_X108Y105       LUT6 (Prop_lut6_I1_O)        0.045    -0.015 r  lcd_ctrl_inst/cnt_v[5]_i_1/O
                         net (fo=1, routed)           0.000    -0.015    lcd_ctrl_inst/cnt_v[5]_i_1_n_0
    SLICE_X108Y105       FDCE                                         r  lcd_ctrl_inst/cnt_v_reg[5]/D
  -------------------------------------------------------------------    -------------------

                         (clock clk_out1_clk_wiz_0 rise edge)
                                                      0.000     0.000 r  
    Y9                                                0.000     0.000 r  sys_clk (IN)
                         net (fo=0)                   0.000     0.000    clk_wiz_0_inst/inst/clk_in1
    Y9                   IBUF (Prop_ibuf_I_O)         0.446     0.446 r  clk_wiz_0_inst/inst/clkin1_ibufg/O
                         net (fo=1, routed)           0.481     0.927    clk_wiz_0_inst/inst/clk_in1_clk_wiz_0
    PLLE2_ADV_X0Y0       PLLE2_ADV (Prop_plle2_adv_CLKIN1_CLKOUT0)
                                                     -2.700    -1.773 r  clk_wiz_0_inst/inst/plle2_adv_inst/CLKOUT0
                         net (fo=1, routed)           0.580    -1.193    clk_wiz_0_inst/inst/clk_out1_clk_wiz_0
    BUFGCTRL_X0Y0        BUFG (Prop_bufg_I_O)         0.029    -1.164 r  clk_wiz_0_inst/inst/clkout1_buf/O
                         net (fo=64, routed)          0.993    -0.171    lcd_ctrl_inst/CLK
    SLICE_X108Y105       FDCE                                         r  lcd_ctrl_inst/cnt_v_reg[5]/C
                         clock pessimism             -0.220    -0.391    
    SLICE_X108Y105       FDCE (Hold_fdce_C_D)         0.120    -0.271    lcd_ctrl_inst/cnt_v_reg[5]
  -------------------------------------------------------------------
                         required time                          0.271    
                         arrival time                          -0.015    
  -------------------------------------------------------------------
                         slack                                  0.256    

Slack (MET) :             0.258ns  (arrival time - required time)
  Source:                 lcd_ctrl_inst/cnt_v_reg[0]/C
                            (rising edge-triggered cell FDCE clocked by clk_out1_clk_wiz_0  {rise@0.000ns fall@15.152ns period=30.303ns})
  Destination:            lcd_ctrl_inst/cnt_v_reg[0]/D
                            (rising edge-triggered cell FDCE clocked by clk_out1_clk_wiz_0  {rise@0.000ns fall@15.152ns period=30.303ns})
  Path Group:             clk_out1_clk_wiz_0
  Path Type:              Hold (Min at Fast Process Corner)
  Requirement:            0.000ns  (clk_out1_clk_wiz_0 rise@0.000ns - clk_out1_clk_wiz_0 rise@0.000ns)
  Data Path Delay:        0.363ns  (logic 0.183ns (50.353%)  route 0.180ns (49.647%))
  Logic Levels:           1  (LUT5=1)
  Clock Path Skew:        0.000ns (DCD - SCD - CPR)
    Destination Clock Delay (DCD):    -0.171ns
    Source Clock Delay      (SCD):    -0.407ns
    Clock Pessimism Removal (CPR):    0.236ns

    Location             Delay type                Incr(ns)  Path(ns)    Netlist Resource(s)
  -------------------------------------------------------------------    -------------------
                         (clock clk_out1_clk_wiz_0 rise edge)
                                                      0.000     0.000 r  
    Y9                                                0.000     0.000 r  sys_clk (IN)
                         net (fo=0)                   0.000     0.000    clk_wiz_0_inst/inst/clk_in1
    Y9                   IBUF (Prop_ibuf_I_O)         0.258     0.258 r  clk_wiz_0_inst/inst/clkin1_ibufg/O
                         net (fo=1, routed)           0.440     0.698    clk_wiz_0_inst/inst/clk_in1_clk_wiz_0
    PLLE2_ADV_X0Y0       PLLE2_ADV (Prop_plle2_adv_CLKIN1_CLKOUT0)
                                                     -2.384    -1.685 r  clk_wiz_0_inst/inst/plle2_adv_inst/CLKOUT0
                         net (fo=1, routed)           0.533    -1.152    clk_wiz_0_inst/inst/clk_out1_clk_wiz_0
    BUFGCTRL_X0Y0        BUFG (Prop_bufg_I_O)         0.026    -1.126 r  clk_wiz_0_inst/inst/clkout1_buf/O
                         net (fo=64, routed)          0.719    -0.407    lcd_ctrl_inst/CLK
    SLICE_X109Y103       FDCE                                         r  lcd_ctrl_inst/cnt_v_reg[0]/C
  -------------------------------------------------------------------    -------------------
    SLICE_X109Y103       FDCE (Prop_fdce_C_Q)         0.141    -0.266 f  lcd_ctrl_inst/cnt_v_reg[0]/Q
                         net (fo=23, routed)          0.180    -0.086    lcd_ctrl_inst/cnt_v[0]
    SLICE_X109Y103       LUT5 (Prop_lut5_I0_O)        0.042    -0.044 r  lcd_ctrl_inst/cnt_v[0]_i_1/O
                         net (fo=1, routed)           0.000    -0.044    lcd_ctrl_inst/cnt_v[0]_i_1_n_0
    SLICE_X109Y103       FDCE                                         r  lcd_ctrl_inst/cnt_v_reg[0]/D
  -------------------------------------------------------------------    -------------------

                         (clock clk_out1_clk_wiz_0 rise edge)
                                                      0.000     0.000 r  
    Y9                                                0.000     0.000 r  sys_clk (IN)
                         net (fo=0)                   0.000     0.000    clk_wiz_0_inst/inst/clk_in1
    Y9                   IBUF (Prop_ibuf_I_O)         0.446     0.446 r  clk_wiz_0_inst/inst/clkin1_ibufg/O
                         net (fo=1, routed)           0.481     0.927    clk_wiz_0_inst/inst/clk_in1_clk_wiz_0
    PLLE2_ADV_X0Y0       PLLE2_ADV (Prop_plle2_adv_CLKIN1_CLKOUT0)
                                                     -2.700    -1.773 r  clk_wiz_0_inst/inst/plle2_adv_inst/CLKOUT0
                         net (fo=1, routed)           0.580    -1.193    clk_wiz_0_inst/inst/clk_out1_clk_wiz_0
    BUFGCTRL_X0Y0        BUFG (Prop_bufg_I_O)         0.029    -1.164 r  clk_wiz_0_inst/inst/clkout1_buf/O
                         net (fo=64, routed)          0.993    -0.171    lcd_ctrl_inst/CLK
    SLICE_X109Y103       FDCE                                         r  lcd_ctrl_inst/cnt_v_reg[0]/C
                         clock pessimism             -0.236    -0.407    
    SLICE_X109Y103       FDCE (Hold_fdce_C_D)         0.105    -0.302    lcd_ctrl_inst/cnt_v_reg[0]
  -------------------------------------------------------------------
                         required time                          0.302    
                         arrival time                          -0.044    
  -------------------------------------------------------------------
                         slack                                  0.258    

Slack (MET) :             0.264ns  (arrival time - required time)
  Source:                 lcd_pic_inst/FSM_onehot_state_reg[0]/C
                            (rising edge-triggered cell FDPE clocked by clk_out1_clk_wiz_0  {rise@0.000ns fall@15.152ns period=30.303ns})
  Destination:            lcd_pic_inst/FSM_onehot_state_reg[0]/D
                            (rising edge-triggered cell FDPE clocked by clk_out1_clk_wiz_0  {rise@0.000ns fall@15.152ns period=30.303ns})
  Path Group:             clk_out1_clk_wiz_0
  Path Type:              Hold (Min at Fast Process Corner)
  Requirement:            0.000ns  (clk_out1_clk_wiz_0 rise@0.000ns - clk_out1_clk_wiz_0 rise@0.000ns)
  Data Path Delay:        0.384ns  (logic 0.209ns (54.393%)  route 0.175ns (45.607%))
  Logic Levels:           1  (LUT2=1)
  Clock Path Skew:        0.000ns (DCD - SCD - CPR)
    Destination Clock Delay (DCD):    -0.171ns
    Source Clock Delay      (SCD):    -0.407ns
    Clock Pessimism Removal (CPR):    0.236ns

    Location             Delay type                Incr(ns)  Path(ns)    Netlist Resource(s)
  -------------------------------------------------------------------    -------------------
                         (clock clk_out1_clk_wiz_0 rise edge)
                                                      0.000     0.000 r  
    Y9                                                0.000     0.000 r  sys_clk (IN)
                         net (fo=0)                   0.000     0.000    clk_wiz_0_inst/inst/clk_in1
    Y9                   IBUF (Prop_ibuf_I_O)         0.258     0.258 r  clk_wiz_0_inst/inst/clkin1_ibufg/O
                         net (fo=1, routed)           0.440     0.698    clk_wiz_0_inst/inst/clk_in1_clk_wiz_0
    PLLE2_ADV_X0Y0       PLLE2_ADV (Prop_plle2_adv_CLKIN1_CLKOUT0)
                                                     -2.384    -1.685 r  clk_wiz_0_inst/inst/plle2_adv_inst/CLKOUT0
                         net (fo=1, routed)           0.533    -1.152    clk_wiz_0_inst/inst/clk_out1_clk_wiz_0
    BUFGCTRL_X0Y0        BUFG (Prop_bufg_I_O)         0.026    -1.126 r  clk_wiz_0_inst/inst/clkout1_buf/O
                         net (fo=64, routed)          0.719    -0.407    lcd_pic_inst/CLK
    SLICE_X108Y103       FDPE                                         r  lcd_pic_inst/FSM_onehot_state_reg[0]/C
  -------------------------------------------------------------------    -------------------
    SLICE_X108Y103       FDPE (Prop_fdpe_C_Q)         0.164    -0.243 r  lcd_pic_inst/FSM_onehot_state_reg[0]/Q
                         net (fo=4, routed)           0.175    -0.068    lcd_pic_inst/FSM_onehot_state_reg_n_0_[0]
    SLICE_X108Y103       LUT2 (Prop_lut2_I1_O)        0.045    -0.023 r  lcd_pic_inst/FSM_onehot_state[0]_i_1/O
                         net (fo=1, routed)           0.000    -0.023    lcd_pic_inst/FSM_onehot_state[0]_i_1_n_0
    SLICE_X108Y103       FDPE                                         r  lcd_pic_inst/FSM_onehot_state_reg[0]/D
  -------------------------------------------------------------------    -------------------

                         (clock clk_out1_clk_wiz_0 rise edge)
                                                      0.000     0.000 r  
    Y9                                                0.000     0.000 r  sys_clk (IN)
                         net (fo=0)                   0.000     0.000    clk_wiz_0_inst/inst/clk_in1
    Y9                   IBUF (Prop_ibuf_I_O)         0.446     0.446 r  clk_wiz_0_inst/inst/clkin1_ibufg/O
                         net (fo=1, routed)           0.481     0.927    clk_wiz_0_inst/inst/clk_in1_clk_wiz_0
    PLLE2_ADV_X0Y0       PLLE2_ADV (Prop_plle2_adv_CLKIN1_CLKOUT0)
                                                     -2.700    -1.773 r  clk_wiz_0_inst/inst/plle2_adv_inst/CLKOUT0
                         net (fo=1, routed)           0.580    -1.193    clk_wiz_0_inst/inst/clk_out1_clk_wiz_0
    BUFGCTRL_X0Y0        BUFG (Prop_bufg_I_O)         0.029    -1.164 r  clk_wiz_0_inst/inst/clkout1_buf/O
                         net (fo=64, routed)          0.993    -0.171    lcd_pic_inst/CLK
    SLICE_X108Y103       FDPE                                         r  lcd_pic_inst/FSM_onehot_state_reg[0]/C
                         clock pessimism             -0.236    -0.407    
    SLICE_X108Y103       FDPE (Hold_fdpe_C_D)         0.120    -0.287    lcd_pic_inst/FSM_onehot_state_reg[0]
  -------------------------------------------------------------------
                         required time                          0.287    
                         arrival time                          -0.023    
  -------------------------------------------------------------------
                         slack                                  0.264    

Slack (MET) :             0.310ns  (arrival time - required time)
  Source:                 lcd_ctrl_inst/cnt_h_reg[4]/C
                            (rising edge-triggered cell FDCE clocked by clk_out1_clk_wiz_0  {rise@0.000ns fall@15.152ns period=30.303ns})
  Destination:            lcd_ctrl_inst/cnt_h_reg[11]/D
                            (rising edge-triggered cell FDCE clocked by clk_out1_clk_wiz_0  {rise@0.000ns fall@15.152ns period=30.303ns})
  Path Group:             clk_out1_clk_wiz_0
  Path Type:              Hold (Min at Fast Process Corner)
  Requirement:            0.000ns  (clk_out1_clk_wiz_0 rise@0.000ns - clk_out1_clk_wiz_0 rise@0.000ns)
  Data Path Delay:        0.770ns  (logic 0.255ns (33.106%)  route 0.515ns (66.894%))
  Logic Levels:           2  (LUT2=1 LUT6=1)
  Clock Path Skew:        0.353ns (DCD - SCD - CPR)
    Destination Clock Delay (DCD):    -0.167ns
    Source Clock Delay      (SCD):    -0.488ns
    Clock Pessimism Removal (CPR):    -0.033ns

    Location             Delay type                Incr(ns)  Path(ns)    Netlist Resource(s)
  -------------------------------------------------------------------    -------------------
                         (clock clk_out1_clk_wiz_0 rise edge)
                                                      0.000     0.000 r  
    Y9                                                0.000     0.000 r  sys_clk (IN)
                         net (fo=0)                   0.000     0.000    clk_wiz_0_inst/inst/clk_in1
    Y9                   IBUF (Prop_ibuf_I_O)         0.258     0.258 r  clk_wiz_0_inst/inst/clkin1_ibufg/O
                         net (fo=1, routed)           0.440     0.698    clk_wiz_0_inst/inst/clk_in1_clk_wiz_0
    PLLE2_ADV_X0Y0       PLLE2_ADV (Prop_plle2_adv_CLKIN1_CLKOUT0)
                                                     -2.384    -1.685 r  clk_wiz_0_inst/inst/plle2_adv_inst/CLKOUT0
                         net (fo=1, routed)           0.533    -1.152    clk_wiz_0_inst/inst/clk_out1_clk_wiz_0
    BUFGCTRL_X0Y0        BUFG (Prop_bufg_I_O)         0.026    -1.126 r  clk_wiz_0_inst/inst/clkout1_buf/O
                         net (fo=64, routed)          0.639    -0.488    lcd_ctrl_inst/CLK
    SLICE_X112Y99        FDCE                                         r  lcd_ctrl_inst/cnt_h_reg[4]/C
  -------------------------------------------------------------------    -------------------
    SLICE_X112Y99        FDCE (Prop_fdce_C_Q)         0.164    -0.324 f  lcd_ctrl_inst/cnt_h_reg[4]/Q
                         net (fo=6, routed)           0.274    -0.050    lcd_ctrl_inst/cnt_h_reg_n_0_[4]
    SLICE_X110Y98        LUT6 (Prop_lut6_I4_O)        0.045    -0.005 f  lcd_ctrl_inst/cnt_v[9]_i_1/O
                         net (fo=21, routed)          0.242     0.237    lcd_ctrl_inst/cnt_v_0
    SLICE_X110Y100       LUT2 (Prop_lut2_I1_O)        0.046     0.283 r  lcd_ctrl_inst/cnt_h[11]_i_1/O
                         net (fo=1, routed)           0.000     0.283    lcd_ctrl_inst/cnt_h[11]
    SLICE_X110Y100       FDCE                                         r  lcd_ctrl_inst/cnt_h_reg[11]/D
  -------------------------------------------------------------------    -------------------

                         (clock clk_out1_clk_wiz_0 rise edge)
                                                      0.000     0.000 r  
    Y9                                                0.000     0.000 r  sys_clk (IN)
                         net (fo=0)                   0.000     0.000    clk_wiz_0_inst/inst/clk_in1
    Y9                   IBUF (Prop_ibuf_I_O)         0.446     0.446 r  clk_wiz_0_inst/inst/clkin1_ibufg/O
                         net (fo=1, routed)           0.481     0.927    clk_wiz_0_inst/inst/clk_in1_clk_wiz_0
    PLLE2_ADV_X0Y0       PLLE2_ADV (Prop_plle2_adv_CLKIN1_CLKOUT0)
                                                     -2.700    -1.773 r  clk_wiz_0_inst/inst/plle2_adv_inst/CLKOUT0
                         net (fo=1, routed)           0.580    -1.193    clk_wiz_0_inst/inst/clk_out1_clk_wiz_0
    BUFGCTRL_X0Y0        BUFG (Prop_bufg_I_O)         0.029    -1.164 r  clk_wiz_0_inst/inst/clkout1_buf/O
                         net (fo=64, routed)          0.997    -0.167    lcd_ctrl_inst/CLK
    SLICE_X110Y100       FDCE                                         r  lcd_ctrl_inst/cnt_h_reg[11]/C
                         clock pessimism              0.033    -0.134    
    SLICE_X110Y100       FDCE (Hold_fdce_C_D)         0.107    -0.027    lcd_ctrl_inst/cnt_h_reg[11]
  -------------------------------------------------------------------
                         required time                          0.027    
                         arrival time                           0.283    
  -------------------------------------------------------------------
                         slack                                  0.310    





Pulse Width Checks
--------------------------------------------------------------------------------------
Clock Name:         clk_out1_clk_wiz_0
Waveform(ns):       { 0.000 15.152 }
Period(ns):         30.303
Sources:            { clk_wiz_0_inst/inst/plle2_adv_inst/CLKOUT0 }

Check Type        Corner  Lib Pin            Reference Pin  Required(ns)  Actual(ns)  Slack(ns)  Location        Pin
Min Period        n/a     BUFG/I             n/a            2.155         30.303      28.148     BUFGCTRL_X0Y0   clk_wiz_0_inst/inst/clkout1_buf/I
Min Period        n/a     PLLE2_ADV/CLKOUT0  n/a            1.249         30.303      29.054     PLLE2_ADV_X0Y0  clk_wiz_0_inst/inst/plle2_adv_inst/CLKOUT0
Min Period        n/a     FDCE/C             n/a            1.000         30.303      29.303     SLICE_X112Y99   lcd_ctrl_inst/cnt_h_reg[0]/C
Min Period        n/a     FDCE/C             n/a            1.000         30.303      29.303     SLICE_X110Y100  lcd_ctrl_inst/cnt_h_reg[10]/C
Min Period        n/a     FDCE/C             n/a            1.000         30.303      29.303     SLICE_X110Y100  lcd_ctrl_inst/cnt_h_reg[11]/C
Min Period        n/a     FDCE/C             n/a            1.000         30.303      29.303     SLICE_X112Y98   lcd_ctrl_inst/cnt_h_reg[1]/C
Min Period        n/a     FDCE/C             n/a            1.000         30.303      29.303     SLICE_X109Y98   lcd_ctrl_inst/cnt_h_reg[2]/C
Min Period        n/a     FDCE/C             n/a            1.000         30.303      29.303     SLICE_X109Y98   lcd_ctrl_inst/cnt_h_reg[3]/C
Min Period        n/a     FDCE/C             n/a            1.000         30.303      29.303     SLICE_X112Y99   lcd_ctrl_inst/cnt_h_reg[4]/C
Min Period        n/a     FDCE/C             n/a            1.000         30.303      29.303     SLICE_X112Y99   lcd_ctrl_inst/cnt_h_reg[5]/C
Max Period        n/a     PLLE2_ADV/CLKOUT0  n/a            160.000       30.303      129.697    PLLE2_ADV_X0Y0  clk_wiz_0_inst/inst/plle2_adv_inst/CLKOUT0
Low Pulse Width   Slow    FDCE/C             n/a            0.500         15.152      14.652     SLICE_X112Y99   lcd_ctrl_inst/cnt_h_reg[0]/C
Low Pulse Width   Fast    FDCE/C             n/a            0.500         15.152      14.652     SLICE_X112Y99   lcd_ctrl_inst/cnt_h_reg[0]/C
Low Pulse Width   Slow    FDCE/C             n/a            0.500         15.152      14.652     SLICE_X110Y100  lcd_ctrl_inst/cnt_h_reg[10]/C
Low Pulse Width   Fast    FDCE/C             n/a            0.500         15.152      14.652     SLICE_X110Y100  lcd_ctrl_inst/cnt_h_reg[10]/C
Low Pulse Width   Slow    FDCE/C             n/a            0.500         15.152      14.652     SLICE_X110Y100  lcd_ctrl_inst/cnt_h_reg[11]/C
Low Pulse Width   Fast    FDCE/C             n/a            0.500         15.152      14.652     SLICE_X110Y100  lcd_ctrl_inst/cnt_h_reg[11]/C
Low Pulse Width   Slow    FDCE/C             n/a            0.500         15.152      14.652     SLICE_X112Y98   lcd_ctrl_inst/cnt_h_reg[1]/C
Low Pulse Width   Fast    FDCE/C             n/a            0.500         15.152      14.652     SLICE_X112Y98   lcd_ctrl_inst/cnt_h_reg[1]/C
Low Pulse Width   Slow    FDCE/C             n/a            0.500         15.152      14.652     SLICE_X109Y98   lcd_ctrl_inst/cnt_h_reg[2]/C
Low Pulse Width   Fast    FDCE/C             n/a            0.500         15.152      14.652     SLICE_X109Y98   lcd_ctrl_inst/cnt_h_reg[2]/C
High Pulse Width  Slow    FDCE/C             n/a            0.500         15.152      14.652     SLICE_X112Y99   lcd_ctrl_inst/cnt_h_reg[0]/C
High Pulse Width  Fast    FDCE/C             n/a            0.500         15.152      14.652     SLICE_X112Y99   lcd_ctrl_inst/cnt_h_reg[0]/C
High Pulse Width  Slow    FDCE/C             n/a            0.500         15.152      14.652     SLICE_X110Y100  lcd_ctrl_inst/cnt_h_reg[10]/C
High Pulse Width  Fast    FDCE/C             n/a            0.500         15.152      14.652     SLICE_X110Y100  lcd_ctrl_inst/cnt_h_reg[10]/C
High Pulse Width  Slow    FDCE/C             n/a            0.500         15.152      14.652     SLICE_X110Y100  lcd_ctrl_inst/cnt_h_reg[11]/C
High Pulse Width  Fast    FDCE/C             n/a            0.500         15.152      14.652     SLICE_X110Y100  lcd_ctrl_inst/cnt_h_reg[11]/C
High Pulse Width  Slow    FDCE/C             n/a            0.500         15.152      14.652     SLICE_X112Y98   lcd_ctrl_inst/cnt_h_reg[1]/C
High Pulse Width  Fast    FDCE/C             n/a            0.500         15.152      14.652     SLICE_X112Y98   lcd_ctrl_inst/cnt_h_reg[1]/C
High Pulse Width  Slow    FDCE/C             n/a            0.500         15.152      14.652     SLICE_X109Y98   lcd_ctrl_inst/cnt_h_reg[2]/C
High Pulse Width  Fast    FDCE/C             n/a            0.500         15.152      14.652     SLICE_X109Y98   lcd_ctrl_inst/cnt_h_reg[2]/C



---------------------------------------------------------------------------------------------------
From Clock:  clkfbout_clk_wiz_0
  To Clock:  clkfbout_clk_wiz_0

Setup :           NA  Failing Endpoints,  Worst Slack           NA  ,  Total Violation           NA
Hold  :           NA  Failing Endpoints,  Worst Slack           NA  ,  Total Violation           NA
PW    :            0  Failing Endpoints,  Worst Slack       12.633ns,  Total Violation        0.000ns
---------------------------------------------------------------------------------------------------


Pulse Width Checks
--------------------------------------------------------------------------------------
Clock Name:         clkfbout_clk_wiz_0
Waveform(ns):       { 0.000 20.000 }
Period(ns):         40.000
Sources:            { clk_wiz_0_inst/inst/plle2_adv_inst/CLKFBOUT }

Check Type  Corner  Lib Pin             Reference Pin  Required(ns)  Actual(ns)  Slack(ns)  Location        Pin
Min Period  n/a     BUFG/I              n/a            2.155         40.000      37.845     BUFGCTRL_X0Y1   clk_wiz_0_inst/inst/clkf_buf/I
Min Period  n/a     PLLE2_ADV/CLKFBOUT  n/a            1.249         40.000      38.751     PLLE2_ADV_X0Y0  clk_wiz_0_inst/inst/plle2_adv_inst/CLKFBOUT
Min Period  n/a     PLLE2_ADV/CLKFBIN   n/a            1.249         40.000      38.751     PLLE2_ADV_X0Y0  clk_wiz_0_inst/inst/plle2_adv_inst/CLKFBIN
Max Period  n/a     PLLE2_ADV/CLKFBIN   n/a            52.633        40.000      12.633     PLLE2_ADV_X0Y0  clk_wiz_0_inst/inst/plle2_adv_inst/CLKFBIN
Max Period  n/a     PLLE2_ADV/CLKFBOUT  n/a            160.000       40.000      120.000    PLLE2_ADV_X0Y0  clk_wiz_0_inst/inst/plle2_adv_inst/CLKFBOUT



--------------------------------------------------------------------------------------
Path Group:  (none)
From Clock:  clk_out1_clk_wiz_0
  To Clock:  

Max Delay             5 Endpoints
Min Delay             5 Endpoints
--------------------------------------------------------------------------------------


Max Delay Paths
--------------------------------------------------------------------------------------
Slack:                    inf
  Source:                 clk_wiz_0_inst/inst/plle2_adv_inst/CLKOUT0
                            (clock source 'clk_out1_clk_wiz_0'  {rise@0.000ns fall@15.152ns period=30.303ns})
  Destination:            lcd_clk
                            (output port)
  Path Group:             (none)
  Path Type:              Max at Slow Process Corner
  Data Path Delay:        8.605ns  (logic 3.603ns (41.864%)  route 5.003ns (58.136%))
  Logic Levels:           2  (BUFG=1 OBUF=1)
  Clock Uncertainty:      0.430ns  ((TSJ^2 + DJ^2)^1/2) / 2 + PE
    Total System Jitter     (TSJ):    0.050ns
    Discrete Jitter          (DJ):    0.333ns
    Phase Error              (PE):    0.262ns

    Location             Delay type                Incr(ns)  Path(ns)    Netlist Resource(s)
  -------------------------------------------------------------------    -------------------
                         (clock clk_out1_clk_wiz_0 fall edge)
                                                     15.152    15.152 f  
    Y9                                                0.000    15.152 f  sys_clk (IN)
                         net (fo=0)                   0.000    15.152    clk_wiz_0_inst/inst/clk_in1
    Y9                   IBUF (Prop_ibuf_I_O)         1.490    16.642 f  clk_wiz_0_inst/inst/clkin1_ibufg/O
                         net (fo=1, routed)           1.306    17.948    clk_wiz_0_inst/inst/clk_in1_clk_wiz_0
  -------------------------------------------------------------------    -------------------
    PLLE2_ADV_X0Y0       PLLE2_ADV (Prop_plle2_adv_CLKIN1_CLKOUT0)
                                                     -8.866     9.082 f  clk_wiz_0_inst/inst/plle2_adv_inst/CLKOUT0
                         net (fo=1, routed)           1.849    10.931    clk_wiz_0_inst/inst/clk_out1_clk_wiz_0
    BUFGCTRL_X0Y0        BUFG (Prop_bufg_I_O)         0.101    11.032 f  clk_wiz_0_inst/inst/clkout1_buf/O
                         net (fo=64, routed)          3.154    14.186    lcd_clk_OBUF
    L18                  OBUF (Prop_obuf_I_O)         3.502    17.687 f  lcd_clk_OBUF_inst/O
                         net (fo=0)                   0.000    17.687    lcd_clk
    L18                                                               f  lcd_clk (OUT)
  -------------------------------------------------------------------    -------------------

Slack:                    inf
  Source:                 lcd_ctrl_inst/cnt_v_reg[1]/C
                            (rising edge-triggered cell FDCE clocked by clk_out1_clk_wiz_0  {rise@0.000ns fall@15.152ns period=30.303ns})
  Destination:            rgb_lcd[15]
                            (output port)
  Path Group:             (none)
  Path Type:              Max at Slow Process Corner
  Data Path Delay:        10.840ns  (logic 4.808ns (44.350%)  route 6.033ns (55.650%))
  Logic Levels:           5  (LUT2=1 LUT6=3 OBUF=1)
  Clock Uncertainty:      0.430ns  ((TSJ^2 + DJ^2)^1/2) / 2 + PE
    Total System Jitter     (TSJ):    0.050ns
    Discrete Jitter          (DJ):    0.333ns
    Phase Error              (PE):    0.262ns

    Location             Delay type                Incr(ns)  Path(ns)    Netlist Resource(s)
  -------------------------------------------------------------------    -------------------
                         (clock clk_out1_clk_wiz_0 rise edge)
                                                      0.000     0.000 r  
    Y9                                                0.000     0.000 r  sys_clk (IN)
                         net (fo=0)                   0.000     0.000    clk_wiz_0_inst/inst/clk_in1
    Y9                   IBUF (Prop_ibuf_I_O)         1.490     1.490 r  clk_wiz_0_inst/inst/clkin1_ibufg/O
                         net (fo=1, routed)           1.306     2.796    clk_wiz_0_inst/inst/clk_in1_clk_wiz_0
    PLLE2_ADV_X0Y0       PLLE2_ADV (Prop_plle2_adv_CLKIN1_CLKOUT0)
                                                     -8.866    -6.070 r  clk_wiz_0_inst/inst/plle2_adv_inst/CLKOUT0
                         net (fo=1, routed)           1.849    -4.221    clk_wiz_0_inst/inst/clk_out1_clk_wiz_0
    BUFGCTRL_X0Y0        BUFG (Prop_bufg_I_O)         0.101    -4.120 r  clk_wiz_0_inst/inst/clkout1_buf/O
                         net (fo=64, routed)          2.058    -2.062    lcd_ctrl_inst/CLK
    SLICE_X108Y104       FDCE                                         r  lcd_ctrl_inst/cnt_v_reg[1]/C
  -------------------------------------------------------------------    -------------------
    SLICE_X108Y104       FDCE (Prop_fdce_C_Q)         0.518    -1.544 r  lcd_ctrl_inst/cnt_v_reg[1]/Q
                         net (fo=20, routed)          1.478    -0.065    lcd_ctrl_inst/cnt_v[1]
    SLICE_X112Y105       LUT6 (Prop_lut6_I3_O)        0.124     0.059 r  lcd_ctrl_inst/vsync_OBUF_inst_i_2/O
                         net (fo=12, routed)          0.976     1.034    lcd_ctrl_inst/vsync_OBUF_inst_i_2_n_0
    SLICE_X112Y105       LUT6 (Prop_lut6_I0_O)        0.124     1.158 r  lcd_ctrl_inst/lcd_de_OBUF_inst_i_2/O
                         net (fo=2, routed)           0.798     1.956    lcd_ctrl_inst/lcd_de_OBUF_inst_i_2_n_0
    SLICE_X110Y100       LUT6 (Prop_lut6_I5_O)        0.124     2.080 f  lcd_ctrl_inst/i___0_carry__1_i_1/O
                         net (fo=32, routed)          0.920     3.000    lcd_pic_inst/rgb_lcd[15][1]
    SLICE_X109Y104       LUT2 (Prop_lut2_I1_O)        0.153     3.153 r  lcd_pic_inst/rgb_lcd_OBUF[15]_inst_i_1/O
                         net (fo=1, routed)           1.861     5.014    rgb_lcd_OBUF[15]
    E19                  OBUF (Prop_obuf_I_O)         3.765     8.779 r  rgb_lcd_OBUF[15]_inst/O
                         net (fo=0)                   0.000     8.779    rgb_lcd[15]
    E19                                                               r  rgb_lcd[15] (OUT)
  -------------------------------------------------------------------    -------------------

Slack:                    inf
  Source:                 lcd_ctrl_inst/cnt_v_reg[1]/C
                            (rising edge-triggered cell FDCE clocked by clk_out1_clk_wiz_0  {rise@0.000ns fall@15.152ns period=30.303ns})
  Destination:            lcd_de
                            (output port)
  Path Group:             (none)
  Path Type:              Max at Slow Process Corner
  Data Path Delay:        10.638ns  (logic 4.427ns (41.618%)  route 6.211ns (58.382%))
  Logic Levels:           4  (LUT5=1 LUT6=2 OBUF=1)
  Clock Uncertainty:      0.430ns  ((TSJ^2 + DJ^2)^1/2) / 2 + PE
    Total System Jitter     (TSJ):    0.050ns
    Discrete Jitter          (DJ):    0.333ns
    Phase Error              (PE):    0.262ns

    Location             Delay type                Incr(ns)  Path(ns)    Netlist Resource(s)
  -------------------------------------------------------------------    -------------------
                         (clock clk_out1_clk_wiz_0 rise edge)
                                                      0.000     0.000 r  
    Y9                                                0.000     0.000 r  sys_clk (IN)
                         net (fo=0)                   0.000     0.000    clk_wiz_0_inst/inst/clk_in1
    Y9                   IBUF (Prop_ibuf_I_O)         1.490     1.490 r  clk_wiz_0_inst/inst/clkin1_ibufg/O
                         net (fo=1, routed)           1.306     2.796    clk_wiz_0_inst/inst/clk_in1_clk_wiz_0
    PLLE2_ADV_X0Y0       PLLE2_ADV (Prop_plle2_adv_CLKIN1_CLKOUT0)
                                                     -8.866    -6.070 r  clk_wiz_0_inst/inst/plle2_adv_inst/CLKOUT0
                         net (fo=1, routed)           1.849    -4.221    clk_wiz_0_inst/inst/clk_out1_clk_wiz_0
    BUFGCTRL_X0Y0        BUFG (Prop_bufg_I_O)         0.101    -4.120 r  clk_wiz_0_inst/inst/clkout1_buf/O
                         net (fo=64, routed)          2.058    -2.062    lcd_ctrl_inst/CLK
    SLICE_X108Y104       FDCE                                         r  lcd_ctrl_inst/cnt_v_reg[1]/C
  -------------------------------------------------------------------    -------------------
    SLICE_X108Y104       FDCE (Prop_fdce_C_Q)         0.518    -1.544 r  lcd_ctrl_inst/cnt_v_reg[1]/Q
                         net (fo=20, routed)          1.478    -0.065    lcd_ctrl_inst/cnt_v[1]
    SLICE_X112Y105       LUT6 (Prop_lut6_I3_O)        0.124     0.059 r  lcd_ctrl_inst/vsync_OBUF_inst_i_2/O
                         net (fo=12, routed)          0.976     1.034    lcd_ctrl_inst/vsync_OBUF_inst_i_2_n_0
    SLICE_X112Y105       LUT6 (Prop_lut6_I0_O)        0.124     1.158 r  lcd_ctrl_inst/lcd_de_OBUF_inst_i_2/O
                         net (fo=2, routed)           0.526     1.684    lcd_ctrl_inst/lcd_de_OBUF_inst_i_2_n_0
    SLICE_X110Y100       LUT5 (Prop_lut5_I0_O)        0.124     1.808 r  lcd_ctrl_inst/lcd_de_OBUF_inst_i_1/O
                         net (fo=1, routed)           3.231     5.039    lcd_de_OBUF
    D15                  OBUF (Prop_obuf_I_O)         3.537     8.576 r  lcd_de_OBUF_inst/O
                         net (fo=0)                   0.000     8.576    lcd_de
    D15                                                               r  lcd_de (OUT)
  -------------------------------------------------------------------    -------------------

Slack:                    inf
  Source:                 lcd_ctrl_inst/cnt_v_reg[1]/C
                            (rising edge-triggered cell FDCE clocked by clk_out1_clk_wiz_0  {rise@0.000ns fall@15.152ns period=30.303ns})
  Destination:            vsync
                            (output port)
  Path Group:             (none)
  Path Type:              Max at Slow Process Corner
  Data Path Delay:        8.844ns  (logic 4.268ns (48.257%)  route 4.576ns (51.743%))
  Logic Levels:           3  (LUT5=1 LUT6=1 OBUF=1)
  Clock Uncertainty:      0.430ns  ((TSJ^2 + DJ^2)^1/2) / 2 + PE
    Total System Jitter     (TSJ):    0.050ns
    Discrete Jitter          (DJ):    0.333ns
    Phase Error              (PE):    0.262ns

    Location             Delay type                Incr(ns)  Path(ns)    Netlist Resource(s)
  -------------------------------------------------------------------    -------------------
                         (clock clk_out1_clk_wiz_0 rise edge)
                                                      0.000     0.000 r  
    Y9                                                0.000     0.000 r  sys_clk (IN)
                         net (fo=0)                   0.000     0.000    clk_wiz_0_inst/inst/clk_in1
    Y9                   IBUF (Prop_ibuf_I_O)         1.490     1.490 r  clk_wiz_0_inst/inst/clkin1_ibufg/O
                         net (fo=1, routed)           1.306     2.796    clk_wiz_0_inst/inst/clk_in1_clk_wiz_0
    PLLE2_ADV_X0Y0       PLLE2_ADV (Prop_plle2_adv_CLKIN1_CLKOUT0)
                                                     -8.866    -6.070 r  clk_wiz_0_inst/inst/plle2_adv_inst/CLKOUT0
                         net (fo=1, routed)           1.849    -4.221    clk_wiz_0_inst/inst/clk_out1_clk_wiz_0
    BUFGCTRL_X0Y0        BUFG (Prop_bufg_I_O)         0.101    -4.120 r  clk_wiz_0_inst/inst/clkout1_buf/O
                         net (fo=64, routed)          2.058    -2.062    lcd_ctrl_inst/CLK
    SLICE_X108Y104       FDCE                                         r  lcd_ctrl_inst/cnt_v_reg[1]/C
  -------------------------------------------------------------------    -------------------
    SLICE_X108Y104       FDCE (Prop_fdce_C_Q)         0.518    -1.544 f  lcd_ctrl_inst/cnt_v_reg[1]/Q
                         net (fo=20, routed)          1.478    -0.065    lcd_ctrl_inst/cnt_v[1]
    SLICE_X112Y105       LUT6 (Prop_lut6_I3_O)        0.124     0.059 f  lcd_ctrl_inst/vsync_OBUF_inst_i_2/O
                         net (fo=12, routed)          1.189     1.248    lcd_ctrl_inst/vsync_OBUF_inst_i_2_n_0
    SLICE_X113Y103       LUT5 (Prop_lut5_I4_O)        0.124     1.372 r  lcd_ctrl_inst/vsync_OBUF_inst_i_1/O
                         net (fo=1, routed)           1.909     3.280    vsync_OBUF
    J17                  OBUF (Prop_obuf_I_O)         3.502     6.782 r  vsync_OBUF_inst/O
                         net (fo=0)                   0.000     6.782    vsync
    J17                                                               r  vsync (OUT)
  -------------------------------------------------------------------    -------------------

Slack:                    inf
  Source:                 lcd_ctrl_inst/cnt_h_reg[3]/C
                            (rising edge-triggered cell FDCE clocked by clk_out1_clk_wiz_0  {rise@0.000ns fall@15.152ns period=30.303ns})
  Destination:            hsync
                            (output port)
  Path Group:             (none)
  Path Type:              Max at Slow Process Corner
  Data Path Delay:        8.066ns  (logic 4.621ns (57.285%)  route 3.446ns (42.715%))
  Logic Levels:           3  (LUT4=1 LUT5=1 OBUF=1)
  Clock Uncertainty:      0.430ns  ((TSJ^2 + DJ^2)^1/2) / 2 + PE
    Total System Jitter     (TSJ):    0.050ns
    Discrete Jitter          (DJ):    0.333ns
    Phase Error              (PE):    0.262ns

    Location             Delay type                Incr(ns)  Path(ns)    Netlist Resource(s)
  -------------------------------------------------------------------    -------------------
                         (clock clk_out1_clk_wiz_0 rise edge)
                                                      0.000     0.000 r  
    Y9                                                0.000     0.000 r  sys_clk (IN)
                         net (fo=0)                   0.000     0.000    clk_wiz_0_inst/inst/clk_in1
    Y9                   IBUF (Prop_ibuf_I_O)         1.490     1.490 r  clk_wiz_0_inst/inst/clkin1_ibufg/O
                         net (fo=1, routed)           1.306     2.796    clk_wiz_0_inst/inst/clk_in1_clk_wiz_0
    PLLE2_ADV_X0Y0       PLLE2_ADV (Prop_plle2_adv_CLKIN1_CLKOUT0)
                                                     -8.866    -6.070 r  clk_wiz_0_inst/inst/plle2_adv_inst/CLKOUT0
                         net (fo=1, routed)           1.849    -4.221    clk_wiz_0_inst/inst/clk_out1_clk_wiz_0
    BUFGCTRL_X0Y0        BUFG (Prop_bufg_I_O)         0.101    -4.120 r  clk_wiz_0_inst/inst/clkout1_buf/O
                         net (fo=64, routed)          1.867    -2.253    lcd_ctrl_inst/CLK
    SLICE_X109Y98        FDCE                                         r  lcd_ctrl_inst/cnt_h_reg[3]/C
  -------------------------------------------------------------------    -------------------
    SLICE_X109Y98        FDCE (Prop_fdce_C_Q)         0.419    -1.834 f  lcd_ctrl_inst/cnt_h_reg[3]/Q
                         net (fo=7, routed)           1.000    -0.833    lcd_ctrl_inst/cnt_h_reg_n_0_[3]
    SLICE_X110Y99        LUT4 (Prop_lut4_I2_O)        0.327    -0.506 f  lcd_ctrl_inst/hsync_OBUF_inst_i_3/O
                         net (fo=2, routed)           0.443    -0.063    lcd_ctrl_inst/hsync_OBUF_inst_i_3_n_0
    SLICE_X110Y98        LUT5 (Prop_lut5_I3_O)        0.326     0.263 r  lcd_ctrl_inst/hsync_OBUF_inst_i_1/O
                         net (fo=2, routed)           2.002     2.265    hsync_OBUF
    J16                  OBUF (Prop_obuf_I_O)         3.549     5.814 r  hsync_OBUF_inst/O
                         net (fo=0)                   0.000     5.814    hsync
    J16                                                               r  hsync (OUT)
  -------------------------------------------------------------------    -------------------





Min Delay Paths
--------------------------------------------------------------------------------------
Slack:                    inf
  Source:                 clk_wiz_0_inst/inst/plle2_adv_inst/CLKOUT0
                            (clock source 'clk_out1_clk_wiz_0'  {rise@0.000ns fall@15.152ns period=30.303ns})
  Destination:            lcd_clk
                            (output port)
  Path Group:             (none)
  Path Type:              Min at Fast Process Corner
  Data Path Delay:        2.542ns  (logic 1.229ns (48.334%)  route 1.313ns (51.666%))
  Logic Levels:           2  (BUFG=1 OBUF=1)
  Clock Uncertainty:      0.430ns  ((TSJ^2 + DJ^2)^1/2) / 2 + PE
    Total System Jitter     (TSJ):    0.050ns
    Discrete Jitter          (DJ):    0.333ns
    Phase Error              (PE):    0.262ns

    Location             Delay type                Incr(ns)  Path(ns)    Netlist Resource(s)
  -------------------------------------------------------------------    -------------------
                         (clock clk_out1_clk_wiz_0 rise edge)
                                                      0.000     0.000 r  
    Y9                                                0.000     0.000 r  sys_clk (IN)
                         net (fo=0)                   0.000     0.000    clk_wiz_0_inst/inst/clk_in1
    Y9                   IBUF (Prop_ibuf_I_O)         0.258     0.258 r  clk_wiz_0_inst/inst/clkin1_ibufg/O
                         net (fo=1, routed)           0.440     0.698    clk_wiz_0_inst/inst/clk_in1_clk_wiz_0
  -------------------------------------------------------------------    -------------------
    PLLE2_ADV_X0Y0       PLLE2_ADV (Prop_plle2_adv_CLKIN1_CLKOUT0)
                                                     -2.384    -1.685 r  clk_wiz_0_inst/inst/plle2_adv_inst/CLKOUT0
                         net (fo=1, routed)           0.533    -1.152    clk_wiz_0_inst/inst/clk_out1_clk_wiz_0
    BUFGCTRL_X0Y0        BUFG (Prop_bufg_I_O)         0.026    -1.126 r  clk_wiz_0_inst/inst/clkout1_buf/O
                         net (fo=64, routed)          0.780    -0.346    lcd_clk_OBUF
    L18                  OBUF (Prop_obuf_I_O)         1.203     0.857 r  lcd_clk_OBUF_inst/O
                         net (fo=0)                   0.000     0.857    lcd_clk
    L18                                                               r  lcd_clk (OUT)
  -------------------------------------------------------------------    -------------------

Slack:                    inf
  Source:                 lcd_pic_inst/pix_data_reg[15]/C
                            (rising edge-triggered cell FDCE clocked by clk_out1_clk_wiz_0  {rise@0.000ns fall@15.152ns period=30.303ns})
  Destination:            rgb_lcd[15]
                            (output port)
  Path Group:             (none)
  Path Type:              Min at Fast Process Corner
  Data Path Delay:        2.144ns  (logic 1.510ns (70.452%)  route 0.633ns (29.548%))
  Logic Levels:           2  (LUT2=1 OBUF=1)
  Clock Uncertainty:      0.430ns  ((TSJ^2 + DJ^2)^1/2) / 2 + PE
    Total System Jitter     (TSJ):    0.050ns
    Discrete Jitter          (DJ):    0.333ns
    Phase Error              (PE):    0.262ns

    Location             Delay type                Incr(ns)  Path(ns)    Netlist Resource(s)
  -------------------------------------------------------------------    -------------------
                         (clock clk_out1_clk_wiz_0 rise edge)
                                                      0.000     0.000 r  
    Y9                                                0.000     0.000 r  sys_clk (IN)
                         net (fo=0)                   0.000     0.000    clk_wiz_0_inst/inst/clk_in1
    Y9                   IBUF (Prop_ibuf_I_O)         0.258     0.258 r  clk_wiz_0_inst/inst/clkin1_ibufg/O
                         net (fo=1, routed)           0.440     0.698    clk_wiz_0_inst/inst/clk_in1_clk_wiz_0
    PLLE2_ADV_X0Y0       PLLE2_ADV (Prop_plle2_adv_CLKIN1_CLKOUT0)
                                                     -2.384    -1.685 r  clk_wiz_0_inst/inst/plle2_adv_inst/CLKOUT0
                         net (fo=1, routed)           0.533    -1.152    clk_wiz_0_inst/inst/clk_out1_clk_wiz_0
    BUFGCTRL_X0Y0        BUFG (Prop_bufg_I_O)         0.026    -1.126 r  clk_wiz_0_inst/inst/clkout1_buf/O
                         net (fo=64, routed)          0.719    -0.407    lcd_pic_inst/CLK
    SLICE_X109Y104       FDCE                                         r  lcd_pic_inst/pix_data_reg[15]/C
  -------------------------------------------------------------------    -------------------
    SLICE_X109Y104       FDCE (Prop_fdce_C_Q)         0.141    -0.266 r  lcd_pic_inst/pix_data_reg[15]/Q
                         net (fo=1, routed)           0.219    -0.047    lcd_pic_inst/pix_data[15]
    SLICE_X109Y104       LUT2 (Prop_lut2_I0_O)        0.042    -0.005 r  lcd_pic_inst/rgb_lcd_OBUF[15]_inst_i_1/O
                         net (fo=1, routed)           0.414     0.409    rgb_lcd_OBUF[15]
    E19                  OBUF (Prop_obuf_I_O)         1.327     1.736 r  rgb_lcd_OBUF[15]_inst/O
                         net (fo=0)                   0.000     1.736    rgb_lcd[15]
    E19                                                               r  rgb_lcd[15] (OUT)
  -------------------------------------------------------------------    -------------------

Slack:                    inf
  Source:                 lcd_ctrl_inst/cnt_v_reg[7]/C
                            (rising edge-triggered cell FDCE clocked by clk_out1_clk_wiz_0  {rise@0.000ns fall@15.152ns period=30.303ns})
  Destination:            vsync
                            (output port)
  Path Group:             (none)
  Path Type:              Min at Fast Process Corner
  Data Path Delay:        2.150ns  (logic 1.389ns (64.604%)  route 0.761ns (35.396%))
  Logic Levels:           2  (LUT5=1 OBUF=1)
  Clock Uncertainty:      0.430ns  ((TSJ^2 + DJ^2)^1/2) / 2 + PE
    Total System Jitter     (TSJ):    0.050ns
    Discrete Jitter          (DJ):    0.333ns
    Phase Error              (PE):    0.262ns

    Location             Delay type                Incr(ns)  Path(ns)    Netlist Resource(s)
  -------------------------------------------------------------------    -------------------
                         (clock clk_out1_clk_wiz_0 rise edge)
                                                      0.000     0.000 r  
    Y9                                                0.000     0.000 r  sys_clk (IN)
                         net (fo=0)                   0.000     0.000    clk_wiz_0_inst/inst/clk_in1
    Y9                   IBUF (Prop_ibuf_I_O)         0.258     0.258 r  clk_wiz_0_inst/inst/clkin1_ibufg/O
                         net (fo=1, routed)           0.440     0.698    clk_wiz_0_inst/inst/clk_in1_clk_wiz_0
    PLLE2_ADV_X0Y0       PLLE2_ADV (Prop_plle2_adv_CLKIN1_CLKOUT0)
                                                     -2.384    -1.685 r  clk_wiz_0_inst/inst/plle2_adv_inst/CLKOUT0
                         net (fo=1, routed)           0.533    -1.152    clk_wiz_0_inst/inst/clk_out1_clk_wiz_0
    BUFGCTRL_X0Y0        BUFG (Prop_bufg_I_O)         0.026    -1.126 r  clk_wiz_0_inst/inst/clkout1_buf/O
                         net (fo=64, routed)          0.719    -0.407    lcd_ctrl_inst/CLK
    SLICE_X109Y105       FDCE                                         r  lcd_ctrl_inst/cnt_v_reg[7]/C
  -------------------------------------------------------------------    -------------------
    SLICE_X109Y105       FDCE (Prop_fdce_C_Q)         0.141    -0.266 f  lcd_ctrl_inst/cnt_v_reg[7]/Q
                         net (fo=17, routed)          0.324     0.058    lcd_ctrl_inst/cnt_v[7]
    SLICE_X113Y103       LUT5 (Prop_lut5_I2_O)        0.045     0.103 r  lcd_ctrl_inst/vsync_OBUF_inst_i_1/O
                         net (fo=1, routed)           0.437     0.540    vsync_OBUF
    J17                  OBUF (Prop_obuf_I_O)         1.203     1.743 r  vsync_OBUF_inst/O
                         net (fo=0)                   0.000     1.743    vsync
    J17                                                               r  vsync (OUT)
  -------------------------------------------------------------------    -------------------

Slack:                    inf
  Source:                 lcd_ctrl_inst/cnt_h_reg[11]/C
                            (rising edge-triggered cell FDCE clocked by clk_out1_clk_wiz_0  {rise@0.000ns fall@15.152ns period=30.303ns})
  Destination:            hsync
                            (output port)
  Path Group:             (none)
  Path Type:              Min at Fast Process Corner
  Data Path Delay:        2.186ns  (logic 1.476ns (67.532%)  route 0.710ns (32.468%))
  Logic Levels:           2  (LUT5=1 OBUF=1)
  Clock Uncertainty:      0.430ns  ((TSJ^2 + DJ^2)^1/2) / 2 + PE
    Total System Jitter     (TSJ):    0.050ns
    Discrete Jitter          (DJ):    0.333ns
    Phase Error              (PE):    0.262ns

    Location             Delay type                Incr(ns)  Path(ns)    Netlist Resource(s)
  -------------------------------------------------------------------    -------------------
                         (clock clk_out1_clk_wiz_0 rise edge)
                                                      0.000     0.000 r  
    Y9                                                0.000     0.000 r  sys_clk (IN)
                         net (fo=0)                   0.000     0.000    clk_wiz_0_inst/inst/clk_in1
    Y9                   IBUF (Prop_ibuf_I_O)         0.258     0.258 r  clk_wiz_0_inst/inst/clkin1_ibufg/O
                         net (fo=1, routed)           0.440     0.698    clk_wiz_0_inst/inst/clk_in1_clk_wiz_0
    PLLE2_ADV_X0Y0       PLLE2_ADV (Prop_plle2_adv_CLKIN1_CLKOUT0)
                                                     -2.384    -1.685 r  clk_wiz_0_inst/inst/plle2_adv_inst/CLKOUT0
                         net (fo=1, routed)           0.533    -1.152    clk_wiz_0_inst/inst/clk_out1_clk_wiz_0
    BUFGCTRL_X0Y0        BUFG (Prop_bufg_I_O)         0.026    -1.126 r  clk_wiz_0_inst/inst/clkout1_buf/O
                         net (fo=64, routed)          0.721    -0.405    lcd_ctrl_inst/CLK
    SLICE_X110Y100       FDCE                                         r  lcd_ctrl_inst/cnt_h_reg[11]/C
  -------------------------------------------------------------------    -------------------
    SLICE_X110Y100       FDCE (Prop_fdce_C_Q)         0.128    -0.277 f  lcd_ctrl_inst/cnt_h_reg[11]/Q
                         net (fo=5, routed)           0.239    -0.038    lcd_ctrl_inst/cnt_h_reg_n_0_[11]
    SLICE_X110Y98        LUT5 (Prop_lut5_I2_O)        0.099     0.061 r  lcd_ctrl_inst/hsync_OBUF_inst_i_1/O
                         net (fo=2, routed)           0.471     0.532    hsync_OBUF
    J16                  OBUF (Prop_obuf_I_O)         1.249     1.781 r  hsync_OBUF_inst/O
                         net (fo=0)                   0.000     1.781    hsync
    J16                                                               r  hsync (OUT)
  -------------------------------------------------------------------    -------------------

Slack:                    inf
  Source:                 lcd_ctrl_inst/cnt_h_reg[11]/C
                            (rising edge-triggered cell FDCE clocked by clk_out1_clk_wiz_0  {rise@0.000ns fall@15.152ns period=30.303ns})
  Destination:            lcd_de
                            (output port)
  Path Group:             (none)
  Path Type:              Min at Fast Process Corner
  Data Path Delay:        2.638ns  (logic 1.465ns (55.536%)  route 1.173ns (44.464%))
  Logic Levels:           2  (LUT5=1 OBUF=1)
  Clock Uncertainty:      0.430ns  ((TSJ^2 + DJ^2)^1/2) / 2 + PE
    Total System Jitter     (TSJ):    0.050ns
    Discrete Jitter          (DJ):    0.333ns
    Phase Error              (PE):    0.262ns

    Location             Delay type                Incr(ns)  Path(ns)    Netlist Resource(s)
  -------------------------------------------------------------------    -------------------
                         (clock clk_out1_clk_wiz_0 rise edge)
                                                      0.000     0.000 r  
    Y9                                                0.000     0.000 r  sys_clk (IN)
                         net (fo=0)                   0.000     0.000    clk_wiz_0_inst/inst/clk_in1
    Y9                   IBUF (Prop_ibuf_I_O)         0.258     0.258 r  clk_wiz_0_inst/inst/clkin1_ibufg/O
                         net (fo=1, routed)           0.440     0.698    clk_wiz_0_inst/inst/clk_in1_clk_wiz_0
    PLLE2_ADV_X0Y0       PLLE2_ADV (Prop_plle2_adv_CLKIN1_CLKOUT0)
                                                     -2.384    -1.685 r  clk_wiz_0_inst/inst/plle2_adv_inst/CLKOUT0
                         net (fo=1, routed)           0.533    -1.152    clk_wiz_0_inst/inst/clk_out1_clk_wiz_0
    BUFGCTRL_X0Y0        BUFG (Prop_bufg_I_O)         0.026    -1.126 r  clk_wiz_0_inst/inst/clkout1_buf/O
                         net (fo=64, routed)          0.721    -0.405    lcd_ctrl_inst/CLK
    SLICE_X110Y100       FDCE                                         r  lcd_ctrl_inst/cnt_h_reg[11]/C
  -------------------------------------------------------------------    -------------------
    SLICE_X110Y100       FDCE (Prop_fdce_C_Q)         0.128    -0.277 f  lcd_ctrl_inst/cnt_h_reg[11]/Q
                         net (fo=5, routed)           0.170    -0.107    lcd_ctrl_inst/cnt_h_reg_n_0_[11]
    SLICE_X110Y100       LUT5 (Prop_lut5_I1_O)        0.099    -0.008 r  lcd_ctrl_inst/lcd_de_OBUF_inst_i_1/O
                         net (fo=1, routed)           1.003     0.995    lcd_de_OBUF
    D15                  OBUF (Prop_obuf_I_O)         1.238     2.233 r  lcd_de_OBUF_inst/O
                         net (fo=0)                   0.000     2.233    lcd_de
    D15                                                               r  lcd_de (OUT)
  -------------------------------------------------------------------    -------------------





--------------------------------------------------------------------------------------
Path Group:  (none)
From Clock:  clkfbout_clk_wiz_0
  To Clock:  

Max Delay             1 Endpoint
Min Delay             1 Endpoint
--------------------------------------------------------------------------------------


Max Delay Paths
--------------------------------------------------------------------------------------
Slack:                    inf
  Source:                 clk_wiz_0_inst/inst/plle2_adv_inst/CLKFBOUT
                            (clock source 'clkfbout_clk_wiz_0'  {rise@0.000ns fall@20.000ns period=40.000ns})
  Destination:            clk_wiz_0_inst/inst/plle2_adv_inst/CLKFBIN
  Path Group:             (none)
  Path Type:              Max at Fast Process Corner
  Data Path Delay:        1.458ns  (logic 0.029ns (1.989%)  route 1.429ns (98.011%))
  Logic Levels:           1  (BUFG=1)
  Clock Uncertainty:      0.356ns  ((TSJ^2 + DJ^2)^1/2) / 2 + PE
    Total System Jitter     (TSJ):    0.050ns
    Discrete Jitter          (DJ):    0.182ns
    Phase Error              (PE):    0.262ns

    Location             Delay type                Incr(ns)  Path(ns)    Netlist Resource(s)
  -------------------------------------------------------------------    -------------------
                         (clock clkfbout_clk_wiz_0 fall edge)
                                                     20.000    20.000 f  
    Y9                                                0.000    20.000 f  sys_clk (IN)
                         net (fo=0)                   0.000    20.000    clk_wiz_0_inst/inst/clk_in1
    Y9                   IBUF (Prop_ibuf_I_O)         0.446    20.446 f  clk_wiz_0_inst/inst/clkin1_ibufg/O
                         net (fo=1, routed)           0.481    20.927    clk_wiz_0_inst/inst/clk_in1_clk_wiz_0
  -------------------------------------------------------------------    -------------------
    PLLE2_ADV_X0Y0       PLLE2_ADV (Prop_plle2_adv_CLKIN1_CLKFBOUT)
                                                     -2.700    18.227 f  clk_wiz_0_inst/inst/plle2_adv_inst/CLKFBOUT
                         net (fo=1, routed)           0.580    18.807    clk_wiz_0_inst/inst/clkfbout_clk_wiz_0
    BUFGCTRL_X0Y1        BUFG (Prop_bufg_I_O)         0.029    18.836 f  clk_wiz_0_inst/inst/clkf_buf/O
                         net (fo=1, routed)           0.849    19.685    clk_wiz_0_inst/inst/clkfbout_buf_clk_wiz_0
    PLLE2_ADV_X0Y0       PLLE2_ADV                                    f  clk_wiz_0_inst/inst/plle2_adv_inst/CLKFBIN
  -------------------------------------------------------------------    -------------------





Min Delay Paths
--------------------------------------------------------------------------------------
Slack:                    inf
  Source:                 clk_wiz_0_inst/inst/plle2_adv_inst/CLKFBOUT
                            (clock source 'clkfbout_clk_wiz_0'  {rise@0.000ns fall@20.000ns period=40.000ns})
  Destination:            clk_wiz_0_inst/inst/plle2_adv_inst/CLKFBIN
  Path Group:             (none)
  Path Type:              Min at Slow Process Corner
  Data Path Delay:        3.366ns  (logic 0.091ns (2.703%)  route 3.275ns (97.297%))
  Logic Levels:           1  (BUFG=1)
  Clock Uncertainty:      0.356ns  ((TSJ^2 + DJ^2)^1/2) / 2 + PE
    Total System Jitter     (TSJ):    0.050ns
    Discrete Jitter          (DJ):    0.182ns
    Phase Error              (PE):    0.262ns

    Location             Delay type                Incr(ns)  Path(ns)    Netlist Resource(s)
  -------------------------------------------------------------------    -------------------
                         (clock clkfbout_clk_wiz_0 rise edge)
                                                      0.000     0.000 r  
    Y9                                                0.000     0.000 r  sys_clk (IN)
                         net (fo=0)                   0.000     0.000    clk_wiz_0_inst/inst/clk_in1
    Y9                   IBUF (Prop_ibuf_I_O)         1.420     1.420 r  clk_wiz_0_inst/inst/clkin1_ibufg/O
                         net (fo=1, routed)           1.181     2.601    clk_wiz_0_inst/inst/clk_in1_clk_wiz_0
  -------------------------------------------------------------------    -------------------
    PLLE2_ADV_X0Y0       PLLE2_ADV (Prop_plle2_adv_CLKIN1_CLKFBOUT)
                                                     -7.970    -5.369 r  clk_wiz_0_inst/inst/plle2_adv_inst/CLKFBOUT
                         net (fo=1, routed)           1.686    -3.683    clk_wiz_0_inst/inst/clkfbout_clk_wiz_0
    BUFGCTRL_X0Y1        BUFG (Prop_bufg_I_O)         0.091    -3.592 r  clk_wiz_0_inst/inst/clkf_buf/O
                         net (fo=1, routed)           1.589    -2.002    clk_wiz_0_inst/inst/clkfbout_buf_clk_wiz_0
    PLLE2_ADV_X0Y0       PLLE2_ADV                                    r  clk_wiz_0_inst/inst/plle2_adv_inst/CLKFBIN
  -------------------------------------------------------------------    -------------------





--------------------------------------------------------------------------------------
Path Group:  (none)
From Clock:  
  To Clock:  clk_out1_clk_wiz_0

Max Delay            63 Endpoints
Min Delay            63 Endpoints
--------------------------------------------------------------------------------------


Max Delay Paths
--------------------------------------------------------------------------------------
Slack:                    inf
  Source:                 clk_wiz_0_inst/inst/plle2_adv_inst/LOCKED
                            (internal pin)
  Destination:            lcd_ctrl_inst/cnt_h_reg[10]/CLR
                            (recovery check against rising-edge clock clk_out1_clk_wiz_0  {rise@0.000ns fall@15.152ns period=30.303ns})
  Path Group:             (none)
  Path Type:              Recovery (Max at Slow Process Corner)
  Data Path Delay:        7.615ns  (logic 0.124ns (1.628%)  route 7.491ns (98.372%))
  Logic Levels:           1  (LUT2=1)
  Clock Uncertainty:      0.430ns  ((TSJ^2 + DJ^2)^1/2) / 2 + PE
    Total System Jitter     (TSJ):    0.050ns
    Discrete Jitter          (DJ):    0.333ns
    Phase Error              (PE):    0.262ns

    Location             Delay type                Incr(ns)  Path(ns)    Netlist Resource(s)
  -------------------------------------------------------------------    -------------------
    PLLE2_ADV_X0Y0       PLLE2_ADV                    0.000     0.000 r  clk_wiz_0_inst/inst/plle2_adv_inst/LOCKED
                         net (fo=1, routed)           4.827     4.827    lcd_pic_inst/locked
    SLICE_X104Y95        LUT2 (Prop_lut2_I1_O)        0.124     4.951 f  lcd_pic_inst/FSM_onehot_state[2]_i_2/O
                         net (fo=63, routed)          2.664     7.615    lcd_ctrl_inst/cnt_h_reg[11]_1
    SLICE_X110Y100       FDCE                                         f  lcd_ctrl_inst/cnt_h_reg[10]/CLR
  -------------------------------------------------------------------    -------------------

                         (clock clk_out1_clk_wiz_0 rise edge)
                                                      0.000     0.000 r  
    Y9                                                0.000     0.000 r  sys_clk (IN)
                         net (fo=0)                   0.000     0.000    clk_wiz_0_inst/inst/clk_in1
    Y9                   IBUF (Prop_ibuf_I_O)         1.420     1.420 r  clk_wiz_0_inst/inst/clkin1_ibufg/O
                         net (fo=1, routed)           1.181     2.601    clk_wiz_0_inst/inst/clk_in1_clk_wiz_0
    PLLE2_ADV_X0Y0       PLLE2_ADV (Prop_plle2_adv_CLKIN1_CLKOUT0)
                                                     -7.970    -5.369 r  clk_wiz_0_inst/inst/plle2_adv_inst/CLKOUT0
                         net (fo=1, routed)           1.686    -3.683    clk_wiz_0_inst/inst/clk_out1_clk_wiz_0
    BUFGCTRL_X0Y0        BUFG (Prop_bufg_I_O)         0.091    -3.592 r  clk_wiz_0_inst/inst/clkout1_buf/O
                         net (fo=64, routed)          1.864    -1.728    lcd_ctrl_inst/CLK
    SLICE_X110Y100       FDCE                                         r  lcd_ctrl_inst/cnt_h_reg[10]/C

Slack:                    inf
  Source:                 clk_wiz_0_inst/inst/plle2_adv_inst/LOCKED
                            (internal pin)
  Destination:            lcd_ctrl_inst/cnt_h_reg[11]/CLR
                            (recovery check against rising-edge clock clk_out1_clk_wiz_0  {rise@0.000ns fall@15.152ns period=30.303ns})
  Path Group:             (none)
  Path Type:              Recovery (Max at Slow Process Corner)
  Data Path Delay:        7.615ns  (logic 0.124ns (1.628%)  route 7.491ns (98.372%))
  Logic Levels:           1  (LUT2=1)
  Clock Uncertainty:      0.430ns  ((TSJ^2 + DJ^2)^1/2) / 2 + PE
    Total System Jitter     (TSJ):    0.050ns
    Discrete Jitter          (DJ):    0.333ns
    Phase Error              (PE):    0.262ns

    Location             Delay type                Incr(ns)  Path(ns)    Netlist Resource(s)
  -------------------------------------------------------------------    -------------------
    PLLE2_ADV_X0Y0       PLLE2_ADV                    0.000     0.000 r  clk_wiz_0_inst/inst/plle2_adv_inst/LOCKED
                         net (fo=1, routed)           4.827     4.827    lcd_pic_inst/locked
    SLICE_X104Y95        LUT2 (Prop_lut2_I1_O)        0.124     4.951 f  lcd_pic_inst/FSM_onehot_state[2]_i_2/O
                         net (fo=63, routed)          2.664     7.615    lcd_ctrl_inst/cnt_h_reg[11]_1
    SLICE_X110Y100       FDCE                                         f  lcd_ctrl_inst/cnt_h_reg[11]/CLR
  -------------------------------------------------------------------    -------------------

                         (clock clk_out1_clk_wiz_0 rise edge)
                                                      0.000     0.000 r  
    Y9                                                0.000     0.000 r  sys_clk (IN)
                         net (fo=0)                   0.000     0.000    clk_wiz_0_inst/inst/clk_in1
    Y9                   IBUF (Prop_ibuf_I_O)         1.420     1.420 r  clk_wiz_0_inst/inst/clkin1_ibufg/O
                         net (fo=1, routed)           1.181     2.601    clk_wiz_0_inst/inst/clk_in1_clk_wiz_0
    PLLE2_ADV_X0Y0       PLLE2_ADV (Prop_plle2_adv_CLKIN1_CLKOUT0)
                                                     -7.970    -5.369 r  clk_wiz_0_inst/inst/plle2_adv_inst/CLKOUT0
                         net (fo=1, routed)           1.686    -3.683    clk_wiz_0_inst/inst/clk_out1_clk_wiz_0
    BUFGCTRL_X0Y0        BUFG (Prop_bufg_I_O)         0.091    -3.592 r  clk_wiz_0_inst/inst/clkout1_buf/O
                         net (fo=64, routed)          1.864    -1.728    lcd_ctrl_inst/CLK
    SLICE_X110Y100       FDCE                                         r  lcd_ctrl_inst/cnt_h_reg[11]/C

Slack:                    inf
  Source:                 clk_wiz_0_inst/inst/plle2_adv_inst/LOCKED
                            (internal pin)
  Destination:            lcd_pic_inst/clk_div_reg[17]/CLR
                            (recovery check against rising-edge clock clk_out1_clk_wiz_0  {rise@0.000ns fall@15.152ns period=30.303ns})
  Path Group:             (none)
  Path Type:              Recovery (Max at Slow Process Corner)
  Data Path Delay:        7.417ns  (logic 0.124ns (1.672%)  route 7.293ns (98.328%))
  Logic Levels:           1  (LUT2=1)
  Clock Uncertainty:      0.430ns  ((TSJ^2 + DJ^2)^1/2) / 2 + PE
    Total System Jitter     (TSJ):    0.050ns
    Discrete Jitter          (DJ):    0.333ns
    Phase Error              (PE):    0.262ns

    Location             Delay type                Incr(ns)  Path(ns)    Netlist Resource(s)
  -------------------------------------------------------------------    -------------------
    PLLE2_ADV_X0Y0       PLLE2_ADV                    0.000     0.000 r  clk_wiz_0_inst/inst/plle2_adv_inst/LOCKED
                         net (fo=1, routed)           4.827     4.827    lcd_pic_inst/locked
    SLICE_X104Y95        LUT2 (Prop_lut2_I1_O)        0.124     4.951 f  lcd_pic_inst/FSM_onehot_state[2]_i_2/O
                         net (fo=63, routed)          2.466     7.417    lcd_pic_inst/sys_rst_n
    SLICE_X108Y101       FDCE                                         f  lcd_pic_inst/clk_div_reg[17]/CLR
  -------------------------------------------------------------------    -------------------

                         (clock clk_out1_clk_wiz_0 rise edge)
                                                      0.000     0.000 r  
    Y9                                                0.000     0.000 r  sys_clk (IN)
                         net (fo=0)                   0.000     0.000    clk_wiz_0_inst/inst/clk_in1
    Y9                   IBUF (Prop_ibuf_I_O)         1.420     1.420 r  clk_wiz_0_inst/inst/clkin1_ibufg/O
                         net (fo=1, routed)           1.181     2.601    clk_wiz_0_inst/inst/clk_in1_clk_wiz_0
    PLLE2_ADV_X0Y0       PLLE2_ADV (Prop_plle2_adv_CLKIN1_CLKOUT0)
                                                     -7.970    -5.369 r  clk_wiz_0_inst/inst/plle2_adv_inst/CLKOUT0
                         net (fo=1, routed)           1.686    -3.683    clk_wiz_0_inst/inst/clk_out1_clk_wiz_0
    BUFGCTRL_X0Y0        BUFG (Prop_bufg_I_O)         0.091    -3.592 r  clk_wiz_0_inst/inst/clkout1_buf/O
                         net (fo=64, routed)          1.861    -1.731    lcd_pic_inst/CLK
    SLICE_X108Y101       FDCE                                         r  lcd_pic_inst/clk_div_reg[17]/C

Slack:                    inf
  Source:                 clk_wiz_0_inst/inst/plle2_adv_inst/LOCKED
                            (internal pin)
  Destination:            lcd_pic_inst/clk_div_reg[19]/CLR
                            (recovery check against rising-edge clock clk_out1_clk_wiz_0  {rise@0.000ns fall@15.152ns period=30.303ns})
  Path Group:             (none)
  Path Type:              Recovery (Max at Slow Process Corner)
  Data Path Delay:        7.417ns  (logic 0.124ns (1.672%)  route 7.293ns (98.328%))
  Logic Levels:           1  (LUT2=1)
  Clock Uncertainty:      0.430ns  ((TSJ^2 + DJ^2)^1/2) / 2 + PE
    Total System Jitter     (TSJ):    0.050ns
    Discrete Jitter          (DJ):    0.333ns
    Phase Error              (PE):    0.262ns

    Location             Delay type                Incr(ns)  Path(ns)    Netlist Resource(s)
  -------------------------------------------------------------------    -------------------
    PLLE2_ADV_X0Y0       PLLE2_ADV                    0.000     0.000 r  clk_wiz_0_inst/inst/plle2_adv_inst/LOCKED
                         net (fo=1, routed)           4.827     4.827    lcd_pic_inst/locked
    SLICE_X104Y95        LUT2 (Prop_lut2_I1_O)        0.124     4.951 f  lcd_pic_inst/FSM_onehot_state[2]_i_2/O
                         net (fo=63, routed)          2.466     7.417    lcd_pic_inst/sys_rst_n
    SLICE_X108Y101       FDCE                                         f  lcd_pic_inst/clk_div_reg[19]/CLR
  -------------------------------------------------------------------    -------------------

                         (clock clk_out1_clk_wiz_0 rise edge)
                                                      0.000     0.000 r  
    Y9                                                0.000     0.000 r  sys_clk (IN)
                         net (fo=0)                   0.000     0.000    clk_wiz_0_inst/inst/clk_in1
    Y9                   IBUF (Prop_ibuf_I_O)         1.420     1.420 r  clk_wiz_0_inst/inst/clkin1_ibufg/O
                         net (fo=1, routed)           1.181     2.601    clk_wiz_0_inst/inst/clk_in1_clk_wiz_0
    PLLE2_ADV_X0Y0       PLLE2_ADV (Prop_plle2_adv_CLKIN1_CLKOUT0)
                                                     -7.970    -5.369 r  clk_wiz_0_inst/inst/plle2_adv_inst/CLKOUT0
                         net (fo=1, routed)           1.686    -3.683    clk_wiz_0_inst/inst/clk_out1_clk_wiz_0
    BUFGCTRL_X0Y0        BUFG (Prop_bufg_I_O)         0.091    -3.592 r  clk_wiz_0_inst/inst/clkout1_buf/O
                         net (fo=64, routed)          1.861    -1.731    lcd_pic_inst/CLK
    SLICE_X108Y101       FDCE                                         r  lcd_pic_inst/clk_div_reg[19]/C

Slack:                    inf
  Source:                 clk_wiz_0_inst/inst/plle2_adv_inst/LOCKED
                            (internal pin)
  Destination:            lcd_ctrl_inst/cnt_v_reg[5]/CLR
                            (recovery check against rising-edge clock clk_out1_clk_wiz_0  {rise@0.000ns fall@15.152ns period=30.303ns})
  Path Group:             (none)
  Path Type:              Recovery (Max at Slow Process Corner)
  Data Path Delay:        7.138ns  (logic 0.124ns (1.737%)  route 7.014ns (98.263%))
  Logic Levels:           1  (LUT2=1)
  Clock Uncertainty:      0.430ns  ((TSJ^2 + DJ^2)^1/2) / 2 + PE
    Total System Jitter     (TSJ):    0.050ns
    Discrete Jitter          (DJ):    0.333ns
    Phase Error              (PE):    0.262ns

    Location             Delay type                Incr(ns)  Path(ns)    Netlist Resource(s)
  -------------------------------------------------------------------    -------------------
    PLLE2_ADV_X0Y0       PLLE2_ADV                    0.000     0.000 r  clk_wiz_0_inst/inst/plle2_adv_inst/LOCKED
                         net (fo=1, routed)           4.827     4.827    lcd_pic_inst/locked
    SLICE_X104Y95        LUT2 (Prop_lut2_I1_O)        0.124     4.951 f  lcd_pic_inst/FSM_onehot_state[2]_i_2/O
                         net (fo=63, routed)          2.187     7.138    lcd_ctrl_inst/cnt_h_reg[11]_1
    SLICE_X108Y105       FDCE                                         f  lcd_ctrl_inst/cnt_v_reg[5]/CLR
  -------------------------------------------------------------------    -------------------

                         (clock clk_out1_clk_wiz_0 rise edge)
                                                      0.000     0.000 r  
    Y9                                                0.000     0.000 r  sys_clk (IN)
                         net (fo=0)                   0.000     0.000    clk_wiz_0_inst/inst/clk_in1
    Y9                   IBUF (Prop_ibuf_I_O)         1.420     1.420 r  clk_wiz_0_inst/inst/clkin1_ibufg/O
                         net (fo=1, routed)           1.181     2.601    clk_wiz_0_inst/inst/clk_in1_clk_wiz_0
    PLLE2_ADV_X0Y0       PLLE2_ADV (Prop_plle2_adv_CLKIN1_CLKOUT0)
                                                     -7.970    -5.369 r  clk_wiz_0_inst/inst/plle2_adv_inst/CLKOUT0
                         net (fo=1, routed)           1.686    -3.683    clk_wiz_0_inst/inst/clk_out1_clk_wiz_0
    BUFGCTRL_X0Y0        BUFG (Prop_bufg_I_O)         0.091    -3.592 r  clk_wiz_0_inst/inst/clkout1_buf/O
                         net (fo=64, routed)          1.860    -1.732    lcd_ctrl_inst/CLK
    SLICE_X108Y105       FDCE                                         r  lcd_ctrl_inst/cnt_v_reg[5]/C

Slack:                    inf
  Source:                 clk_wiz_0_inst/inst/plle2_adv_inst/LOCKED
                            (internal pin)
  Destination:            lcd_ctrl_inst/cnt_v_reg[7]/CLR
                            (recovery check against rising-edge clock clk_out1_clk_wiz_0  {rise@0.000ns fall@15.152ns period=30.303ns})
  Path Group:             (none)
  Path Type:              Recovery (Max at Slow Process Corner)
  Data Path Delay:        7.138ns  (logic 0.124ns (1.737%)  route 7.014ns (98.263%))
  Logic Levels:           1  (LUT2=1)
  Clock Uncertainty:      0.430ns  ((TSJ^2 + DJ^2)^1/2) / 2 + PE
    Total System Jitter     (TSJ):    0.050ns
    Discrete Jitter          (DJ):    0.333ns
    Phase Error              (PE):    0.262ns

    Location             Delay type                Incr(ns)  Path(ns)    Netlist Resource(s)
  -------------------------------------------------------------------    -------------------
    PLLE2_ADV_X0Y0       PLLE2_ADV                    0.000     0.000 r  clk_wiz_0_inst/inst/plle2_adv_inst/LOCKED
                         net (fo=1, routed)           4.827     4.827    lcd_pic_inst/locked
    SLICE_X104Y95        LUT2 (Prop_lut2_I1_O)        0.124     4.951 f  lcd_pic_inst/FSM_onehot_state[2]_i_2/O
                         net (fo=63, routed)          2.187     7.138    lcd_ctrl_inst/cnt_h_reg[11]_1
    SLICE_X109Y105       FDCE                                         f  lcd_ctrl_inst/cnt_v_reg[7]/CLR
  -------------------------------------------------------------------    -------------------

                         (clock clk_out1_clk_wiz_0 rise edge)
                                                      0.000     0.000 r  
    Y9                                                0.000     0.000 r  sys_clk (IN)
                         net (fo=0)                   0.000     0.000    clk_wiz_0_inst/inst/clk_in1
    Y9                   IBUF (Prop_ibuf_I_O)         1.420     1.420 r  clk_wiz_0_inst/inst/clkin1_ibufg/O
                         net (fo=1, routed)           1.181     2.601    clk_wiz_0_inst/inst/clk_in1_clk_wiz_0
    PLLE2_ADV_X0Y0       PLLE2_ADV (Prop_plle2_adv_CLKIN1_CLKOUT0)
                                                     -7.970    -5.369 r  clk_wiz_0_inst/inst/plle2_adv_inst/CLKOUT0
                         net (fo=1, routed)           1.686    -3.683    clk_wiz_0_inst/inst/clk_out1_clk_wiz_0
    BUFGCTRL_X0Y0        BUFG (Prop_bufg_I_O)         0.091    -3.592 r  clk_wiz_0_inst/inst/clkout1_buf/O
                         net (fo=64, routed)          1.860    -1.732    lcd_ctrl_inst/CLK
    SLICE_X109Y105       FDCE                                         r  lcd_ctrl_inst/cnt_v_reg[7]/C

Slack:                    inf
  Source:                 clk_wiz_0_inst/inst/plle2_adv_inst/LOCKED
                            (internal pin)
  Destination:            lcd_ctrl_inst/cnt_v_reg[8]/CLR
                            (recovery check against rising-edge clock clk_out1_clk_wiz_0  {rise@0.000ns fall@15.152ns period=30.303ns})
  Path Group:             (none)
  Path Type:              Recovery (Max at Slow Process Corner)
  Data Path Delay:        7.138ns  (logic 0.124ns (1.737%)  route 7.014ns (98.263%))
  Logic Levels:           1  (LUT2=1)
  Clock Uncertainty:      0.430ns  ((TSJ^2 + DJ^2)^1/2) / 2 + PE
    Total System Jitter     (TSJ):    0.050ns
    Discrete Jitter          (DJ):    0.333ns
    Phase Error              (PE):    0.262ns

    Location             Delay type                Incr(ns)  Path(ns)    Netlist Resource(s)
  -------------------------------------------------------------------    -------------------
    PLLE2_ADV_X0Y0       PLLE2_ADV                    0.000     0.000 r  clk_wiz_0_inst/inst/plle2_adv_inst/LOCKED
                         net (fo=1, routed)           4.827     4.827    lcd_pic_inst/locked
    SLICE_X104Y95        LUT2 (Prop_lut2_I1_O)        0.124     4.951 f  lcd_pic_inst/FSM_onehot_state[2]_i_2/O
                         net (fo=63, routed)          2.187     7.138    lcd_ctrl_inst/cnt_h_reg[11]_1
    SLICE_X109Y105       FDCE                                         f  lcd_ctrl_inst/cnt_v_reg[8]/CLR
  -------------------------------------------------------------------    -------------------

                         (clock clk_out1_clk_wiz_0 rise edge)
                                                      0.000     0.000 r  
    Y9                                                0.000     0.000 r  sys_clk (IN)
                         net (fo=0)                   0.000     0.000    clk_wiz_0_inst/inst/clk_in1
    Y9                   IBUF (Prop_ibuf_I_O)         1.420     1.420 r  clk_wiz_0_inst/inst/clkin1_ibufg/O
                         net (fo=1, routed)           1.181     2.601    clk_wiz_0_inst/inst/clk_in1_clk_wiz_0
    PLLE2_ADV_X0Y0       PLLE2_ADV (Prop_plle2_adv_CLKIN1_CLKOUT0)
                                                     -7.970    -5.369 r  clk_wiz_0_inst/inst/plle2_adv_inst/CLKOUT0
                         net (fo=1, routed)           1.686    -3.683    clk_wiz_0_inst/inst/clk_out1_clk_wiz_0
    BUFGCTRL_X0Y0        BUFG (Prop_bufg_I_O)         0.091    -3.592 r  clk_wiz_0_inst/inst/clkout1_buf/O
                         net (fo=64, routed)          1.860    -1.732    lcd_ctrl_inst/CLK
    SLICE_X109Y105       FDCE                                         r  lcd_ctrl_inst/cnt_v_reg[8]/C

Slack:                    inf
  Source:                 clk_wiz_0_inst/inst/plle2_adv_inst/LOCKED
                            (internal pin)
  Destination:            lcd_ctrl_inst/cnt_v_reg[9]/CLR
                            (recovery check against rising-edge clock clk_out1_clk_wiz_0  {rise@0.000ns fall@15.152ns period=30.303ns})
  Path Group:             (none)
  Path Type:              Recovery (Max at Slow Process Corner)
  Data Path Delay:        7.138ns  (logic 0.124ns (1.737%)  route 7.014ns (98.263%))
  Logic Levels:           1  (LUT2=1)
  Clock Uncertainty:      0.430ns  ((TSJ^2 + DJ^2)^1/2) / 2 + PE
    Total System Jitter     (TSJ):    0.050ns
    Discrete Jitter          (DJ):    0.333ns
    Phase Error              (PE):    0.262ns

    Location             Delay type                Incr(ns)  Path(ns)    Netlist Resource(s)
  -------------------------------------------------------------------    -------------------
    PLLE2_ADV_X0Y0       PLLE2_ADV                    0.000     0.000 r  clk_wiz_0_inst/inst/plle2_adv_inst/LOCKED
                         net (fo=1, routed)           4.827     4.827    lcd_pic_inst/locked
    SLICE_X104Y95        LUT2 (Prop_lut2_I1_O)        0.124     4.951 f  lcd_pic_inst/FSM_onehot_state[2]_i_2/O
                         net (fo=63, routed)          2.187     7.138    lcd_ctrl_inst/cnt_h_reg[11]_1
    SLICE_X109Y105       FDCE                                         f  lcd_ctrl_inst/cnt_v_reg[9]/CLR
  -------------------------------------------------------------------    -------------------

                         (clock clk_out1_clk_wiz_0 rise edge)
                                                      0.000     0.000 r  
    Y9                                                0.000     0.000 r  sys_clk (IN)
                         net (fo=0)                   0.000     0.000    clk_wiz_0_inst/inst/clk_in1
    Y9                   IBUF (Prop_ibuf_I_O)         1.420     1.420 r  clk_wiz_0_inst/inst/clkin1_ibufg/O
                         net (fo=1, routed)           1.181     2.601    clk_wiz_0_inst/inst/clk_in1_clk_wiz_0
    PLLE2_ADV_X0Y0       PLLE2_ADV (Prop_plle2_adv_CLKIN1_CLKOUT0)
                                                     -7.970    -5.369 r  clk_wiz_0_inst/inst/plle2_adv_inst/CLKOUT0
                         net (fo=1, routed)           1.686    -3.683    clk_wiz_0_inst/inst/clk_out1_clk_wiz_0
    BUFGCTRL_X0Y0        BUFG (Prop_bufg_I_O)         0.091    -3.592 r  clk_wiz_0_inst/inst/clkout1_buf/O
                         net (fo=64, routed)          1.860    -1.732    lcd_ctrl_inst/CLK
    SLICE_X109Y105       FDCE                                         r  lcd_ctrl_inst/cnt_v_reg[9]/C

Slack:                    inf
  Source:                 clk_wiz_0_inst/inst/plle2_adv_inst/LOCKED
                            (internal pin)
  Destination:            lcd_pic_inst/clk_div_reg[0]/CLR
                            (recovery check against rising-edge clock clk_out1_clk_wiz_0  {rise@0.000ns fall@15.152ns period=30.303ns})
  Path Group:             (none)
  Path Type:              Recovery (Max at Slow Process Corner)
  Data Path Delay:        7.125ns  (logic 0.124ns (1.740%)  route 7.001ns (98.260%))
  Logic Levels:           1  (LUT2=1)
  Clock Uncertainty:      0.430ns  ((TSJ^2 + DJ^2)^1/2) / 2 + PE
    Total System Jitter     (TSJ):    0.050ns
    Discrete Jitter          (DJ):    0.333ns
    Phase Error              (PE):    0.262ns

    Location             Delay type                Incr(ns)  Path(ns)    Netlist Resource(s)
  -------------------------------------------------------------------    -------------------
    PLLE2_ADV_X0Y0       PLLE2_ADV                    0.000     0.000 r  clk_wiz_0_inst/inst/plle2_adv_inst/LOCKED
                         net (fo=1, routed)           4.827     4.827    lcd_pic_inst/locked
    SLICE_X104Y95        LUT2 (Prop_lut2_I1_O)        0.124     4.951 f  lcd_pic_inst/FSM_onehot_state[2]_i_2/O
                         net (fo=63, routed)          2.174     7.125    lcd_pic_inst/sys_rst_n
    SLICE_X106Y101       FDCE                                         f  lcd_pic_inst/clk_div_reg[0]/CLR
  -------------------------------------------------------------------    -------------------

                         (clock clk_out1_clk_wiz_0 rise edge)
                                                      0.000     0.000 r  
    Y9                                                0.000     0.000 r  sys_clk (IN)
                         net (fo=0)                   0.000     0.000    clk_wiz_0_inst/inst/clk_in1
    Y9                   IBUF (Prop_ibuf_I_O)         1.420     1.420 r  clk_wiz_0_inst/inst/clkin1_ibufg/O
                         net (fo=1, routed)           1.181     2.601    clk_wiz_0_inst/inst/clk_in1_clk_wiz_0
    PLLE2_ADV_X0Y0       PLLE2_ADV (Prop_plle2_adv_CLKIN1_CLKOUT0)
                                                     -7.970    -5.369 r  clk_wiz_0_inst/inst/plle2_adv_inst/CLKOUT0
                         net (fo=1, routed)           1.686    -3.683    clk_wiz_0_inst/inst/clk_out1_clk_wiz_0
    BUFGCTRL_X0Y0        BUFG (Prop_bufg_I_O)         0.091    -3.592 r  clk_wiz_0_inst/inst/clkout1_buf/O
                         net (fo=64, routed)          1.861    -1.731    lcd_pic_inst/CLK
    SLICE_X106Y101       FDCE                                         r  lcd_pic_inst/clk_div_reg[0]/C

Slack:                    inf
  Source:                 clk_wiz_0_inst/inst/plle2_adv_inst/LOCKED
                            (internal pin)
  Destination:            lcd_pic_inst/clk_div_reg[18]/CLR
                            (recovery check against rising-edge clock clk_out1_clk_wiz_0  {rise@0.000ns fall@15.152ns period=30.303ns})
  Path Group:             (none)
  Path Type:              Recovery (Max at Slow Process Corner)
  Data Path Delay:        7.125ns  (logic 0.124ns (1.740%)  route 7.001ns (98.260%))
  Logic Levels:           1  (LUT2=1)
  Clock Uncertainty:      0.430ns  ((TSJ^2 + DJ^2)^1/2) / 2 + PE
    Total System Jitter     (TSJ):    0.050ns
    Discrete Jitter          (DJ):    0.333ns
    Phase Error              (PE):    0.262ns

    Location             Delay type                Incr(ns)  Path(ns)    Netlist Resource(s)
  -------------------------------------------------------------------    -------------------
    PLLE2_ADV_X0Y0       PLLE2_ADV                    0.000     0.000 r  clk_wiz_0_inst/inst/plle2_adv_inst/LOCKED
                         net (fo=1, routed)           4.827     4.827    lcd_pic_inst/locked
    SLICE_X104Y95        LUT2 (Prop_lut2_I1_O)        0.124     4.951 f  lcd_pic_inst/FSM_onehot_state[2]_i_2/O
                         net (fo=63, routed)          2.174     7.125    lcd_pic_inst/sys_rst_n
    SLICE_X106Y101       FDCE                                         f  lcd_pic_inst/clk_div_reg[18]/CLR
  -------------------------------------------------------------------    -------------------

                         (clock clk_out1_clk_wiz_0 rise edge)
                                                      0.000     0.000 r  
    Y9                                                0.000     0.000 r  sys_clk (IN)
                         net (fo=0)                   0.000     0.000    clk_wiz_0_inst/inst/clk_in1
    Y9                   IBUF (Prop_ibuf_I_O)         1.420     1.420 r  clk_wiz_0_inst/inst/clkin1_ibufg/O
                         net (fo=1, routed)           1.181     2.601    clk_wiz_0_inst/inst/clk_in1_clk_wiz_0
    PLLE2_ADV_X0Y0       PLLE2_ADV (Prop_plle2_adv_CLKIN1_CLKOUT0)
                                                     -7.970    -5.369 r  clk_wiz_0_inst/inst/plle2_adv_inst/CLKOUT0
                         net (fo=1, routed)           1.686    -3.683    clk_wiz_0_inst/inst/clk_out1_clk_wiz_0
    BUFGCTRL_X0Y0        BUFG (Prop_bufg_I_O)         0.091    -3.592 r  clk_wiz_0_inst/inst/clkout1_buf/O
                         net (fo=64, routed)          1.861    -1.731    lcd_pic_inst/CLK
    SLICE_X106Y101       FDCE                                         r  lcd_pic_inst/clk_div_reg[18]/C





Min Delay Paths
--------------------------------------------------------------------------------------
Slack:                    inf
  Source:                 sys_rst_n
                            (input port)
  Destination:            lcd_pic_inst/clk_div_reg[1]/CLR
                            (removal check against rising-edge clock clk_out1_clk_wiz_0  {rise@0.000ns fall@15.152ns period=30.303ns})
  Path Group:             (none)
  Path Type:              Removal (Min at Fast Process Corner)
  Data Path Delay:        1.511ns  (logic 0.300ns (19.828%)  route 1.211ns (80.172%))
  Logic Levels:           2  (IBUF=1 LUT2=1)
  Clock Path Skew:        -0.256ns (DCD - SCD - CPR)
    Destination Clock Delay (DCD):    -0.256ns
    Source Clock Delay      (SCD):    0.000ns
    Clock Pessimism Removal (CPR):    -0.000ns

    Location             Delay type                Incr(ns)  Path(ns)    Netlist Resource(s)
  -------------------------------------------------------------------    -------------------
    F22                                               0.000     0.000 r  sys_rst_n (IN)
                         net (fo=0)                   0.000     0.000    sys_rst_n
    F22                  IBUF (Prop_ibuf_I_O)         0.255     0.255 r  sys_rst_n_IBUF_inst/O
                         net (fo=2, routed)           0.606     0.860    lcd_pic_inst/sys_rst_n_IBUF
    SLICE_X104Y95        LUT2 (Prop_lut2_I0_O)        0.045     0.905 f  lcd_pic_inst/FSM_onehot_state[2]_i_2/O
                         net (fo=63, routed)          0.606     1.511    lcd_pic_inst/sys_rst_n
    SLICE_X106Y98        FDCE                                         f  lcd_pic_inst/clk_div_reg[1]/CLR
  -------------------------------------------------------------------    -------------------

                         (clock clk_out1_clk_wiz_0 rise edge)
                                                      0.000     0.000 r  
    Y9                                                0.000     0.000 r  sys_clk (IN)
                         net (fo=0)                   0.000     0.000    clk_wiz_0_inst/inst/clk_in1
    Y9                   IBUF (Prop_ibuf_I_O)         0.446     0.446 r  clk_wiz_0_inst/inst/clkin1_ibufg/O
                         net (fo=1, routed)           0.481     0.927    clk_wiz_0_inst/inst/clk_in1_clk_wiz_0
    PLLE2_ADV_X0Y0       PLLE2_ADV (Prop_plle2_adv_CLKIN1_CLKOUT0)
                                                     -2.700    -1.773 r  clk_wiz_0_inst/inst/plle2_adv_inst/CLKOUT0
                         net (fo=1, routed)           0.580    -1.193    clk_wiz_0_inst/inst/clk_out1_clk_wiz_0
    BUFGCTRL_X0Y0        BUFG (Prop_bufg_I_O)         0.029    -1.164 r  clk_wiz_0_inst/inst/clkout1_buf/O
                         net (fo=64, routed)          0.908    -0.256    lcd_pic_inst/CLK
    SLICE_X106Y98        FDCE                                         r  lcd_pic_inst/clk_div_reg[1]/C

Slack:                    inf
  Source:                 sys_rst_n
                            (input port)
  Destination:            lcd_pic_inst/clk_div_reg[2]/CLR
                            (removal check against rising-edge clock clk_out1_clk_wiz_0  {rise@0.000ns fall@15.152ns period=30.303ns})
  Path Group:             (none)
  Path Type:              Removal (Min at Fast Process Corner)
  Data Path Delay:        1.511ns  (logic 0.300ns (19.828%)  route 1.211ns (80.172%))
  Logic Levels:           2  (IBUF=1 LUT2=1)
  Clock Path Skew:        -0.256ns (DCD - SCD - CPR)
    Destination Clock Delay (DCD):    -0.256ns
    Source Clock Delay      (SCD):    0.000ns
    Clock Pessimism Removal (CPR):    -0.000ns

    Location             Delay type                Incr(ns)  Path(ns)    Netlist Resource(s)
  -------------------------------------------------------------------    -------------------
    F22                                               0.000     0.000 r  sys_rst_n (IN)
                         net (fo=0)                   0.000     0.000    sys_rst_n
    F22                  IBUF (Prop_ibuf_I_O)         0.255     0.255 r  sys_rst_n_IBUF_inst/O
                         net (fo=2, routed)           0.606     0.860    lcd_pic_inst/sys_rst_n_IBUF
    SLICE_X104Y95        LUT2 (Prop_lut2_I0_O)        0.045     0.905 f  lcd_pic_inst/FSM_onehot_state[2]_i_2/O
                         net (fo=63, routed)          0.606     1.511    lcd_pic_inst/sys_rst_n
    SLICE_X106Y98        FDCE                                         f  lcd_pic_inst/clk_div_reg[2]/CLR
  -------------------------------------------------------------------    -------------------

                         (clock clk_out1_clk_wiz_0 rise edge)
                                                      0.000     0.000 r  
    Y9                                                0.000     0.000 r  sys_clk (IN)
                         net (fo=0)                   0.000     0.000    clk_wiz_0_inst/inst/clk_in1
    Y9                   IBUF (Prop_ibuf_I_O)         0.446     0.446 r  clk_wiz_0_inst/inst/clkin1_ibufg/O
                         net (fo=1, routed)           0.481     0.927    clk_wiz_0_inst/inst/clk_in1_clk_wiz_0
    PLLE2_ADV_X0Y0       PLLE2_ADV (Prop_plle2_adv_CLKIN1_CLKOUT0)
                                                     -2.700    -1.773 r  clk_wiz_0_inst/inst/plle2_adv_inst/CLKOUT0
                         net (fo=1, routed)           0.580    -1.193    clk_wiz_0_inst/inst/clk_out1_clk_wiz_0
    BUFGCTRL_X0Y0        BUFG (Prop_bufg_I_O)         0.029    -1.164 r  clk_wiz_0_inst/inst/clkout1_buf/O
                         net (fo=64, routed)          0.908    -0.256    lcd_pic_inst/CLK
    SLICE_X106Y98        FDCE                                         r  lcd_pic_inst/clk_div_reg[2]/C

Slack:                    inf
  Source:                 sys_rst_n
                            (input port)
  Destination:            lcd_pic_inst/clk_div_reg[3]/CLR
                            (removal check against rising-edge clock clk_out1_clk_wiz_0  {rise@0.000ns fall@15.152ns period=30.303ns})
  Path Group:             (none)
  Path Type:              Removal (Min at Fast Process Corner)
  Data Path Delay:        1.511ns  (logic 0.300ns (19.828%)  route 1.211ns (80.172%))
  Logic Levels:           2  (IBUF=1 LUT2=1)
  Clock Path Skew:        -0.256ns (DCD - SCD - CPR)
    Destination Clock Delay (DCD):    -0.256ns
    Source Clock Delay      (SCD):    0.000ns
    Clock Pessimism Removal (CPR):    -0.000ns

    Location             Delay type                Incr(ns)  Path(ns)    Netlist Resource(s)
  -------------------------------------------------------------------    -------------------
    F22                                               0.000     0.000 r  sys_rst_n (IN)
                         net (fo=0)                   0.000     0.000    sys_rst_n
    F22                  IBUF (Prop_ibuf_I_O)         0.255     0.255 r  sys_rst_n_IBUF_inst/O
                         net (fo=2, routed)           0.606     0.860    lcd_pic_inst/sys_rst_n_IBUF
    SLICE_X104Y95        LUT2 (Prop_lut2_I0_O)        0.045     0.905 f  lcd_pic_inst/FSM_onehot_state[2]_i_2/O
                         net (fo=63, routed)          0.606     1.511    lcd_pic_inst/sys_rst_n
    SLICE_X106Y98        FDCE                                         f  lcd_pic_inst/clk_div_reg[3]/CLR
  -------------------------------------------------------------------    -------------------

                         (clock clk_out1_clk_wiz_0 rise edge)
                                                      0.000     0.000 r  
    Y9                                                0.000     0.000 r  sys_clk (IN)
                         net (fo=0)                   0.000     0.000    clk_wiz_0_inst/inst/clk_in1
    Y9                   IBUF (Prop_ibuf_I_O)         0.446     0.446 r  clk_wiz_0_inst/inst/clkin1_ibufg/O
                         net (fo=1, routed)           0.481     0.927    clk_wiz_0_inst/inst/clk_in1_clk_wiz_0
    PLLE2_ADV_X0Y0       PLLE2_ADV (Prop_plle2_adv_CLKIN1_CLKOUT0)
                                                     -2.700    -1.773 r  clk_wiz_0_inst/inst/plle2_adv_inst/CLKOUT0
                         net (fo=1, routed)           0.580    -1.193    clk_wiz_0_inst/inst/clk_out1_clk_wiz_0
    BUFGCTRL_X0Y0        BUFG (Prop_bufg_I_O)         0.029    -1.164 r  clk_wiz_0_inst/inst/clkout1_buf/O
                         net (fo=64, routed)          0.908    -0.256    lcd_pic_inst/CLK
    SLICE_X106Y98        FDCE                                         r  lcd_pic_inst/clk_div_reg[3]/C

Slack:                    inf
  Source:                 sys_rst_n
                            (input port)
  Destination:            lcd_pic_inst/clk_div_reg[4]/CLR
                            (removal check against rising-edge clock clk_out1_clk_wiz_0  {rise@0.000ns fall@15.152ns period=30.303ns})
  Path Group:             (none)
  Path Type:              Removal (Min at Fast Process Corner)
  Data Path Delay:        1.511ns  (logic 0.300ns (19.828%)  route 1.211ns (80.172%))
  Logic Levels:           2  (IBUF=1 LUT2=1)
  Clock Path Skew:        -0.256ns (DCD - SCD - CPR)
    Destination Clock Delay (DCD):    -0.256ns
    Source Clock Delay      (SCD):    0.000ns
    Clock Pessimism Removal (CPR):    -0.000ns

    Location             Delay type                Incr(ns)  Path(ns)    Netlist Resource(s)
  -------------------------------------------------------------------    -------------------
    F22                                               0.000     0.000 r  sys_rst_n (IN)
                         net (fo=0)                   0.000     0.000    sys_rst_n
    F22                  IBUF (Prop_ibuf_I_O)         0.255     0.255 r  sys_rst_n_IBUF_inst/O
                         net (fo=2, routed)           0.606     0.860    lcd_pic_inst/sys_rst_n_IBUF
    SLICE_X104Y95        LUT2 (Prop_lut2_I0_O)        0.045     0.905 f  lcd_pic_inst/FSM_onehot_state[2]_i_2/O
                         net (fo=63, routed)          0.606     1.511    lcd_pic_inst/sys_rst_n
    SLICE_X106Y98        FDCE                                         f  lcd_pic_inst/clk_div_reg[4]/CLR
  -------------------------------------------------------------------    -------------------

                         (clock clk_out1_clk_wiz_0 rise edge)
                                                      0.000     0.000 r  
    Y9                                                0.000     0.000 r  sys_clk (IN)
                         net (fo=0)                   0.000     0.000    clk_wiz_0_inst/inst/clk_in1
    Y9                   IBUF (Prop_ibuf_I_O)         0.446     0.446 r  clk_wiz_0_inst/inst/clkin1_ibufg/O
                         net (fo=1, routed)           0.481     0.927    clk_wiz_0_inst/inst/clk_in1_clk_wiz_0
    PLLE2_ADV_X0Y0       PLLE2_ADV (Prop_plle2_adv_CLKIN1_CLKOUT0)
                                                     -2.700    -1.773 r  clk_wiz_0_inst/inst/plle2_adv_inst/CLKOUT0
                         net (fo=1, routed)           0.580    -1.193    clk_wiz_0_inst/inst/clk_out1_clk_wiz_0
    BUFGCTRL_X0Y0        BUFG (Prop_bufg_I_O)         0.029    -1.164 r  clk_wiz_0_inst/inst/clkout1_buf/O
                         net (fo=64, routed)          0.908    -0.256    lcd_pic_inst/CLK
    SLICE_X106Y98        FDCE                                         r  lcd_pic_inst/clk_div_reg[4]/C

Slack:                    inf
  Source:                 sys_rst_n
                            (input port)
  Destination:            lcd_pic_inst/clk_div_reg[5]/CLR
                            (removal check against rising-edge clock clk_out1_clk_wiz_0  {rise@0.000ns fall@15.152ns period=30.303ns})
  Path Group:             (none)
  Path Type:              Removal (Min at Fast Process Corner)
  Data Path Delay:        1.511ns  (logic 0.300ns (19.828%)  route 1.211ns (80.172%))
  Logic Levels:           2  (IBUF=1 LUT2=1)
  Clock Path Skew:        -0.256ns (DCD - SCD - CPR)
    Destination Clock Delay (DCD):    -0.256ns
    Source Clock Delay      (SCD):    0.000ns
    Clock Pessimism Removal (CPR):    -0.000ns

    Location             Delay type                Incr(ns)  Path(ns)    Netlist Resource(s)
  -------------------------------------------------------------------    -------------------
    F22                                               0.000     0.000 r  sys_rst_n (IN)
                         net (fo=0)                   0.000     0.000    sys_rst_n
    F22                  IBUF (Prop_ibuf_I_O)         0.255     0.255 r  sys_rst_n_IBUF_inst/O
                         net (fo=2, routed)           0.606     0.860    lcd_pic_inst/sys_rst_n_IBUF
    SLICE_X104Y95        LUT2 (Prop_lut2_I0_O)        0.045     0.905 f  lcd_pic_inst/FSM_onehot_state[2]_i_2/O
                         net (fo=63, routed)          0.606     1.511    lcd_pic_inst/sys_rst_n
    SLICE_X106Y98        FDCE                                         f  lcd_pic_inst/clk_div_reg[5]/CLR
  -------------------------------------------------------------------    -------------------

                         (clock clk_out1_clk_wiz_0 rise edge)
                                                      0.000     0.000 r  
    Y9                                                0.000     0.000 r  sys_clk (IN)
                         net (fo=0)                   0.000     0.000    clk_wiz_0_inst/inst/clk_in1
    Y9                   IBUF (Prop_ibuf_I_O)         0.446     0.446 r  clk_wiz_0_inst/inst/clkin1_ibufg/O
                         net (fo=1, routed)           0.481     0.927    clk_wiz_0_inst/inst/clk_in1_clk_wiz_0
    PLLE2_ADV_X0Y0       PLLE2_ADV (Prop_plle2_adv_CLKIN1_CLKOUT0)
                                                     -2.700    -1.773 r  clk_wiz_0_inst/inst/plle2_adv_inst/CLKOUT0
                         net (fo=1, routed)           0.580    -1.193    clk_wiz_0_inst/inst/clk_out1_clk_wiz_0
    BUFGCTRL_X0Y0        BUFG (Prop_bufg_I_O)         0.029    -1.164 r  clk_wiz_0_inst/inst/clkout1_buf/O
                         net (fo=64, routed)          0.908    -0.256    lcd_pic_inst/CLK
    SLICE_X106Y98        FDCE                                         r  lcd_pic_inst/clk_div_reg[5]/C

Slack:                    inf
  Source:                 sys_rst_n
                            (input port)
  Destination:            lcd_pic_inst/clk_div_reg[7]/CLR
                            (removal check against rising-edge clock clk_out1_clk_wiz_0  {rise@0.000ns fall@15.152ns period=30.303ns})
  Path Group:             (none)
  Path Type:              Removal (Min at Fast Process Corner)
  Data Path Delay:        1.511ns  (logic 0.300ns (19.828%)  route 1.211ns (80.172%))
  Logic Levels:           2  (IBUF=1 LUT2=1)
  Clock Path Skew:        -0.256ns (DCD - SCD - CPR)
    Destination Clock Delay (DCD):    -0.256ns
    Source Clock Delay      (SCD):    0.000ns
    Clock Pessimism Removal (CPR):    -0.000ns

    Location             Delay type                Incr(ns)  Path(ns)    Netlist Resource(s)
  -------------------------------------------------------------------    -------------------
    F22                                               0.000     0.000 r  sys_rst_n (IN)
                         net (fo=0)                   0.000     0.000    sys_rst_n
    F22                  IBUF (Prop_ibuf_I_O)         0.255     0.255 r  sys_rst_n_IBUF_inst/O
                         net (fo=2, routed)           0.606     0.860    lcd_pic_inst/sys_rst_n_IBUF
    SLICE_X104Y95        LUT2 (Prop_lut2_I0_O)        0.045     0.905 f  lcd_pic_inst/FSM_onehot_state[2]_i_2/O
                         net (fo=63, routed)          0.606     1.511    lcd_pic_inst/sys_rst_n
    SLICE_X106Y98        FDCE                                         f  lcd_pic_inst/clk_div_reg[7]/CLR
  -------------------------------------------------------------------    -------------------

                         (clock clk_out1_clk_wiz_0 rise edge)
                                                      0.000     0.000 r  
    Y9                                                0.000     0.000 r  sys_clk (IN)
                         net (fo=0)                   0.000     0.000    clk_wiz_0_inst/inst/clk_in1
    Y9                   IBUF (Prop_ibuf_I_O)         0.446     0.446 r  clk_wiz_0_inst/inst/clkin1_ibufg/O
                         net (fo=1, routed)           0.481     0.927    clk_wiz_0_inst/inst/clk_in1_clk_wiz_0
    PLLE2_ADV_X0Y0       PLLE2_ADV (Prop_plle2_adv_CLKIN1_CLKOUT0)
                                                     -2.700    -1.773 r  clk_wiz_0_inst/inst/plle2_adv_inst/CLKOUT0
                         net (fo=1, routed)           0.580    -1.193    clk_wiz_0_inst/inst/clk_out1_clk_wiz_0
    BUFGCTRL_X0Y0        BUFG (Prop_bufg_I_O)         0.029    -1.164 r  clk_wiz_0_inst/inst/clkout1_buf/O
                         net (fo=64, routed)          0.908    -0.256    lcd_pic_inst/CLK
    SLICE_X106Y98        FDCE                                         r  lcd_pic_inst/clk_div_reg[7]/C

Slack:                    inf
  Source:                 sys_rst_n
                            (input port)
  Destination:            lcd_pic_inst/clk_div_reg[11]/CLR
                            (removal check against rising-edge clock clk_out1_clk_wiz_0  {rise@0.000ns fall@15.152ns period=30.303ns})
  Path Group:             (none)
  Path Type:              Removal (Min at Fast Process Corner)
  Data Path Delay:        1.574ns  (logic 0.300ns (19.030%)  route 1.275ns (80.970%))
  Logic Levels:           2  (IBUF=1 LUT2=1)
  Clock Path Skew:        -0.256ns (DCD - SCD - CPR)
    Destination Clock Delay (DCD):    -0.256ns
    Source Clock Delay      (SCD):    0.000ns
    Clock Pessimism Removal (CPR):    -0.000ns

    Location             Delay type                Incr(ns)  Path(ns)    Netlist Resource(s)
  -------------------------------------------------------------------    -------------------
    F22                                               0.000     0.000 r  sys_rst_n (IN)
                         net (fo=0)                   0.000     0.000    sys_rst_n
    F22                  IBUF (Prop_ibuf_I_O)         0.255     0.255 r  sys_rst_n_IBUF_inst/O
                         net (fo=2, routed)           0.606     0.860    lcd_pic_inst/sys_rst_n_IBUF
    SLICE_X104Y95        LUT2 (Prop_lut2_I0_O)        0.045     0.905 f  lcd_pic_inst/FSM_onehot_state[2]_i_2/O
                         net (fo=63, routed)          0.669     1.574    lcd_pic_inst/sys_rst_n
    SLICE_X106Y99        FDCE                                         f  lcd_pic_inst/clk_div_reg[11]/CLR
  -------------------------------------------------------------------    -------------------

                         (clock clk_out1_clk_wiz_0 rise edge)
                                                      0.000     0.000 r  
    Y9                                                0.000     0.000 r  sys_clk (IN)
                         net (fo=0)                   0.000     0.000    clk_wiz_0_inst/inst/clk_in1
    Y9                   IBUF (Prop_ibuf_I_O)         0.446     0.446 r  clk_wiz_0_inst/inst/clkin1_ibufg/O
                         net (fo=1, routed)           0.481     0.927    clk_wiz_0_inst/inst/clk_in1_clk_wiz_0
    PLLE2_ADV_X0Y0       PLLE2_ADV (Prop_plle2_adv_CLKIN1_CLKOUT0)
                                                     -2.700    -1.773 r  clk_wiz_0_inst/inst/plle2_adv_inst/CLKOUT0
                         net (fo=1, routed)           0.580    -1.193    clk_wiz_0_inst/inst/clk_out1_clk_wiz_0
    BUFGCTRL_X0Y0        BUFG (Prop_bufg_I_O)         0.029    -1.164 r  clk_wiz_0_inst/inst/clkout1_buf/O
                         net (fo=64, routed)          0.908    -0.256    lcd_pic_inst/CLK
    SLICE_X106Y99        FDCE                                         r  lcd_pic_inst/clk_div_reg[11]/C

Slack:                    inf
  Source:                 sys_rst_n
                            (input port)
  Destination:            lcd_pic_inst/clk_div_reg[9]/CLR
                            (removal check against rising-edge clock clk_out1_clk_wiz_0  {rise@0.000ns fall@15.152ns period=30.303ns})
  Path Group:             (none)
  Path Type:              Removal (Min at Fast Process Corner)
  Data Path Delay:        1.574ns  (logic 0.300ns (19.030%)  route 1.275ns (80.970%))
  Logic Levels:           2  (IBUF=1 LUT2=1)
  Clock Path Skew:        -0.256ns (DCD - SCD - CPR)
    Destination Clock Delay (DCD):    -0.256ns
    Source Clock Delay      (SCD):    0.000ns
    Clock Pessimism Removal (CPR):    -0.000ns

    Location             Delay type                Incr(ns)  Path(ns)    Netlist Resource(s)
  -------------------------------------------------------------------    -------------------
    F22                                               0.000     0.000 r  sys_rst_n (IN)
                         net (fo=0)                   0.000     0.000    sys_rst_n
    F22                  IBUF (Prop_ibuf_I_O)         0.255     0.255 r  sys_rst_n_IBUF_inst/O
                         net (fo=2, routed)           0.606     0.860    lcd_pic_inst/sys_rst_n_IBUF
    SLICE_X104Y95        LUT2 (Prop_lut2_I0_O)        0.045     0.905 f  lcd_pic_inst/FSM_onehot_state[2]_i_2/O
                         net (fo=63, routed)          0.669     1.574    lcd_pic_inst/sys_rst_n
    SLICE_X106Y99        FDCE                                         f  lcd_pic_inst/clk_div_reg[9]/CLR
  -------------------------------------------------------------------    -------------------

                         (clock clk_out1_clk_wiz_0 rise edge)
                                                      0.000     0.000 r  
    Y9                                                0.000     0.000 r  sys_clk (IN)
                         net (fo=0)                   0.000     0.000    clk_wiz_0_inst/inst/clk_in1
    Y9                   IBUF (Prop_ibuf_I_O)         0.446     0.446 r  clk_wiz_0_inst/inst/clkin1_ibufg/O
                         net (fo=1, routed)           0.481     0.927    clk_wiz_0_inst/inst/clk_in1_clk_wiz_0
    PLLE2_ADV_X0Y0       PLLE2_ADV (Prop_plle2_adv_CLKIN1_CLKOUT0)
                                                     -2.700    -1.773 r  clk_wiz_0_inst/inst/plle2_adv_inst/CLKOUT0
                         net (fo=1, routed)           0.580    -1.193    clk_wiz_0_inst/inst/clk_out1_clk_wiz_0
    BUFGCTRL_X0Y0        BUFG (Prop_bufg_I_O)         0.029    -1.164 r  clk_wiz_0_inst/inst/clkout1_buf/O
                         net (fo=64, routed)          0.908    -0.256    lcd_pic_inst/CLK
    SLICE_X106Y99        FDCE                                         r  lcd_pic_inst/clk_div_reg[9]/C

Slack:                    inf
  Source:                 sys_rst_n
                            (input port)
  Destination:            lcd_ctrl_inst/cnt_h_reg[2]/CLR
                            (removal check against rising-edge clock clk_out1_clk_wiz_0  {rise@0.000ns fall@15.152ns period=30.303ns})
  Path Group:             (none)
  Path Type:              Removal (Min at Fast Process Corner)
  Data Path Delay:        1.631ns  (logic 0.300ns (18.363%)  route 1.332ns (81.637%))
  Logic Levels:           2  (IBUF=1 LUT2=1)
  Clock Path Skew:        -0.256ns (DCD - SCD - CPR)
    Destination Clock Delay (DCD):    -0.256ns
    Source Clock Delay      (SCD):    0.000ns
    Clock Pessimism Removal (CPR):    -0.000ns

    Location             Delay type                Incr(ns)  Path(ns)    Netlist Resource(s)
  -------------------------------------------------------------------    -------------------
    F22                                               0.000     0.000 r  sys_rst_n (IN)
                         net (fo=0)                   0.000     0.000    sys_rst_n
    F22                  IBUF (Prop_ibuf_I_O)         0.255     0.255 r  sys_rst_n_IBUF_inst/O
                         net (fo=2, routed)           0.606     0.860    lcd_pic_inst/sys_rst_n_IBUF
    SLICE_X104Y95        LUT2 (Prop_lut2_I0_O)        0.045     0.905 f  lcd_pic_inst/FSM_onehot_state[2]_i_2/O
                         net (fo=63, routed)          0.726     1.631    lcd_ctrl_inst/cnt_h_reg[11]_1
    SLICE_X109Y98        FDCE                                         f  lcd_ctrl_inst/cnt_h_reg[2]/CLR
  -------------------------------------------------------------------    -------------------

                         (clock clk_out1_clk_wiz_0 rise edge)
                                                      0.000     0.000 r  
    Y9                                                0.000     0.000 r  sys_clk (IN)
                         net (fo=0)                   0.000     0.000    clk_wiz_0_inst/inst/clk_in1
    Y9                   IBUF (Prop_ibuf_I_O)         0.446     0.446 r  clk_wiz_0_inst/inst/clkin1_ibufg/O
                         net (fo=1, routed)           0.481     0.927    clk_wiz_0_inst/inst/clk_in1_clk_wiz_0
    PLLE2_ADV_X0Y0       PLLE2_ADV (Prop_plle2_adv_CLKIN1_CLKOUT0)
                                                     -2.700    -1.773 r  clk_wiz_0_inst/inst/plle2_adv_inst/CLKOUT0
                         net (fo=1, routed)           0.580    -1.193    clk_wiz_0_inst/inst/clk_out1_clk_wiz_0
    BUFGCTRL_X0Y0        BUFG (Prop_bufg_I_O)         0.029    -1.164 r  clk_wiz_0_inst/inst/clkout1_buf/O
                         net (fo=64, routed)          0.908    -0.256    lcd_ctrl_inst/CLK
    SLICE_X109Y98        FDCE                                         r  lcd_ctrl_inst/cnt_h_reg[2]/C

Slack:                    inf
  Source:                 sys_rst_n
                            (input port)
  Destination:            lcd_ctrl_inst/cnt_h_reg[3]/CLR
                            (removal check against rising-edge clock clk_out1_clk_wiz_0  {rise@0.000ns fall@15.152ns period=30.303ns})
  Path Group:             (none)
  Path Type:              Removal (Min at Fast Process Corner)
  Data Path Delay:        1.631ns  (logic 0.300ns (18.363%)  route 1.332ns (81.637%))
  Logic Levels:           2  (IBUF=1 LUT2=1)
  Clock Path Skew:        -0.256ns (DCD - SCD - CPR)
    Destination Clock Delay (DCD):    -0.256ns
    Source Clock Delay      (SCD):    0.000ns
    Clock Pessimism Removal (CPR):    -0.000ns

    Location             Delay type                Incr(ns)  Path(ns)    Netlist Resource(s)
  -------------------------------------------------------------------    -------------------
    F22                                               0.000     0.000 r  sys_rst_n (IN)
                         net (fo=0)                   0.000     0.000    sys_rst_n
    F22                  IBUF (Prop_ibuf_I_O)         0.255     0.255 r  sys_rst_n_IBUF_inst/O
                         net (fo=2, routed)           0.606     0.860    lcd_pic_inst/sys_rst_n_IBUF
    SLICE_X104Y95        LUT2 (Prop_lut2_I0_O)        0.045     0.905 f  lcd_pic_inst/FSM_onehot_state[2]_i_2/O
                         net (fo=63, routed)          0.726     1.631    lcd_ctrl_inst/cnt_h_reg[11]_1
    SLICE_X109Y98        FDCE                                         f  lcd_ctrl_inst/cnt_h_reg[3]/CLR
  -------------------------------------------------------------------    -------------------

                         (clock clk_out1_clk_wiz_0 rise edge)
                                                      0.000     0.000 r  
    Y9                                                0.000     0.000 r  sys_clk (IN)
                         net (fo=0)                   0.000     0.000    clk_wiz_0_inst/inst/clk_in1
    Y9                   IBUF (Prop_ibuf_I_O)         0.446     0.446 r  clk_wiz_0_inst/inst/clkin1_ibufg/O
                         net (fo=1, routed)           0.481     0.927    clk_wiz_0_inst/inst/clk_in1_clk_wiz_0
    PLLE2_ADV_X0Y0       PLLE2_ADV (Prop_plle2_adv_CLKIN1_CLKOUT0)
                                                     -2.700    -1.773 r  clk_wiz_0_inst/inst/plle2_adv_inst/CLKOUT0
                         net (fo=1, routed)           0.580    -1.193    clk_wiz_0_inst/inst/clk_out1_clk_wiz_0
    BUFGCTRL_X0Y0        BUFG (Prop_bufg_I_O)         0.029    -1.164 r  clk_wiz_0_inst/inst/clkout1_buf/O
                         net (fo=64, routed)          0.908    -0.256    lcd_ctrl_inst/CLK
    SLICE_X109Y98        FDCE                                         r  lcd_ctrl_inst/cnt_h_reg[3]/C





