Copyright 1986-2022 Xilinx, Inc. All Rights Reserved. Copyright 2022-2023 Advanced Micro Devices, Inc. All Rights Reserved.
---------------------------------------------------------------------------------------------------------------------------------------------------------------------------------------------------------------------------------------------
| Tool Version : Vivado v.2023.2 (win64) Build 4029153 Fri Oct 13 20:14:34 MDT 2023
| Date         : Fri May  8 12:07:40 2026
| Host         : DESKTOP-O1S0IG8 running 64-bit major release  (build 9200)
| Command      : report_timing_summary -max_paths 10 -report_unconstrained -file lcd_colorbar_top_timing_summary_routed.rpt -pb lcd_colorbar_top_timing_summary_routed.pb -rpx lcd_colorbar_top_timing_summary_routed.rpx -warn_on_violation
| Design       : lcd_colorbar_top
| Device       : 7z020-clg484
| Speed File   : -1  PRODUCTION 1.12 2019-11-22
| Design State : Routed
---------------------------------------------------------------------------------------------------------------------------------------------------------------------------------------------------------------------------------------------

Timing Summary Report

------------------------------------------------------------------------------------------------
| Timer Settings
| --------------
------------------------------------------------------------------------------------------------

  Enable Multi Corner Analysis               :  Yes
  Enable Pessimism Removal                   :  Yes
  Pessimism Removal Resolution               :  Nearest Common Node
  Enable Input Delay Default Clock           :  No
  Enable Preset / Clear Arcs                 :  No
  Disable Flight Delays                      :  No
  Ignore I/O Paths                           :  No
  Timing Early Launch at Borrowing Latches   :  No
  Borrow Time for Max Delay Exceptions       :  Yes
  Merge Timing Exceptions                    :  Yes
  Inter-SLR Compensation                     :  Conservative

  Corner  Analyze    Analyze    
  Name    Max Paths  Min Paths  
  ------  ---------  ---------  
  Slow    Yes        Yes        
  Fast    Yes        Yes        


------------------------------------------------------------------------------------------------
| Report Methodology
| ------------------
------------------------------------------------------------------------------------------------

Rule     Severity  Description                   Violations  
-------  --------  ----------------------------  ----------  
LUTAR-1  Warning   LUT drives async reset alert  1           

Note: This report is based on the most recent report_methodology run and may not be up-to-date. Run report_methodology on the current design for the latest report.



check_timing report

Table of Contents
-----------------
1. checking no_clock (0)
2. checking constant_clock (0)
3. checking pulse_width_clock (0)
4. checking unconstrained_internal_endpoints (0)
5. checking no_input_delay (3)
6. checking no_output_delay (4)
7. checking multiple_clock (0)
8. checking generated_clocks (0)
9. checking loops (0)
10. checking partial_input_delay (0)
11. checking partial_output_delay (0)
12. checking latch_loops (0)

1. checking no_clock (0)
------------------------
 There are 0 register/latch pins with no clock.


2. checking constant_clock (0)
------------------------------
 There are 0 register/latch pins with constant_clock.


3. checking pulse_width_clock (0)
---------------------------------
 There are 0 register/latch pins which need pulse_width check


4. checking unconstrained_internal_endpoints (0)
------------------------------------------------
 There are 0 pins that are not constrained for maximum delay.

 There are 0 pins that are not constrained for maximum delay due to constant clock.


5. checking no_input_delay (3)
------------------------------
 There are 3 input ports with no input delay specified. (HIGH)

 There are 0 input ports with no input delay but user has a false path constraint.


6. checking no_output_delay (4)
-------------------------------
 There are 4 ports with no output delay specified. (HIGH)

 There are 0 ports with no output delay but user has a false path constraint

 There are 0 ports with no output delay but with a timing clock defined on it or propagating through it


7. checking multiple_clock (0)
------------------------------
 There are 0 register/latch pins with multiple clocks.


8. checking generated_clocks (0)
--------------------------------
 There are 0 generated clocks that are not connected to a clock source.


9. checking loops (0)
---------------------
 There are 0 combinational loops in the design.


10. checking partial_input_delay (0)
------------------------------------
 There are 0 input ports with partial input delay specified.


11. checking partial_output_delay (0)
-------------------------------------
 There are 0 ports with partial output delay specified.


12. checking latch_loops (0)
----------------------------
 There are 0 combinational latch loops in the design through latch input



------------------------------------------------------------------------------------------------
| Design Timing Summary
| ---------------------
------------------------------------------------------------------------------------------------

    WNS(ns)      TNS(ns)  TNS Failing Endpoints  TNS Total Endpoints      WHS(ns)      THS(ns)  THS Failing Endpoints  THS Total Endpoints     WPWS(ns)     TPWS(ns)  TPWS Failing Endpoints  TPWS Total Endpoints  
    -------      -------  ---------------------  -------------------      -------      -------  ---------------------  -------------------     --------     --------  ----------------------  --------------------  
     22.465        0.000                      0                  102        0.201        0.000                      0                  102        3.000        0.000                       0                    81  


All user specified timing constraints are met.


------------------------------------------------------------------------------------------------
| Clock Summary
| -------------
------------------------------------------------------------------------------------------------

Clock                 Waveform(ns)       Period(ns)      Frequency(MHz)
-----                 ------------       ----------      --------------
sys_clk               {0.000 5.000}      10.000          100.000         
  clk_out1_clk_wiz_0  {0.000 15.152}     30.303          33.000          
  clkfbout_clk_wiz_0  {0.000 20.000}     40.000          25.000          


------------------------------------------------------------------------------------------------
| Intra Clock Table
| -----------------
------------------------------------------------------------------------------------------------

Clock                     WNS(ns)      TNS(ns)  TNS Failing Endpoints  TNS Total Endpoints      WHS(ns)      THS(ns)  THS Failing Endpoints  THS Total Endpoints     WPWS(ns)     TPWS(ns)  TPWS Failing Endpoints  TPWS Total Endpoints  
-----                     -------      -------  ---------------------  -------------------      -------      -------  ---------------------  -------------------     --------     --------  ----------------------  --------------------  
sys_clk                                                                                                                                                                 3.000        0.000                       0                     1  
  clk_out1_clk_wiz_0       22.465        0.000                      0                  102        0.201        0.000                      0                  102       14.652        0.000                       0                    77  
  clkfbout_clk_wiz_0                                                                                                                                                   12.633        0.000                       0                     3  


------------------------------------------------------------------------------------------------
| Inter Clock Table
| -----------------
------------------------------------------------------------------------------------------------

From Clock    To Clock          WNS(ns)      TNS(ns)  TNS Failing Endpoints  TNS Total Endpoints      WHS(ns)      THS(ns)  THS Failing Endpoints  THS Total Endpoints  
----------    --------          -------      -------  ---------------------  -------------------      -------      -------  ---------------------  -------------------  


------------------------------------------------------------------------------------------------
| Other Path Groups Table
| -----------------------
------------------------------------------------------------------------------------------------

Path Group    From Clock    To Clock          WNS(ns)      TNS(ns)  TNS Failing Endpoints  TNS Total Endpoints      WHS(ns)      THS(ns)  THS Failing Endpoints  THS Total Endpoints  
----------    ----------    --------          -------      -------  ---------------------  -------------------      -------      -------  ---------------------  -------------------  


------------------------------------------------------------------------------------------------
| User Ignored Path Table
| -----------------------
------------------------------------------------------------------------------------------------

Path Group    From Clock    To Clock    
----------    ----------    --------    


------------------------------------------------------------------------------------------------
| Unconstrained Path Table
| ------------------------
------------------------------------------------------------------------------------------------

Path Group          From Clock          To Clock          
----------          ----------          --------          
(none)              clk_out1_clk_wiz_0                      
(none)              clkfbout_clk_wiz_0                      
(none)                                  clk_out1_clk_wiz_0  


------------------------------------------------------------------------------------------------
| Timing Details
| --------------
------------------------------------------------------------------------------------------------


---------------------------------------------------------------------------------------------------
From Clock:  sys_clk
  To Clock:  sys_clk

Setup :           NA  Failing Endpoints,  Worst Slack           NA  ,  Total Violation           NA
Hold  :           NA  Failing Endpoints,  Worst Slack           NA  ,  Total Violation           NA
PW    :            0  Failing Endpoints,  Worst Slack        3.000ns,  Total Violation        0.000ns
---------------------------------------------------------------------------------------------------


Pulse Width Checks
--------------------------------------------------------------------------------------
Clock Name:         sys_clk
Waveform(ns):       { 0.000 5.000 }
Period(ns):         10.000
Sources:            { sys_clk }

Check Type        Corner  Lib Pin           Reference Pin  Required(ns)  Actual(ns)  Slack(ns)  Location        Pin
Min Period        n/a     PLLE2_ADV/CLKIN1  n/a            1.249         10.000      8.751      PLLE2_ADV_X0Y0  clk_wiz_0_inst/inst/plle2_adv_inst/CLKIN1
Max Period        n/a     PLLE2_ADV/CLKIN1  n/a            52.633        10.000      42.633     PLLE2_ADV_X0Y0  clk_wiz_0_inst/inst/plle2_adv_inst/CLKIN1
Low Pulse Width   Slow    PLLE2_ADV/CLKIN1  n/a            2.000         5.000       3.000      PLLE2_ADV_X0Y0  clk_wiz_0_inst/inst/plle2_adv_inst/CLKIN1
Low Pulse Width   Fast    PLLE2_ADV/CLKIN1  n/a            2.000         5.000       3.000      PLLE2_ADV_X0Y0  clk_wiz_0_inst/inst/plle2_adv_inst/CLKIN1
High Pulse Width  Slow    PLLE2_ADV/CLKIN1  n/a            2.000         5.000       3.000      PLLE2_ADV_X0Y0  clk_wiz_0_inst/inst/plle2_adv_inst/CLKIN1
High Pulse Width  Fast    PLLE2_ADV/CLKIN1  n/a            2.000         5.000       3.000      PLLE2_ADV_X0Y0  clk_wiz_0_inst/inst/plle2_adv_inst/CLKIN1



---------------------------------------------------------------------------------------------------
From Clock:  clk_out1_clk_wiz_0
  To Clock:  clk_out1_clk_wiz_0

Setup :            0  Failing Endpoints,  Worst Slack       22.465ns,  Total Violation        0.000ns
Hold  :            0  Failing Endpoints,  Worst Slack        0.201ns,  Total Violation        0.000ns
PW    :            0  Failing Endpoints,  Worst Slack       14.652ns,  Total Violation        0.000ns
---------------------------------------------------------------------------------------------------


Max Delay Paths
--------------------------------------------------------------------------------------
Slack (MET) :             22.465ns  (required time - arrival time)
  Source:                 lcd_ctrl_inst/cnt_h_reg[9]/C
                            (rising edge-triggered cell FDCE clocked by clk_out1_clk_wiz_0  {rise@0.000ns fall@15.152ns period=30.303ns})
  Destination:            lcd_pic_inst/pix_data_reg[15]/D
                            (rising edge-triggered cell FDCE clocked by clk_out1_clk_wiz_0  {rise@0.000ns fall@15.152ns period=30.303ns})
  Path Group:             clk_out1_clk_wiz_0
  Path Type:              Setup (Max at Slow Process Corner)
  Requirement:            30.303ns  (clk_out1_clk_wiz_0 rise@30.303ns - clk_out1_clk_wiz_0 rise@0.000ns)
  Data Path Delay:        7.339ns  (logic 2.190ns (29.841%)  route 5.149ns (70.159%))
  Logic Levels:           6  (CARRY4=2 LUT4=2 LUT5=1 LUT6=1)
  Clock Path Skew:        -0.360ns (DCD - SCD + CPR)
    Destination Clock Delay (DCD):    -1.905ns = ( 28.398 - 30.303 ) 
    Source Clock Delay      (SCD):    -2.059ns
    Clock Pessimism Removal (CPR):    -0.514ns
  Clock Uncertainty:      0.170ns  ((TSJ^2 + DJ^2)^1/2) / 2 + PE
    Total System Jitter     (TSJ):    0.071ns
    Discrete Jitter          (DJ):    0.333ns
    Phase Error              (PE):    0.000ns

    Location             Delay type                Incr(ns)  Path(ns)    Netlist Resource(s)
  -------------------------------------------------------------------    -------------------
                         (clock clk_out1_clk_wiz_0 rise edge)
                                                      0.000     0.000 r  
    Y9                                                0.000     0.000 r  sys_clk (IN)
                         net (fo=0)                   0.000     0.000    clk_wiz_0_inst/inst/clk_in1
    Y9                   IBUF (Prop_ibuf_I_O)         1.490     1.490 r  clk_wiz_0_inst/inst/clkin1_ibufg/O
                         net (fo=1, routed)           1.306     2.796    clk_wiz_0_inst/inst/clk_in1_clk_wiz_0
    PLLE2_ADV_X0Y0       PLLE2_ADV (Prop_plle2_adv_CLKIN1_CLKOUT0)
                                                     -8.866    -6.070 r  clk_wiz_0_inst/inst/plle2_adv_inst/CLKOUT0
                         net (fo=1, routed)           1.849    -4.221    clk_wiz_0_inst/inst/clk_out1_clk_wiz_0
    BUFGCTRL_X0Y0        BUFG (Prop_bufg_I_O)         0.101    -4.120 r  clk_wiz_0_inst/inst/clkout1_buf/O
                         net (fo=76, routed)          2.061    -2.059    lcd_ctrl_inst/clk_out1
    SLICE_X111Y100       FDCE                                         r  lcd_ctrl_inst/cnt_h_reg[9]/C
  -------------------------------------------------------------------    -------------------
    SLICE_X111Y100       FDCE (Prop_fdce_C_Q)         0.456    -1.603 f  lcd_ctrl_inst/cnt_h_reg[9]/Q
                         net (fo=6, routed)           1.177    -0.425    lcd_ctrl_inst/cnt_h_reg_n_0_[9]
    SLICE_X110Y99        LUT4 (Prop_lut4_I0_O)        0.154    -0.271 f  lcd_ctrl_inst/rgb_lcd_OBUF[15]_inst_i_5/O
                         net (fo=16, routed)          1.005     0.734    lcd_ctrl_inst/rgb_lcd_OBUF[15]_inst_i_5_n_0
    SLICE_X113Y98        LUT6 (Prop_lut6_I4_O)        0.327     1.061 r  lcd_ctrl_inst/pix_data4_carry_i_10/O
                         net (fo=49, routed)          1.872     2.934    lcd_ctrl_inst/pix_data4_carry_i_10_n_0
    SLICE_X107Y94        LUT5 (Prop_lut5_I3_O)        0.152     3.086 r  lcd_ctrl_inst/i___0_carry__0_i_2/O
                         net (fo=1, routed)           0.654     3.740    lcd_pic_inst/_inferred__2/i___0_carry__1_0[2]
    SLICE_X108Y94        CARRY4 (Prop_carry4_DI[2]_CO[3])
                                                      0.612     4.352 r  lcd_pic_inst/_inferred__2/i___0_carry__0/CO[3]
                         net (fo=1, routed)           0.000     4.352    lcd_pic_inst/_inferred__2/i___0_carry__0_n_0
    SLICE_X108Y95        CARRY4 (Prop_carry4_CI_CO[1])
                                                      0.157     4.509 f  lcd_pic_inst/_inferred__2/i___0_carry__1/CO[1]
                         net (fo=1, routed)           0.439     4.948    lcd_ctrl_inst/pix_data_reg[15]_1[0]
    SLICE_X109Y98        LUT4 (Prop_lut4_I3_O)        0.332     5.280 r  lcd_ctrl_inst/pix_data[15]_i_1/O
                         net (fo=1, routed)           0.000     5.280    lcd_pic_inst/pix_data_reg[15]_0
    SLICE_X109Y98        FDCE                                         r  lcd_pic_inst/pix_data_reg[15]/D
  -------------------------------------------------------------------    -------------------

                         (clock clk_out1_clk_wiz_0 rise edge)
                                                     30.303    30.303 r  
    Y9                                                0.000    30.303 r  sys_clk (IN)
                         net (fo=0)                   0.000    30.303    clk_wiz_0_inst/inst/clk_in1
    Y9                   IBUF (Prop_ibuf_I_O)         1.420    31.723 r  clk_wiz_0_inst/inst/clkin1_ibufg/O
                         net (fo=1, routed)           1.181    32.904    clk_wiz_0_inst/inst/clk_in1_clk_wiz_0
    PLLE2_ADV_X0Y0       PLLE2_ADV (Prop_plle2_adv_CLKIN1_CLKOUT0)
                                                     -7.970    24.934 r  clk_wiz_0_inst/inst/plle2_adv_inst/CLKOUT0
                         net (fo=1, routed)           1.686    26.620    clk_wiz_0_inst/inst/clk_out1_clk_wiz_0
    BUFGCTRL_X0Y0        BUFG (Prop_bufg_I_O)         0.091    26.711 r  clk_wiz_0_inst/inst/clkout1_buf/O
                         net (fo=76, routed)          1.687    28.398    lcd_pic_inst/clk_out1
    SLICE_X109Y98        FDCE                                         r  lcd_pic_inst/pix_data_reg[15]/C
                         clock pessimism             -0.514    27.884    
                         clock uncertainty           -0.170    27.714    
    SLICE_X109Y98        FDCE (Setup_fdce_C_D)        0.031    27.745    lcd_pic_inst/pix_data_reg[15]
  -------------------------------------------------------------------
                         required time                         27.745    
                         arrival time                          -5.280    
  -------------------------------------------------------------------
                         slack                                 22.465    

Slack (MET) :             24.928ns  (required time - arrival time)
  Source:                 lcd_ctrl_inst/cnt_h_reg[9]/C
                            (rising edge-triggered cell FDCE clocked by clk_out1_clk_wiz_0  {rise@0.000ns fall@15.152ns period=30.303ns})
  Destination:            lcd_ctrl_inst/cnt_v_reg[1]/CE
                            (rising edge-triggered cell FDCE clocked by clk_out1_clk_wiz_0  {rise@0.000ns fall@15.152ns period=30.303ns})
  Path Group:             clk_out1_clk_wiz_0
  Path Type:              Setup (Max at Slow Process Corner)
  Requirement:            30.303ns  (clk_out1_clk_wiz_0 rise@30.303ns - clk_out1_clk_wiz_0 rise@0.000ns)
  Data Path Delay:        4.638ns  (logic 0.937ns (20.202%)  route 3.701ns (79.798%))
  Logic Levels:           2  (LUT4=1 LUT5=1)
  Clock Path Skew:        -0.361ns (DCD - SCD + CPR)
    Destination Clock Delay (DCD):    -1.906ns = ( 28.397 - 30.303 ) 
    Source Clock Delay      (SCD):    -2.059ns
    Clock Pessimism Removal (CPR):    -0.514ns
  Clock Uncertainty:      0.170ns  ((TSJ^2 + DJ^2)^1/2) / 2 + PE
    Total System Jitter     (TSJ):    0.071ns
    Discrete Jitter          (DJ):    0.333ns
    Phase Error              (PE):    0.000ns

    Location             Delay type                Incr(ns)  Path(ns)    Netlist Resource(s)
  -------------------------------------------------------------------    -------------------
                         (clock clk_out1_clk_wiz_0 rise edge)
                                                      0.000     0.000 r  
    Y9                                                0.000     0.000 r  sys_clk (IN)
                         net (fo=0)                   0.000     0.000    clk_wiz_0_inst/inst/clk_in1
    Y9                   IBUF (Prop_ibuf_I_O)         1.490     1.490 r  clk_wiz_0_inst/inst/clkin1_ibufg/O
                         net (fo=1, routed)           1.306     2.796    clk_wiz_0_inst/inst/clk_in1_clk_wiz_0
    PLLE2_ADV_X0Y0       PLLE2_ADV (Prop_plle2_adv_CLKIN1_CLKOUT0)
                                                     -8.866    -6.070 r  clk_wiz_0_inst/inst/plle2_adv_inst/CLKOUT0
                         net (fo=1, routed)           1.849    -4.221    clk_wiz_0_inst/inst/clk_out1_clk_wiz_0
    BUFGCTRL_X0Y0        BUFG (Prop_bufg_I_O)         0.101    -4.120 r  clk_wiz_0_inst/inst/clkout1_buf/O
                         net (fo=76, routed)          2.061    -2.059    lcd_ctrl_inst/clk_out1
    SLICE_X111Y100       FDCE                                         r  lcd_ctrl_inst/cnt_h_reg[9]/C
  -------------------------------------------------------------------    -------------------
    SLICE_X111Y100       FDCE (Prop_fdce_C_Q)         0.456    -1.603 f  lcd_ctrl_inst/cnt_h_reg[9]/Q
                         net (fo=6, routed)           1.177    -0.425    lcd_ctrl_inst/cnt_h_reg_n_0_[9]
    SLICE_X110Y99        LUT4 (Prop_lut4_I0_O)        0.154    -0.271 f  lcd_ctrl_inst/rgb_lcd_OBUF[15]_inst_i_5/O
                         net (fo=16, routed)          1.112     0.841    lcd_ctrl_inst/rgb_lcd_OBUF[15]_inst_i_5_n_0
    SLICE_X110Y97        LUT5 (Prop_lut5_I4_O)        0.327     1.168 r  lcd_ctrl_inst/cnt_v[9]_i_1/O
                         net (fo=10, routed)          1.411     2.579    lcd_ctrl_inst/cnt_v_0
    SLICE_X109Y93        FDCE                                         r  lcd_ctrl_inst/cnt_v_reg[1]/CE
  -------------------------------------------------------------------    -------------------

                         (clock clk_out1_clk_wiz_0 rise edge)
                                                     30.303    30.303 r  
    Y9                                                0.000    30.303 r  sys_clk (IN)
                         net (fo=0)                   0.000    30.303    clk_wiz_0_inst/inst/clk_in1
    Y9                   IBUF (Prop_ibuf_I_O)         1.420    31.723 r  clk_wiz_0_inst/inst/clkin1_ibufg/O
                         net (fo=1, routed)           1.181    32.904    clk_wiz_0_inst/inst/clk_in1_clk_wiz_0
    PLLE2_ADV_X0Y0       PLLE2_ADV (Prop_plle2_adv_CLKIN1_CLKOUT0)
                                                     -7.970    24.934 r  clk_wiz_0_inst/inst/plle2_adv_inst/CLKOUT0
                         net (fo=1, routed)           1.686    26.620    clk_wiz_0_inst/inst/clk_out1_clk_wiz_0
    BUFGCTRL_X0Y0        BUFG (Prop_bufg_I_O)         0.091    26.711 r  clk_wiz_0_inst/inst/clkout1_buf/O
                         net (fo=76, routed)          1.686    28.397    lcd_ctrl_inst/clk_out1
    SLICE_X109Y93        FDCE                                         r  lcd_ctrl_inst/cnt_v_reg[1]/C
                         clock pessimism             -0.514    27.883    
                         clock uncertainty           -0.170    27.713    
    SLICE_X109Y93        FDCE (Setup_fdce_C_CE)      -0.205    27.508    lcd_ctrl_inst/cnt_v_reg[1]
  -------------------------------------------------------------------
                         required time                         27.508    
                         arrival time                          -2.579    
  -------------------------------------------------------------------
                         slack                                 24.928    

Slack (MET) :             25.100ns  (required time - arrival time)
  Source:                 lcd_ctrl_inst/cnt_h_reg[9]/C
                            (rising edge-triggered cell FDCE clocked by clk_out1_clk_wiz_0  {rise@0.000ns fall@15.152ns period=30.303ns})
  Destination:            lcd_ctrl_inst/cnt_v_reg[0]/CE
                            (rising edge-triggered cell FDCE clocked by clk_out1_clk_wiz_0  {rise@0.000ns fall@15.152ns period=30.303ns})
  Path Group:             clk_out1_clk_wiz_0
  Path Type:              Setup (Max at Slow Process Corner)
  Requirement:            30.303ns  (clk_out1_clk_wiz_0 rise@30.303ns - clk_out1_clk_wiz_0 rise@0.000ns)
  Data Path Delay:        4.466ns  (logic 0.937ns (20.981%)  route 3.529ns (79.019%))
  Logic Levels:           2  (LUT4=1 LUT5=1)
  Clock Path Skew:        -0.361ns (DCD - SCD + CPR)
    Destination Clock Delay (DCD):    -1.906ns = ( 28.397 - 30.303 ) 
    Source Clock Delay      (SCD):    -2.059ns
    Clock Pessimism Removal (CPR):    -0.514ns
  Clock Uncertainty:      0.170ns  ((TSJ^2 + DJ^2)^1/2) / 2 + PE
    Total System Jitter     (TSJ):    0.071ns
    Discrete Jitter          (DJ):    0.333ns
    Phase Error              (PE):    0.000ns

    Location             Delay type                Incr(ns)  Path(ns)    Netlist Resource(s)
  -------------------------------------------------------------------    -------------------
                         (clock clk_out1_clk_wiz_0 rise edge)
                                                      0.000     0.000 r  
    Y9                                                0.000     0.000 r  sys_clk (IN)
                         net (fo=0)                   0.000     0.000    clk_wiz_0_inst/inst/clk_in1
    Y9                   IBUF (Prop_ibuf_I_O)         1.490     1.490 r  clk_wiz_0_inst/inst/clkin1_ibufg/O
                         net (fo=1, routed)           1.306     2.796    clk_wiz_0_inst/inst/clk_in1_clk_wiz_0
    PLLE2_ADV_X0Y0       PLLE2_ADV (Prop_plle2_adv_CLKIN1_CLKOUT0)
                                                     -8.866    -6.070 r  clk_wiz_0_inst/inst/plle2_adv_inst/CLKOUT0
                         net (fo=1, routed)           1.849    -4.221    clk_wiz_0_inst/inst/clk_out1_clk_wiz_0
    BUFGCTRL_X0Y0        BUFG (Prop_bufg_I_O)         0.101    -4.120 r  clk_wiz_0_inst/inst/clkout1_buf/O
                         net (fo=76, routed)          2.061    -2.059    lcd_ctrl_inst/clk_out1
    SLICE_X111Y100       FDCE                                         r  lcd_ctrl_inst/cnt_h_reg[9]/C
  -------------------------------------------------------------------    -------------------
    SLICE_X111Y100       FDCE (Prop_fdce_C_Q)         0.456    -1.603 f  lcd_ctrl_inst/cnt_h_reg[9]/Q
                         net (fo=6, routed)           1.177    -0.425    lcd_ctrl_inst/cnt_h_reg_n_0_[9]
    SLICE_X110Y99        LUT4 (Prop_lut4_I0_O)        0.154    -0.271 f  lcd_ctrl_inst/rgb_lcd_OBUF[15]_inst_i_5/O
                         net (fo=16, routed)          1.112     0.841    lcd_ctrl_inst/rgb_lcd_OBUF[15]_inst_i_5_n_0
    SLICE_X110Y97        LUT5 (Prop_lut5_I4_O)        0.327     1.168 r  lcd_ctrl_inst/cnt_v[9]_i_1/O
                         net (fo=10, routed)          1.239     2.407    lcd_ctrl_inst/cnt_v_0
    SLICE_X106Y93        FDCE                                         r  lcd_ctrl_inst/cnt_v_reg[0]/CE
  -------------------------------------------------------------------    -------------------

                         (clock clk_out1_clk_wiz_0 rise edge)
                                                     30.303    30.303 r  
    Y9                                                0.000    30.303 r  sys_clk (IN)
                         net (fo=0)                   0.000    30.303    clk_wiz_0_inst/inst/clk_in1
    Y9                   IBUF (Prop_ibuf_I_O)         1.420    31.723 r  clk_wiz_0_inst/inst/clkin1_ibufg/O
                         net (fo=1, routed)           1.181    32.904    clk_wiz_0_inst/inst/clk_in1_clk_wiz_0
    PLLE2_ADV_X0Y0       PLLE2_ADV (Prop_plle2_adv_CLKIN1_CLKOUT0)
                                                     -7.970    24.934 r  clk_wiz_0_inst/inst/plle2_adv_inst/CLKOUT0
                         net (fo=1, routed)           1.686    26.620    clk_wiz_0_inst/inst/clk_out1_clk_wiz_0
    BUFGCTRL_X0Y0        BUFG (Prop_bufg_I_O)         0.091    26.711 r  clk_wiz_0_inst/inst/clkout1_buf/O
                         net (fo=76, routed)          1.686    28.397    lcd_ctrl_inst/clk_out1
    SLICE_X106Y93        FDCE                                         r  lcd_ctrl_inst/cnt_v_reg[0]/C
                         clock pessimism             -0.514    27.883    
                         clock uncertainty           -0.170    27.713    
    SLICE_X106Y93        FDCE (Setup_fdce_C_CE)      -0.205    27.508    lcd_ctrl_inst/cnt_v_reg[0]
  -------------------------------------------------------------------
                         required time                         27.508    
                         arrival time                          -2.407    
  -------------------------------------------------------------------
                         slack                                 25.100    

Slack (MET) :             25.100ns  (required time - arrival time)
  Source:                 lcd_ctrl_inst/cnt_h_reg[9]/C
                            (rising edge-triggered cell FDCE clocked by clk_out1_clk_wiz_0  {rise@0.000ns fall@15.152ns period=30.303ns})
  Destination:            lcd_ctrl_inst/cnt_v_reg[2]/CE
                            (rising edge-triggered cell FDCE clocked by clk_out1_clk_wiz_0  {rise@0.000ns fall@15.152ns period=30.303ns})
  Path Group:             clk_out1_clk_wiz_0
  Path Type:              Setup (Max at Slow Process Corner)
  Requirement:            30.303ns  (clk_out1_clk_wiz_0 rise@30.303ns - clk_out1_clk_wiz_0 rise@0.000ns)
  Data Path Delay:        4.466ns  (logic 0.937ns (20.981%)  route 3.529ns (79.019%))
  Logic Levels:           2  (LUT4=1 LUT5=1)
  Clock Path Skew:        -0.361ns (DCD - SCD + CPR)
    Destination Clock Delay (DCD):    -1.906ns = ( 28.397 - 30.303 ) 
    Source Clock Delay      (SCD):    -2.059ns
    Clock Pessimism Removal (CPR):    -0.514ns
  Clock Uncertainty:      0.170ns  ((TSJ^2 + DJ^2)^1/2) / 2 + PE
    Total System Jitter     (TSJ):    0.071ns
    Discrete Jitter          (DJ):    0.333ns
    Phase Error              (PE):    0.000ns

    Location             Delay type                Incr(ns)  Path(ns)    Netlist Resource(s)
  -------------------------------------------------------------------    -------------------
                         (clock clk_out1_clk_wiz_0 rise edge)
                                                      0.000     0.000 r  
    Y9                                                0.000     0.000 r  sys_clk (IN)
                         net (fo=0)                   0.000     0.000    clk_wiz_0_inst/inst/clk_in1
    Y9                   IBUF (Prop_ibuf_I_O)         1.490     1.490 r  clk_wiz_0_inst/inst/clkin1_ibufg/O
                         net (fo=1, routed)           1.306     2.796    clk_wiz_0_inst/inst/clk_in1_clk_wiz_0
    PLLE2_ADV_X0Y0       PLLE2_ADV (Prop_plle2_adv_CLKIN1_CLKOUT0)
                                                     -8.866    -6.070 r  clk_wiz_0_inst/inst/plle2_adv_inst/CLKOUT0
                         net (fo=1, routed)           1.849    -4.221    clk_wiz_0_inst/inst/clk_out1_clk_wiz_0
    BUFGCTRL_X0Y0        BUFG (Prop_bufg_I_O)         0.101    -4.120 r  clk_wiz_0_inst/inst/clkout1_buf/O
                         net (fo=76, routed)          2.061    -2.059    lcd_ctrl_inst/clk_out1
    SLICE_X111Y100       FDCE                                         r  lcd_ctrl_inst/cnt_h_reg[9]/C
  -------------------------------------------------------------------    -------------------
    SLICE_X111Y100       FDCE (Prop_fdce_C_Q)         0.456    -1.603 f  lcd_ctrl_inst/cnt_h_reg[9]/Q
                         net (fo=6, routed)           1.177    -0.425    lcd_ctrl_inst/cnt_h_reg_n_0_[9]
    SLICE_X110Y99        LUT4 (Prop_lut4_I0_O)        0.154    -0.271 f  lcd_ctrl_inst/rgb_lcd_OBUF[15]_inst_i_5/O
                         net (fo=16, routed)          1.112     0.841    lcd_ctrl_inst/rgb_lcd_OBUF[15]_inst_i_5_n_0
    SLICE_X110Y97        LUT5 (Prop_lut5_I4_O)        0.327     1.168 r  lcd_ctrl_inst/cnt_v[9]_i_1/O
                         net (fo=10, routed)          1.239     2.407    lcd_ctrl_inst/cnt_v_0
    SLICE_X106Y93        FDCE                                         r  lcd_ctrl_inst/cnt_v_reg[2]/CE
  -------------------------------------------------------------------    -------------------

                         (clock clk_out1_clk_wiz_0 rise edge)
                                                     30.303    30.303 r  
    Y9                                                0.000    30.303 r  sys_clk (IN)
                         net (fo=0)                   0.000    30.303    clk_wiz_0_inst/inst/clk_in1
    Y9                   IBUF (Prop_ibuf_I_O)         1.420    31.723 r  clk_wiz_0_inst/inst/clkin1_ibufg/O
                         net (fo=1, routed)           1.181    32.904    clk_wiz_0_inst/inst/clk_in1_clk_wiz_0
    PLLE2_ADV_X0Y0       PLLE2_ADV (Prop_plle2_adv_CLKIN1_CLKOUT0)
                                                     -7.970    24.934 r  clk_wiz_0_inst/inst/plle2_adv_inst/CLKOUT0
                         net (fo=1, routed)           1.686    26.620    clk_wiz_0_inst/inst/clk_out1_clk_wiz_0
    BUFGCTRL_X0Y0        BUFG (Prop_bufg_I_O)         0.091    26.711 r  clk_wiz_0_inst/inst/clkout1_buf/O
                         net (fo=76, routed)          1.686    28.397    lcd_ctrl_inst/clk_out1
    SLICE_X106Y93        FDCE                                         r  lcd_ctrl_inst/cnt_v_reg[2]/C
                         clock pessimism             -0.514    27.883    
                         clock uncertainty           -0.170    27.713    
    SLICE_X106Y93        FDCE (Setup_fdce_C_CE)      -0.205    27.508    lcd_ctrl_inst/cnt_v_reg[2]
  -------------------------------------------------------------------
                         required time                         27.508    
                         arrival time                          -2.407    
  -------------------------------------------------------------------
                         slack                                 25.100    

Slack (MET) :             25.100ns  (required time - arrival time)
  Source:                 lcd_ctrl_inst/cnt_h_reg[9]/C
                            (rising edge-triggered cell FDCE clocked by clk_out1_clk_wiz_0  {rise@0.000ns fall@15.152ns period=30.303ns})
  Destination:            lcd_ctrl_inst/cnt_v_reg[5]/CE
                            (rising edge-triggered cell FDCE clocked by clk_out1_clk_wiz_0  {rise@0.000ns fall@15.152ns period=30.303ns})
  Path Group:             clk_out1_clk_wiz_0
  Path Type:              Setup (Max at Slow Process Corner)
  Requirement:            30.303ns  (clk_out1_clk_wiz_0 rise@30.303ns - clk_out1_clk_wiz_0 rise@0.000ns)
  Data Path Delay:        4.466ns  (logic 0.937ns (20.981%)  route 3.529ns (79.019%))
  Logic Levels:           2  (LUT4=1 LUT5=1)
  Clock Path Skew:        -0.361ns (DCD - SCD + CPR)
    Destination Clock Delay (DCD):    -1.906ns = ( 28.397 - 30.303 ) 
    Source Clock Delay      (SCD):    -2.059ns
    Clock Pessimism Removal (CPR):    -0.514ns
  Clock Uncertainty:      0.170ns  ((TSJ^2 + DJ^2)^1/2) / 2 + PE
    Total System Jitter     (TSJ):    0.071ns
    Discrete Jitter          (DJ):    0.333ns
    Phase Error              (PE):    0.000ns

    Location             Delay type                Incr(ns)  Path(ns)    Netlist Resource(s)
  -------------------------------------------------------------------    -------------------
                         (clock clk_out1_clk_wiz_0 rise edge)
                                                      0.000     0.000 r  
    Y9                                                0.000     0.000 r  sys_clk (IN)
                         net (fo=0)                   0.000     0.000    clk_wiz_0_inst/inst/clk_in1
    Y9                   IBUF (Prop_ibuf_I_O)         1.490     1.490 r  clk_wiz_0_inst/inst/clkin1_ibufg/O
                         net (fo=1, routed)           1.306     2.796    clk_wiz_0_inst/inst/clk_in1_clk_wiz_0
    PLLE2_ADV_X0Y0       PLLE2_ADV (Prop_plle2_adv_CLKIN1_CLKOUT0)
                                                     -8.866    -6.070 r  clk_wiz_0_inst/inst/plle2_adv_inst/CLKOUT0
                         net (fo=1, routed)           1.849    -4.221    clk_wiz_0_inst/inst/clk_out1_clk_wiz_0
    BUFGCTRL_X0Y0        BUFG (Prop_bufg_I_O)         0.101    -4.120 r  clk_wiz_0_inst/inst/clkout1_buf/O
                         net (fo=76, routed)          2.061    -2.059    lcd_ctrl_inst/clk_out1
    SLICE_X111Y100       FDCE                                         r  lcd_ctrl_inst/cnt_h_reg[9]/C
  -------------------------------------------------------------------    -------------------
    SLICE_X111Y100       FDCE (Prop_fdce_C_Q)         0.456    -1.603 f  lcd_ctrl_inst/cnt_h_reg[9]/Q
                         net (fo=6, routed)           1.177    -0.425    lcd_ctrl_inst/cnt_h_reg_n_0_[9]
    SLICE_X110Y99        LUT4 (Prop_lut4_I0_O)        0.154    -0.271 f  lcd_ctrl_inst/rgb_lcd_OBUF[15]_inst_i_5/O
                         net (fo=16, routed)          1.112     0.841    lcd_ctrl_inst/rgb_lcd_OBUF[15]_inst_i_5_n_0
    SLICE_X110Y97        LUT5 (Prop_lut5_I4_O)        0.327     1.168 r  lcd_ctrl_inst/cnt_v[9]_i_1/O
                         net (fo=10, routed)          1.239     2.407    lcd_ctrl_inst/cnt_v_0
    SLICE_X106Y93        FDCE                                         r  lcd_ctrl_inst/cnt_v_reg[5]/CE
  -------------------------------------------------------------------    -------------------

                         (clock clk_out1_clk_wiz_0 rise edge)
                                                     30.303    30.303 r  
    Y9                                                0.000    30.303 r  sys_clk (IN)
                         net (fo=0)                   0.000    30.303    clk_wiz_0_inst/inst/clk_in1
    Y9                   IBUF (Prop_ibuf_I_O)         1.420    31.723 r  clk_wiz_0_inst/inst/clkin1_ibufg/O
                         net (fo=1, routed)           1.181    32.904    clk_wiz_0_inst/inst/clk_in1_clk_wiz_0
    PLLE2_ADV_X0Y0       PLLE2_ADV (Prop_plle2_adv_CLKIN1_CLKOUT0)
                                                     -7.970    24.934 r  clk_wiz_0_inst/inst/plle2_adv_inst/CLKOUT0
                         net (fo=1, routed)           1.686    26.620    clk_wiz_0_inst/inst/clk_out1_clk_wiz_0
    BUFGCTRL_X0Y0        BUFG (Prop_bufg_I_O)         0.091    26.711 r  clk_wiz_0_inst/inst/clkout1_buf/O
                         net (fo=76, routed)          1.686    28.397    lcd_ctrl_inst/clk_out1
    SLICE_X106Y93        FDCE                                         r  lcd_ctrl_inst/cnt_v_reg[5]/C
                         clock pessimism             -0.514    27.883    
                         clock uncertainty           -0.170    27.713    
    SLICE_X106Y93        FDCE (Setup_fdce_C_CE)      -0.205    27.508    lcd_ctrl_inst/cnt_v_reg[5]
  -------------------------------------------------------------------
                         required time                         27.508    
                         arrival time                          -2.407    
  -------------------------------------------------------------------
                         slack                                 25.100    

Slack (MET) :             25.100ns  (required time - arrival time)
  Source:                 lcd_ctrl_inst/cnt_h_reg[9]/C
                            (rising edge-triggered cell FDCE clocked by clk_out1_clk_wiz_0  {rise@0.000ns fall@15.152ns period=30.303ns})
  Destination:            lcd_ctrl_inst/cnt_v_reg[9]/CE
                            (rising edge-triggered cell FDCE clocked by clk_out1_clk_wiz_0  {rise@0.000ns fall@15.152ns period=30.303ns})
  Path Group:             clk_out1_clk_wiz_0
  Path Type:              Setup (Max at Slow Process Corner)
  Requirement:            30.303ns  (clk_out1_clk_wiz_0 rise@30.303ns - clk_out1_clk_wiz_0 rise@0.000ns)
  Data Path Delay:        4.466ns  (logic 0.937ns (20.981%)  route 3.529ns (79.019%))
  Logic Levels:           2  (LUT4=1 LUT5=1)
  Clock Path Skew:        -0.361ns (DCD - SCD + CPR)
    Destination Clock Delay (DCD):    -1.906ns = ( 28.397 - 30.303 ) 
    Source Clock Delay      (SCD):    -2.059ns
    Clock Pessimism Removal (CPR):    -0.514ns
  Clock Uncertainty:      0.170ns  ((TSJ^2 + DJ^2)^1/2) / 2 + PE
    Total System Jitter     (TSJ):    0.071ns
    Discrete Jitter          (DJ):    0.333ns
    Phase Error              (PE):    0.000ns

    Location             Delay type                Incr(ns)  Path(ns)    Netlist Resource(s)
  -------------------------------------------------------------------    -------------------
                         (clock clk_out1_clk_wiz_0 rise edge)
                                                      0.000     0.000 r  
    Y9                                                0.000     0.000 r  sys_clk (IN)
                         net (fo=0)                   0.000     0.000    clk_wiz_0_inst/inst/clk_in1
    Y9                   IBUF (Prop_ibuf_I_O)         1.490     1.490 r  clk_wiz_0_inst/inst/clkin1_ibufg/O
                         net (fo=1, routed)           1.306     2.796    clk_wiz_0_inst/inst/clk_in1_clk_wiz_0
    PLLE2_ADV_X0Y0       PLLE2_ADV (Prop_plle2_adv_CLKIN1_CLKOUT0)
                                                     -8.866    -6.070 r  clk_wiz_0_inst/inst/plle2_adv_inst/CLKOUT0
                         net (fo=1, routed)           1.849    -4.221    clk_wiz_0_inst/inst/clk_out1_clk_wiz_0
    BUFGCTRL_X0Y0        BUFG (Prop_bufg_I_O)         0.101    -4.120 r  clk_wiz_0_inst/inst/clkout1_buf/O
                         net (fo=76, routed)          2.061    -2.059    lcd_ctrl_inst/clk_out1
    SLICE_X111Y100       FDCE                                         r  lcd_ctrl_inst/cnt_h_reg[9]/C
  -------------------------------------------------------------------    -------------------
    SLICE_X111Y100       FDCE (Prop_fdce_C_Q)         0.456    -1.603 f  lcd_ctrl_inst/cnt_h_reg[9]/Q
                         net (fo=6, routed)           1.177    -0.425    lcd_ctrl_inst/cnt_h_reg_n_0_[9]
    SLICE_X110Y99        LUT4 (Prop_lut4_I0_O)        0.154    -0.271 f  lcd_ctrl_inst/rgb_lcd_OBUF[15]_inst_i_5/O
                         net (fo=16, routed)          1.112     0.841    lcd_ctrl_inst/rgb_lcd_OBUF[15]_inst_i_5_n_0
    SLICE_X110Y97        LUT5 (Prop_lut5_I4_O)        0.327     1.168 r  lcd_ctrl_inst/cnt_v[9]_i_1/O
                         net (fo=10, routed)          1.239     2.407    lcd_ctrl_inst/cnt_v_0
    SLICE_X106Y93        FDCE                                         r  lcd_ctrl_inst/cnt_v_reg[9]/CE
  -------------------------------------------------------------------    -------------------

                         (clock clk_out1_clk_wiz_0 rise edge)
                                                     30.303    30.303 r  
    Y9                                                0.000    30.303 r  sys_clk (IN)
                         net (fo=0)                   0.000    30.303    clk_wiz_0_inst/inst/clk_in1
    Y9                   IBUF (Prop_ibuf_I_O)         1.420    31.723 r  clk_wiz_0_inst/inst/clkin1_ibufg/O
                         net (fo=1, routed)           1.181    32.904    clk_wiz_0_inst/inst/clk_in1_clk_wiz_0
    PLLE2_ADV_X0Y0       PLLE2_ADV (Prop_plle2_adv_CLKIN1_CLKOUT0)
                                                     -7.970    24.934 r  clk_wiz_0_inst/inst/plle2_adv_inst/CLKOUT0
                         net (fo=1, routed)           1.686    26.620    clk_wiz_0_inst/inst/clk_out1_clk_wiz_0
    BUFGCTRL_X0Y0        BUFG (Prop_bufg_I_O)         0.091    26.711 r  clk_wiz_0_inst/inst/clkout1_buf/O
                         net (fo=76, routed)          1.686    28.397    lcd_ctrl_inst/clk_out1
    SLICE_X106Y93        FDCE                                         r  lcd_ctrl_inst/cnt_v_reg[9]/C
                         clock pessimism             -0.514    27.883    
                         clock uncertainty           -0.170    27.713    
    SLICE_X106Y93        FDCE (Setup_fdce_C_CE)      -0.205    27.508    lcd_ctrl_inst/cnt_v_reg[9]
  -------------------------------------------------------------------
                         required time                         27.508    
                         arrival time                          -2.407    
  -------------------------------------------------------------------
                         slack                                 25.100    

Slack (MET) :             25.152ns  (required time - arrival time)
  Source:                 lcd_pic_inst/box_x_reg[2]/C
                            (rising edge-triggered cell FDPE clocked by clk_out1_clk_wiz_0  {rise@0.000ns fall@15.152ns period=30.303ns})
  Destination:            lcd_pic_inst/box_x_reg[9]/D
                            (rising edge-triggered cell FDCE clocked by clk_out1_clk_wiz_0  {rise@0.000ns fall@15.152ns period=30.303ns})
  Path Group:             clk_out1_clk_wiz_0
  Path Type:              Setup (Max at Slow Process Corner)
  Requirement:            30.303ns  (clk_out1_clk_wiz_0 rise@30.303ns - clk_out1_clk_wiz_0 rise@0.000ns)
  Data Path Delay:        4.914ns  (logic 1.058ns (21.530%)  route 3.856ns (78.470%))
  Logic Levels:           3  (LUT3=1 LUT5=1 LUT6=1)
  Clock Path Skew:        0.000ns (DCD - SCD + CPR)
    Destination Clock Delay (DCD):    -1.905ns = ( 28.398 - 30.303 ) 
    Source Clock Delay      (SCD):    -2.253ns
    Clock Pessimism Removal (CPR):    -0.348ns
  Clock Uncertainty:      0.170ns  ((TSJ^2 + DJ^2)^1/2) / 2 + PE
    Total System Jitter     (TSJ):    0.071ns
    Discrete Jitter          (DJ):    0.333ns
    Phase Error              (PE):    0.000ns

    Location             Delay type                Incr(ns)  Path(ns)    Netlist Resource(s)
  -------------------------------------------------------------------    -------------------
                         (clock clk_out1_clk_wiz_0 rise edge)
                                                      0.000     0.000 r  
    Y9                                                0.000     0.000 r  sys_clk (IN)
                         net (fo=0)                   0.000     0.000    clk_wiz_0_inst/inst/clk_in1
    Y9                   IBUF (Prop_ibuf_I_O)         1.490     1.490 r  clk_wiz_0_inst/inst/clkin1_ibufg/O
                         net (fo=1, routed)           1.306     2.796    clk_wiz_0_inst/inst/clk_in1_clk_wiz_0
    PLLE2_ADV_X0Y0       PLLE2_ADV (Prop_plle2_adv_CLKIN1_CLKOUT0)
                                                     -8.866    -6.070 r  clk_wiz_0_inst/inst/plle2_adv_inst/CLKOUT0
                         net (fo=1, routed)           1.849    -4.221    clk_wiz_0_inst/inst/clk_out1_clk_wiz_0
    BUFGCTRL_X0Y0        BUFG (Prop_bufg_I_O)         0.101    -4.120 r  clk_wiz_0_inst/inst/clkout1_buf/O
                         net (fo=76, routed)          1.867    -2.253    lcd_pic_inst/clk_out1
    SLICE_X106Y98        FDPE                                         r  lcd_pic_inst/box_x_reg[2]/C
  -------------------------------------------------------------------    -------------------
    SLICE_X106Y98        FDPE (Prop_fdpe_C_Q)         0.456    -1.797 r  lcd_pic_inst/box_x_reg[2]/Q
                         net (fo=16, routed)          1.549    -0.248    lcd_pic_inst/Q[2]
    SLICE_X106Y100       LUT6 (Prop_lut6_I4_O)        0.124    -0.124 r  lcd_pic_inst/box_x[8]_i_2/O
                         net (fo=6, routed)           0.831     0.708    lcd_pic_inst/box_x[8]_i_2_n_0
    SLICE_X106Y98        LUT3 (Prop_lut3_I1_O)        0.152     0.860 f  lcd_pic_inst/box_x[9]_i_4/O
                         net (fo=1, routed)           0.862     1.722    lcd_pic_inst/box_x[9]_i_4_n_0
    SLICE_X106Y98        LUT5 (Prop_lut5_I1_O)        0.326     2.048 r  lcd_pic_inst/box_x[9]_i_2/O
                         net (fo=1, routed)           0.614     2.662    lcd_pic_inst/box_x[9]_i_2_n_0
    SLICE_X106Y98        FDCE                                         r  lcd_pic_inst/box_x_reg[9]/D
  -------------------------------------------------------------------    -------------------

                         (clock clk_out1_clk_wiz_0 rise edge)
                                                     30.303    30.303 r  
    Y9                                                0.000    30.303 r  sys_clk (IN)
                         net (fo=0)                   0.000    30.303    clk_wiz_0_inst/inst/clk_in1
    Y9                   IBUF (Prop_ibuf_I_O)         1.420    31.723 r  clk_wiz_0_inst/inst/clkin1_ibufg/O
                         net (fo=1, routed)           1.181    32.904    clk_wiz_0_inst/inst/clk_in1_clk_wiz_0
    PLLE2_ADV_X0Y0       PLLE2_ADV (Prop_plle2_adv_CLKIN1_CLKOUT0)
                                                     -7.970    24.934 r  clk_wiz_0_inst/inst/plle2_adv_inst/CLKOUT0
                         net (fo=1, routed)           1.686    26.620    clk_wiz_0_inst/inst/clk_out1_clk_wiz_0
    BUFGCTRL_X0Y0        BUFG (Prop_bufg_I_O)         0.091    26.711 r  clk_wiz_0_inst/inst/clkout1_buf/O
                         net (fo=76, routed)          1.687    28.398    lcd_pic_inst/clk_out1
    SLICE_X106Y98        FDCE                                         r  lcd_pic_inst/box_x_reg[9]/C
                         clock pessimism             -0.348    28.050    
                         clock uncertainty           -0.170    27.880    
    SLICE_X106Y98        FDCE (Setup_fdce_C_D)       -0.067    27.813    lcd_pic_inst/box_x_reg[9]
  -------------------------------------------------------------------
                         required time                         27.813    
                         arrival time                          -2.662    
  -------------------------------------------------------------------
                         slack                                 25.152    

Slack (MET) :             25.186ns  (required time - arrival time)
  Source:                 lcd_ctrl_inst/cnt_v_reg[9]/C
                            (rising edge-triggered cell FDCE clocked by clk_out1_clk_wiz_0  {rise@0.000ns fall@15.152ns period=30.303ns})
  Destination:            lcd_ctrl_inst/cnt_v_reg[2]/D
                            (rising edge-triggered cell FDCE clocked by clk_out1_clk_wiz_0  {rise@0.000ns fall@15.152ns period=30.303ns})
  Path Group:             clk_out1_clk_wiz_0
  Path Type:              Setup (Max at Slow Process Corner)
  Requirement:            30.303ns  (clk_out1_clk_wiz_0 rise@30.303ns - clk_out1_clk_wiz_0 rise@0.000ns)
  Data Path Delay:        4.658ns  (logic 0.854ns (18.336%)  route 3.804ns (81.664%))
  Logic Levels:           3  (LUT4=1 LUT5=1 LUT6=1)
  Clock Path Skew:        0.000ns (DCD - SCD + CPR)
    Destination Clock Delay (DCD):    -1.906ns = ( 28.397 - 30.303 ) 
    Source Clock Delay      (SCD):    -2.254ns
    Clock Pessimism Removal (CPR):    -0.348ns
  Clock Uncertainty:      0.170ns  ((TSJ^2 + DJ^2)^1/2) / 2 + PE
    Total System Jitter     (TSJ):    0.071ns
    Discrete Jitter          (DJ):    0.333ns
    Phase Error              (PE):    0.000ns

    Location             Delay type                Incr(ns)  Path(ns)    Netlist Resource(s)
  -------------------------------------------------------------------    -------------------
                         (clock clk_out1_clk_wiz_0 rise edge)
                                                      0.000     0.000 r  
    Y9                                                0.000     0.000 r  sys_clk (IN)
                         net (fo=0)                   0.000     0.000    clk_wiz_0_inst/inst/clk_in1
    Y9                   IBUF (Prop_ibuf_I_O)         1.490     1.490 r  clk_wiz_0_inst/inst/clkin1_ibufg/O
                         net (fo=1, routed)           1.306     2.796    clk_wiz_0_inst/inst/clk_in1_clk_wiz_0
    PLLE2_ADV_X0Y0       PLLE2_ADV (Prop_plle2_adv_CLKIN1_CLKOUT0)
                                                     -8.866    -6.070 r  clk_wiz_0_inst/inst/plle2_adv_inst/CLKOUT0
                         net (fo=1, routed)           1.849    -4.221    clk_wiz_0_inst/inst/clk_out1_clk_wiz_0
    BUFGCTRL_X0Y0        BUFG (Prop_bufg_I_O)         0.101    -4.120 r  clk_wiz_0_inst/inst/clkout1_buf/O
                         net (fo=76, routed)          1.866    -2.254    lcd_ctrl_inst/clk_out1
    SLICE_X106Y93        FDCE                                         r  lcd_ctrl_inst/cnt_v_reg[9]/C
  -------------------------------------------------------------------    -------------------
    SLICE_X106Y93        FDCE (Prop_fdce_C_Q)         0.456    -1.798 f  lcd_ctrl_inst/cnt_v_reg[9]/Q
                         net (fo=4, routed)           1.308    -0.489    lcd_ctrl_inst/cnt_v[9]
    SLICE_X106Y92        LUT6 (Prop_lut6_I0_O)        0.124    -0.365 r  lcd_ctrl_inst/cnt_v[0]_i_2/O
                         net (fo=2, routed)           0.421     0.056    lcd_ctrl_inst/cnt_v[0]_i_2_n_0
    SLICE_X106Y93        LUT5 (Prop_lut5_I1_O)        0.124     0.180 f  lcd_ctrl_inst/cnt_v[9]_i_3/O
                         net (fo=3, routed)           1.283     1.462    lcd_ctrl_inst/cnt_v[9]_i_3_n_0
    SLICE_X106Y93        LUT4 (Prop_lut4_I3_O)        0.150     1.612 r  lcd_ctrl_inst/cnt_v[2]_i_1/O
                         net (fo=1, routed)           0.792     2.404    lcd_ctrl_inst/cnt_v[2]_i_1_n_0
    SLICE_X106Y93        FDCE                                         r  lcd_ctrl_inst/cnt_v_reg[2]/D
  -------------------------------------------------------------------    -------------------

                         (clock clk_out1_clk_wiz_0 rise edge)
                                                     30.303    30.303 r  
    Y9                                                0.000    30.303 r  sys_clk (IN)
                         net (fo=0)                   0.000    30.303    clk_wiz_0_inst/inst/clk_in1
    Y9                   IBUF (Prop_ibuf_I_O)         1.420    31.723 r  clk_wiz_0_inst/inst/clkin1_ibufg/O
                         net (fo=1, routed)           1.181    32.904    clk_wiz_0_inst/inst/clk_in1_clk_wiz_0
    PLLE2_ADV_X0Y0       PLLE2_ADV (Prop_plle2_adv_CLKIN1_CLKOUT0)
                                                     -7.970    24.934 r  clk_wiz_0_inst/inst/plle2_adv_inst/CLKOUT0
                         net (fo=1, routed)           1.686    26.620    clk_wiz_0_inst/inst/clk_out1_clk_wiz_0
    BUFGCTRL_X0Y0        BUFG (Prop_bufg_I_O)         0.091    26.711 r  clk_wiz_0_inst/inst/clkout1_buf/O
                         net (fo=76, routed)          1.686    28.397    lcd_ctrl_inst/clk_out1
    SLICE_X106Y93        FDCE                                         r  lcd_ctrl_inst/cnt_v_reg[2]/C
                         clock pessimism             -0.348    28.049    
                         clock uncertainty           -0.170    27.879    
    SLICE_X106Y93        FDCE (Setup_fdce_C_D)       -0.289    27.590    lcd_ctrl_inst/cnt_v_reg[2]
  -------------------------------------------------------------------
                         required time                         27.590    
                         arrival time                          -2.404    
  -------------------------------------------------------------------
                         slack                                 25.186    

Slack (MET) :             25.217ns  (required time - arrival time)
  Source:                 lcd_ctrl_inst/cnt_h_reg[9]/C
                            (rising edge-triggered cell FDCE clocked by clk_out1_clk_wiz_0  {rise@0.000ns fall@15.152ns period=30.303ns})
  Destination:            lcd_ctrl_inst/cnt_v_reg[3]/CE
                            (rising edge-triggered cell FDCE clocked by clk_out1_clk_wiz_0  {rise@0.000ns fall@15.152ns period=30.303ns})
  Path Group:             clk_out1_clk_wiz_0
  Path Type:              Setup (Max at Slow Process Corner)
  Requirement:            30.303ns  (clk_out1_clk_wiz_0 rise@30.303ns - clk_out1_clk_wiz_0 rise@0.000ns)
  Data Path Delay:        4.349ns  (logic 0.937ns (21.544%)  route 3.412ns (78.456%))
  Logic Levels:           2  (LUT4=1 LUT5=1)
  Clock Path Skew:        -0.361ns (DCD - SCD + CPR)
    Destination Clock Delay (DCD):    -1.906ns = ( 28.397 - 30.303 ) 
    Source Clock Delay      (SCD):    -2.059ns
    Clock Pessimism Removal (CPR):    -0.514ns
  Clock Uncertainty:      0.170ns  ((TSJ^2 + DJ^2)^1/2) / 2 + PE
    Total System Jitter     (TSJ):    0.071ns
    Discrete Jitter          (DJ):    0.333ns
    Phase Error              (PE):    0.000ns

    Location             Delay type                Incr(ns)  Path(ns)    Netlist Resource(s)
  -------------------------------------------------------------------    -------------------
                         (clock clk_out1_clk_wiz_0 rise edge)
                                                      0.000     0.000 r  
    Y9                                                0.000     0.000 r  sys_clk (IN)
                         net (fo=0)                   0.000     0.000    clk_wiz_0_inst/inst/clk_in1
    Y9                   IBUF (Prop_ibuf_I_O)         1.490     1.490 r  clk_wiz_0_inst/inst/clkin1_ibufg/O
                         net (fo=1, routed)           1.306     2.796    clk_wiz_0_inst/inst/clk_in1_clk_wiz_0
    PLLE2_ADV_X0Y0       PLLE2_ADV (Prop_plle2_adv_CLKIN1_CLKOUT0)
                                                     -8.866    -6.070 r  clk_wiz_0_inst/inst/plle2_adv_inst/CLKOUT0
                         net (fo=1, routed)           1.849    -4.221    clk_wiz_0_inst/inst/clk_out1_clk_wiz_0
    BUFGCTRL_X0Y0        BUFG (Prop_bufg_I_O)         0.101    -4.120 r  clk_wiz_0_inst/inst/clkout1_buf/O
                         net (fo=76, routed)          2.061    -2.059    lcd_ctrl_inst/clk_out1
    SLICE_X111Y100       FDCE                                         r  lcd_ctrl_inst/cnt_h_reg[9]/C
  -------------------------------------------------------------------    -------------------
    SLICE_X111Y100       FDCE (Prop_fdce_C_Q)         0.456    -1.603 f  lcd_ctrl_inst/cnt_h_reg[9]/Q
                         net (fo=6, routed)           1.177    -0.425    lcd_ctrl_inst/cnt_h_reg_n_0_[9]
    SLICE_X110Y99        LUT4 (Prop_lut4_I0_O)        0.154    -0.271 f  lcd_ctrl_inst/rgb_lcd_OBUF[15]_inst_i_5/O
                         net (fo=16, routed)          1.112     0.841    lcd_ctrl_inst/rgb_lcd_OBUF[15]_inst_i_5_n_0
    SLICE_X110Y97        LUT5 (Prop_lut5_I4_O)        0.327     1.168 r  lcd_ctrl_inst/cnt_v[9]_i_1/O
                         net (fo=10, routed)          1.122     2.291    lcd_ctrl_inst/cnt_v_0
    SLICE_X107Y93        FDCE                                         r  lcd_ctrl_inst/cnt_v_reg[3]/CE
  -------------------------------------------------------------------    -------------------

                         (clock clk_out1_clk_wiz_0 rise edge)
                                                     30.303    30.303 r  
    Y9                                                0.000    30.303 r  sys_clk (IN)
                         net (fo=0)                   0.000    30.303    clk_wiz_0_inst/inst/clk_in1
    Y9                   IBUF (Prop_ibuf_I_O)         1.420    31.723 r  clk_wiz_0_inst/inst/clkin1_ibufg/O
                         net (fo=1, routed)           1.181    32.904    clk_wiz_0_inst/inst/clk_in1_clk_wiz_0
    PLLE2_ADV_X0Y0       PLLE2_ADV (Prop_plle2_adv_CLKIN1_CLKOUT0)
                                                     -7.970    24.934 r  clk_wiz_0_inst/inst/plle2_adv_inst/CLKOUT0
                         net (fo=1, routed)           1.686    26.620    clk_wiz_0_inst/inst/clk_out1_clk_wiz_0
    BUFGCTRL_X0Y0        BUFG (Prop_bufg_I_O)         0.091    26.711 r  clk_wiz_0_inst/inst/clkout1_buf/O
                         net (fo=76, routed)          1.686    28.397    lcd_ctrl_inst/clk_out1
    SLICE_X107Y93        FDCE                                         r  lcd_ctrl_inst/cnt_v_reg[3]/C
                         clock pessimism             -0.514    27.883    
                         clock uncertainty           -0.170    27.713    
    SLICE_X107Y93        FDCE (Setup_fdce_C_CE)      -0.205    27.508    lcd_ctrl_inst/cnt_v_reg[3]
  -------------------------------------------------------------------
                         required time                         27.508    
                         arrival time                          -2.291    
  -------------------------------------------------------------------
                         slack                                 25.217    

Slack (MET) :             25.217ns  (required time - arrival time)
  Source:                 lcd_ctrl_inst/cnt_h_reg[9]/C
                            (rising edge-triggered cell FDCE clocked by clk_out1_clk_wiz_0  {rise@0.000ns fall@15.152ns period=30.303ns})
  Destination:            lcd_ctrl_inst/cnt_v_reg[4]/CE
                            (rising edge-triggered cell FDCE clocked by clk_out1_clk_wiz_0  {rise@0.000ns fall@15.152ns period=30.303ns})
  Path Group:             clk_out1_clk_wiz_0
  Path Type:              Setup (Max at Slow Process Corner)
  Requirement:            30.303ns  (clk_out1_clk_wiz_0 rise@30.303ns - clk_out1_clk_wiz_0 rise@0.000ns)
  Data Path Delay:        4.349ns  (logic 0.937ns (21.544%)  route 3.412ns (78.456%))
  Logic Levels:           2  (LUT4=1 LUT5=1)
  Clock Path Skew:        -0.361ns (DCD - SCD + CPR)
    Destination Clock Delay (DCD):    -1.906ns = ( 28.397 - 30.303 ) 
    Source Clock Delay      (SCD):    -2.059ns
    Clock Pessimism Removal (CPR):    -0.514ns
  Clock Uncertainty:      0.170ns  ((TSJ^2 + DJ^2)^1/2) / 2 + PE
    Total System Jitter     (TSJ):    0.071ns
    Discrete Jitter          (DJ):    0.333ns
    Phase Error              (PE):    0.000ns

    Location             Delay type                Incr(ns)  Path(ns)    Netlist Resource(s)
  -------------------------------------------------------------------    -------------------
                         (clock clk_out1_clk_wiz_0 rise edge)
                                                      0.000     0.000 r  
    Y9                                                0.000     0.000 r  sys_clk (IN)
                         net (fo=0)                   0.000     0.000    clk_wiz_0_inst/inst/clk_in1
    Y9                   IBUF (Prop_ibuf_I_O)         1.490     1.490 r  clk_wiz_0_inst/inst/clkin1_ibufg/O
                         net (fo=1, routed)           1.306     2.796    clk_wiz_0_inst/inst/clk_in1_clk_wiz_0
    PLLE2_ADV_X0Y0       PLLE2_ADV (Prop_plle2_adv_CLKIN1_CLKOUT0)
                                                     -8.866    -6.070 r  clk_wiz_0_inst/inst/plle2_adv_inst/CLKOUT0
                         net (fo=1, routed)           1.849    -4.221    clk_wiz_0_inst/inst/clk_out1_clk_wiz_0
    BUFGCTRL_X0Y0        BUFG (Prop_bufg_I_O)         0.101    -4.120 r  clk_wiz_0_inst/inst/clkout1_buf/O
                         net (fo=76, routed)          2.061    -2.059    lcd_ctrl_inst/clk_out1
    SLICE_X111Y100       FDCE                                         r  lcd_ctrl_inst/cnt_h_reg[9]/C
  -------------------------------------------------------------------    -------------------
    SLICE_X111Y100       FDCE (Prop_fdce_C_Q)         0.456    -1.603 f  lcd_ctrl_inst/cnt_h_reg[9]/Q
                         net (fo=6, routed)           1.177    -0.425    lcd_ctrl_inst/cnt_h_reg_n_0_[9]
    SLICE_X110Y99        LUT4 (Prop_lut4_I0_O)        0.154    -0.271 f  lcd_ctrl_inst/rgb_lcd_OBUF[15]_inst_i_5/O
                         net (fo=16, routed)          1.112     0.841    lcd_ctrl_inst/rgb_lcd_OBUF[15]_inst_i_5_n_0
    SLICE_X110Y97        LUT5 (Prop_lut5_I4_O)        0.327     1.168 r  lcd_ctrl_inst/cnt_v[9]_i_1/O
                         net (fo=10, routed)          1.122     2.291    lcd_ctrl_inst/cnt_v_0
    SLICE_X107Y93        FDCE                                         r  lcd_ctrl_inst/cnt_v_reg[4]/CE
  -------------------------------------------------------------------    -------------------

                         (clock clk_out1_clk_wiz_0 rise edge)
                                                     30.303    30.303 r  
    Y9                                                0.000    30.303 r  sys_clk (IN)
                         net (fo=0)                   0.000    30.303    clk_wiz_0_inst/inst/clk_in1
    Y9                   IBUF (Prop_ibuf_I_O)         1.420    31.723 r  clk_wiz_0_inst/inst/clkin1_ibufg/O
                         net (fo=1, routed)           1.181    32.904    clk_wiz_0_inst/inst/clk_in1_clk_wiz_0
    PLLE2_ADV_X0Y0       PLLE2_ADV (Prop_plle2_adv_CLKIN1_CLKOUT0)
                                                     -7.970    24.934 r  clk_wiz_0_inst/inst/plle2_adv_inst/CLKOUT0
                         net (fo=1, routed)           1.686    26.620    clk_wiz_0_inst/inst/clk_out1_clk_wiz_0
    BUFGCTRL_X0Y0        BUFG (Prop_bufg_I_O)         0.091    26.711 r  clk_wiz_0_inst/inst/clkout1_buf/O
                         net (fo=76, routed)          1.686    28.397    lcd_ctrl_inst/clk_out1
    SLICE_X107Y93        FDCE                                         r  lcd_ctrl_inst/cnt_v_reg[4]/C
                         clock pessimism             -0.514    27.883    
                         clock uncertainty           -0.170    27.713    
    SLICE_X107Y93        FDCE (Setup_fdce_C_CE)      -0.205    27.508    lcd_ctrl_inst/cnt_v_reg[4]
  -------------------------------------------------------------------
                         required time                         27.508    
                         arrival time                          -2.291    
  -------------------------------------------------------------------
                         slack                                 25.217    





Min Delay Paths
--------------------------------------------------------------------------------------
Slack (MET) :             0.201ns  (arrival time - required time)
  Source:                 lcd_ctrl_inst/cnt_h_reg[1]/C
                            (rising edge-triggered cell FDCE clocked by clk_out1_clk_wiz_0  {rise@0.000ns fall@15.152ns period=30.303ns})
  Destination:            lcd_ctrl_inst/cnt_h_reg[11]/D
                            (rising edge-triggered cell FDCE clocked by clk_out1_clk_wiz_0  {rise@0.000ns fall@15.152ns period=30.303ns})
  Path Group:             clk_out1_clk_wiz_0
  Path Type:              Hold (Min at Fast Process Corner)
  Requirement:            0.000ns  (clk_out1_clk_wiz_0 rise@0.000ns - clk_out1_clk_wiz_0 rise@0.000ns)
  Data Path Delay:        0.477ns  (logic 0.186ns (39.006%)  route 0.291ns (60.994%))
  Logic Levels:           1  (LUT6=1)
  Clock Path Skew:        0.185ns (DCD - SCD - CPR)
    Destination Clock Delay (DCD):    -0.253ns
    Source Clock Delay      (SCD):    -0.405ns
    Clock Pessimism Removal (CPR):    -0.033ns

    Location             Delay type                Incr(ns)  Path(ns)    Netlist Resource(s)
  -------------------------------------------------------------------    -------------------
                         (clock clk_out1_clk_wiz_0 rise edge)
                                                      0.000     0.000 r  
    Y9                                                0.000     0.000 r  sys_clk (IN)
                         net (fo=0)                   0.000     0.000    clk_wiz_0_inst/inst/clk_in1
    Y9                   IBUF (Prop_ibuf_I_O)         0.258     0.258 r  clk_wiz_0_inst/inst/clkin1_ibufg/O
                         net (fo=1, routed)           0.440     0.698    clk_wiz_0_inst/inst/clk_in1_clk_wiz_0
    PLLE2_ADV_X0Y0       PLLE2_ADV (Prop_plle2_adv_CLKIN1_CLKOUT0)
                                                     -2.384    -1.685 r  clk_wiz_0_inst/inst/plle2_adv_inst/CLKOUT0
                         net (fo=1, routed)           0.533    -1.152    clk_wiz_0_inst/inst/clk_out1_clk_wiz_0
    BUFGCTRL_X0Y0        BUFG (Prop_bufg_I_O)         0.026    -1.126 r  clk_wiz_0_inst/inst/clkout1_buf/O
                         net (fo=76, routed)          0.721    -0.405    lcd_ctrl_inst/clk_out1
    SLICE_X110Y100       FDCE                                         r  lcd_ctrl_inst/cnt_h_reg[1]/C
  -------------------------------------------------------------------    -------------------
    SLICE_X110Y100       FDCE (Prop_fdce_C_Q)         0.141    -0.264 f  lcd_ctrl_inst/cnt_h_reg[1]/Q
                         net (fo=24, routed)          0.291     0.027    lcd_ctrl_inst/cnt_h_reg_n_0_[1]
    SLICE_X110Y99        LUT6 (Prop_lut6_I1_O)        0.045     0.072 r  lcd_ctrl_inst/cnt_h[11]_i_1/O
                         net (fo=1, routed)           0.000     0.072    lcd_ctrl_inst/cnt_h[11]
    SLICE_X110Y99        FDCE                                         r  lcd_ctrl_inst/cnt_h_reg[11]/D
  -------------------------------------------------------------------    -------------------

                         (clock clk_out1_clk_wiz_0 rise edge)
                                                      0.000     0.000 r  
    Y9                                                0.000     0.000 r  sys_clk (IN)
                         net (fo=0)                   0.000     0.000    clk_wiz_0_inst/inst/clk_in1
    Y9                   IBUF (Prop_ibuf_I_O)         0.446     0.446 r  clk_wiz_0_inst/inst/clkin1_ibufg/O
                         net (fo=1, routed)           0.481     0.927    clk_wiz_0_inst/inst/clk_in1_clk_wiz_0
    PLLE2_ADV_X0Y0       PLLE2_ADV (Prop_plle2_adv_CLKIN1_CLKOUT0)
                                                     -2.700    -1.773 r  clk_wiz_0_inst/inst/plle2_adv_inst/CLKOUT0
                         net (fo=1, routed)           0.580    -1.193    clk_wiz_0_inst/inst/clk_out1_clk_wiz_0
    BUFGCTRL_X0Y0        BUFG (Prop_bufg_I_O)         0.029    -1.164 r  clk_wiz_0_inst/inst/clkout1_buf/O
                         net (fo=76, routed)          0.911    -0.253    lcd_ctrl_inst/clk_out1
    SLICE_X110Y99        FDCE                                         r  lcd_ctrl_inst/cnt_h_reg[11]/C
                         clock pessimism              0.033    -0.220    
    SLICE_X110Y99        FDCE (Hold_fdce_C_D)         0.091    -0.129    lcd_ctrl_inst/cnt_h_reg[11]
  -------------------------------------------------------------------
                         required time                          0.129    
                         arrival time                           0.072    
  -------------------------------------------------------------------
                         slack                                  0.201    

Slack (MET) :             0.214ns  (arrival time - required time)
  Source:                 lcd_ctrl_inst/cnt_h_reg[1]/C
                            (rising edge-triggered cell FDCE clocked by clk_out1_clk_wiz_0  {rise@0.000ns fall@15.152ns period=30.303ns})
  Destination:            lcd_ctrl_inst/cnt_h_reg[9]/D
                            (rising edge-triggered cell FDCE clocked by clk_out1_clk_wiz_0  {rise@0.000ns fall@15.152ns period=30.303ns})
  Path Group:             clk_out1_clk_wiz_0
  Path Type:              Hold (Min at Fast Process Corner)
  Requirement:            0.000ns  (clk_out1_clk_wiz_0 rise@0.000ns - clk_out1_clk_wiz_0 rise@0.000ns)
  Data Path Delay:        0.319ns  (logic 0.186ns (58.267%)  route 0.133ns (41.733%))
  Logic Levels:           1  (LUT6=1)
  Clock Path Skew:        0.013ns (DCD - SCD - CPR)
    Destination Clock Delay (DCD):    -0.167ns
    Source Clock Delay      (SCD):    -0.405ns
    Clock Pessimism Removal (CPR):    0.225ns

    Location             Delay type                Incr(ns)  Path(ns)    Netlist Resource(s)
  -------------------------------------------------------------------    -------------------
                         (clock clk_out1_clk_wiz_0 rise edge)
                                                      0.000     0.000 r  
    Y9                                                0.000     0.000 r  sys_clk (IN)
                         net (fo=0)                   0.000     0.000    clk_wiz_0_inst/inst/clk_in1
    Y9                   IBUF (Prop_ibuf_I_O)         0.258     0.258 r  clk_wiz_0_inst/inst/clkin1_ibufg/O
                         net (fo=1, routed)           0.440     0.698    clk_wiz_0_inst/inst/clk_in1_clk_wiz_0
    PLLE2_ADV_X0Y0       PLLE2_ADV (Prop_plle2_adv_CLKIN1_CLKOUT0)
                                                     -2.384    -1.685 r  clk_wiz_0_inst/inst/plle2_adv_inst/CLKOUT0
                         net (fo=1, routed)           0.533    -1.152    clk_wiz_0_inst/inst/clk_out1_clk_wiz_0
    BUFGCTRL_X0Y0        BUFG (Prop_bufg_I_O)         0.026    -1.126 r  clk_wiz_0_inst/inst/clkout1_buf/O
                         net (fo=76, routed)          0.721    -0.405    lcd_ctrl_inst/clk_out1
    SLICE_X110Y100       FDCE                                         r  lcd_ctrl_inst/cnt_h_reg[1]/C
  -------------------------------------------------------------------    -------------------
    SLICE_X110Y100       FDCE (Prop_fdce_C_Q)         0.141    -0.264 f  lcd_ctrl_inst/cnt_h_reg[1]/Q
                         net (fo=24, routed)          0.133    -0.131    lcd_ctrl_inst/cnt_h_reg_n_0_[1]
    SLICE_X111Y100       LUT6 (Prop_lut6_I1_O)        0.045    -0.086 r  lcd_ctrl_inst/cnt_h[9]_i_1/O
                         net (fo=1, routed)           0.000    -0.086    lcd_ctrl_inst/cnt_h[9]
    SLICE_X111Y100       FDCE                                         r  lcd_ctrl_inst/cnt_h_reg[9]/D
  -------------------------------------------------------------------    -------------------

                         (clock clk_out1_clk_wiz_0 rise edge)
                                                      0.000     0.000 r  
    Y9                                                0.000     0.000 r  sys_clk (IN)
                         net (fo=0)                   0.000     0.000    clk_wiz_0_inst/inst/clk_in1
    Y9                   IBUF (Prop_ibuf_I_O)         0.446     0.446 r  clk_wiz_0_inst/inst/clkin1_ibufg/O
                         net (fo=1, routed)           0.481     0.927    clk_wiz_0_inst/inst/clk_in1_clk_wiz_0
    PLLE2_ADV_X0Y0       PLLE2_ADV (Prop_plle2_adv_CLKIN1_CLKOUT0)
                                                     -2.700    -1.773 r  clk_wiz_0_inst/inst/plle2_adv_inst/CLKOUT0
                         net (fo=1, routed)           0.580    -1.193    clk_wiz_0_inst/inst/clk_out1_clk_wiz_0
    BUFGCTRL_X0Y0        BUFG (Prop_bufg_I_O)         0.029    -1.164 r  clk_wiz_0_inst/inst/clkout1_buf/O
                         net (fo=76, routed)          0.997    -0.167    lcd_ctrl_inst/clk_out1
    SLICE_X111Y100       FDCE                                         r  lcd_ctrl_inst/cnt_h_reg[9]/C
                         clock pessimism             -0.225    -0.392    
    SLICE_X111Y100       FDCE (Hold_fdce_C_D)         0.092    -0.300    lcd_ctrl_inst/cnt_h_reg[9]
  -------------------------------------------------------------------
                         required time                          0.300    
                         arrival time                          -0.086    
  -------------------------------------------------------------------
                         slack                                  0.214    

Slack (MET) :             0.214ns  (arrival time - required time)
  Source:                 lcd_ctrl_inst/cnt_h_reg[1]/C
                            (rising edge-triggered cell FDCE clocked by clk_out1_clk_wiz_0  {rise@0.000ns fall@15.152ns period=30.303ns})
  Destination:            lcd_ctrl_inst/cnt_h_reg[6]/D
                            (rising edge-triggered cell FDCE clocked by clk_out1_clk_wiz_0  {rise@0.000ns fall@15.152ns period=30.303ns})
  Path Group:             clk_out1_clk_wiz_0
  Path Type:              Hold (Min at Fast Process Corner)
  Requirement:            0.000ns  (clk_out1_clk_wiz_0 rise@0.000ns - clk_out1_clk_wiz_0 rise@0.000ns)
  Data Path Delay:        0.318ns  (logic 0.186ns (58.450%)  route 0.132ns (41.550%))
  Logic Levels:           1  (LUT6=1)
  Clock Path Skew:        0.013ns (DCD - SCD - CPR)
    Destination Clock Delay (DCD):    -0.167ns
    Source Clock Delay      (SCD):    -0.405ns
    Clock Pessimism Removal (CPR):    0.225ns

    Location             Delay type                Incr(ns)  Path(ns)    Netlist Resource(s)
  -------------------------------------------------------------------    -------------------
                         (clock clk_out1_clk_wiz_0 rise edge)
                                                      0.000     0.000 r  
    Y9                                                0.000     0.000 r  sys_clk (IN)
                         net (fo=0)                   0.000     0.000    clk_wiz_0_inst/inst/clk_in1
    Y9                   IBUF (Prop_ibuf_I_O)         0.258     0.258 r  clk_wiz_0_inst/inst/clkin1_ibufg/O
                         net (fo=1, routed)           0.440     0.698    clk_wiz_0_inst/inst/clk_in1_clk_wiz_0
    PLLE2_ADV_X0Y0       PLLE2_ADV (Prop_plle2_adv_CLKIN1_CLKOUT0)
                                                     -2.384    -1.685 r  clk_wiz_0_inst/inst/plle2_adv_inst/CLKOUT0
                         net (fo=1, routed)           0.533    -1.152    clk_wiz_0_inst/inst/clk_out1_clk_wiz_0
    BUFGCTRL_X0Y0        BUFG (Prop_bufg_I_O)         0.026    -1.126 r  clk_wiz_0_inst/inst/clkout1_buf/O
                         net (fo=76, routed)          0.721    -0.405    lcd_ctrl_inst/clk_out1
    SLICE_X110Y100       FDCE                                         r  lcd_ctrl_inst/cnt_h_reg[1]/C
  -------------------------------------------------------------------    -------------------
    SLICE_X110Y100       FDCE (Prop_fdce_C_Q)         0.141    -0.264 f  lcd_ctrl_inst/cnt_h_reg[1]/Q
                         net (fo=24, routed)          0.132    -0.132    lcd_ctrl_inst/cnt_h_reg_n_0_[1]
    SLICE_X111Y100       LUT6 (Prop_lut6_I1_O)        0.045    -0.087 r  lcd_ctrl_inst/cnt_h[6]_i_1/O
                         net (fo=1, routed)           0.000    -0.087    lcd_ctrl_inst/cnt_h[6]
    SLICE_X111Y100       FDCE                                         r  lcd_ctrl_inst/cnt_h_reg[6]/D
  -------------------------------------------------------------------    -------------------

                         (clock clk_out1_clk_wiz_0 rise edge)
                                                      0.000     0.000 r  
    Y9                                                0.000     0.000 r  sys_clk (IN)
                         net (fo=0)                   0.000     0.000    clk_wiz_0_inst/inst/clk_in1
    Y9                   IBUF (Prop_ibuf_I_O)         0.446     0.446 r  clk_wiz_0_inst/inst/clkin1_ibufg/O
                         net (fo=1, routed)           0.481     0.927    clk_wiz_0_inst/inst/clk_in1_clk_wiz_0
    PLLE2_ADV_X0Y0       PLLE2_ADV (Prop_plle2_adv_CLKIN1_CLKOUT0)
                                                     -2.700    -1.773 r  clk_wiz_0_inst/inst/plle2_adv_inst/CLKOUT0
                         net (fo=1, routed)           0.580    -1.193    clk_wiz_0_inst/inst/clk_out1_clk_wiz_0
    BUFGCTRL_X0Y0        BUFG (Prop_bufg_I_O)         0.029    -1.164 r  clk_wiz_0_inst/inst/clkout1_buf/O
                         net (fo=76, routed)          0.997    -0.167    lcd_ctrl_inst/clk_out1
    SLICE_X111Y100       FDCE                                         r  lcd_ctrl_inst/cnt_h_reg[6]/C
                         clock pessimism             -0.225    -0.392    
    SLICE_X111Y100       FDCE (Hold_fdce_C_D)         0.091    -0.301    lcd_ctrl_inst/cnt_h_reg[6]
  -------------------------------------------------------------------
                         required time                          0.301    
                         arrival time                          -0.087    
  -------------------------------------------------------------------
                         slack                                  0.214    

Slack (MET) :             0.251ns  (arrival time - required time)
  Source:                 lcd_pic_inst/FSM_onehot_state_reg[0]/C
                            (rising edge-triggered cell FDPE clocked by clk_out1_clk_wiz_0  {rise@0.000ns fall@15.152ns period=30.303ns})
  Destination:            lcd_pic_inst/box_x_reg[0]/D
                            (rising edge-triggered cell FDPE clocked by clk_out1_clk_wiz_0  {rise@0.000ns fall@15.152ns period=30.303ns})
  Path Group:             clk_out1_clk_wiz_0
  Path Type:              Hold (Min at Fast Process Corner)
  Requirement:            0.000ns  (clk_out1_clk_wiz_0 rise@0.000ns - clk_out1_clk_wiz_0 rise@0.000ns)
  Data Path Delay:        0.359ns  (logic 0.186ns (51.807%)  route 0.173ns (48.193%))
  Logic Levels:           1  (LUT5=1)
  Clock Path Skew:        0.016ns (DCD - SCD - CPR)
    Destination Clock Delay (DCD):    -0.256ns
    Source Clock Delay      (SCD):    -0.489ns
    Clock Pessimism Removal (CPR):    0.217ns

    Location             Delay type                Incr(ns)  Path(ns)    Netlist Resource(s)
  -------------------------------------------------------------------    -------------------
                         (clock clk_out1_clk_wiz_0 rise edge)
                                                      0.000     0.000 r  
    Y9                                                0.000     0.000 r  sys_clk (IN)
                         net (fo=0)                   0.000     0.000    clk_wiz_0_inst/inst/clk_in1
    Y9                   IBUF (Prop_ibuf_I_O)         0.258     0.258 r  clk_wiz_0_inst/inst/clkin1_ibufg/O
                         net (fo=1, routed)           0.440     0.698    clk_wiz_0_inst/inst/clk_in1_clk_wiz_0
    PLLE2_ADV_X0Y0       PLLE2_ADV (Prop_plle2_adv_CLKIN1_CLKOUT0)
                                                     -2.384    -1.685 r  clk_wiz_0_inst/inst/plle2_adv_inst/CLKOUT0
                         net (fo=1, routed)           0.533    -1.152    clk_wiz_0_inst/inst/clk_out1_clk_wiz_0
    BUFGCTRL_X0Y0        BUFG (Prop_bufg_I_O)         0.026    -1.126 r  clk_wiz_0_inst/inst/clkout1_buf/O
                         net (fo=76, routed)          0.638    -0.489    lcd_pic_inst/clk_out1
    SLICE_X106Y97        FDPE                                         r  lcd_pic_inst/FSM_onehot_state_reg[0]/C
  -------------------------------------------------------------------    -------------------
    SLICE_X106Y97        FDPE (Prop_fdpe_C_Q)         0.141    -0.348 r  lcd_pic_inst/FSM_onehot_state_reg[0]/Q
                         net (fo=12, routed)          0.173    -0.175    lcd_pic_inst/FSM_onehot_state_reg_n_0_[0]
    SLICE_X107Y99        LUT5 (Prop_lut5_I0_O)        0.045    -0.130 r  lcd_pic_inst/box_x[0]_i_1/O
                         net (fo=1, routed)           0.000    -0.130    lcd_pic_inst/box_x[0]_i_1_n_0
    SLICE_X107Y99        FDPE                                         r  lcd_pic_inst/box_x_reg[0]/D
  -------------------------------------------------------------------    -------------------

                         (clock clk_out1_clk_wiz_0 rise edge)
                                                      0.000     0.000 r  
    Y9                                                0.000     0.000 r  sys_clk (IN)
                         net (fo=0)                   0.000     0.000    clk_wiz_0_inst/inst/clk_in1
    Y9                   IBUF (Prop_ibuf_I_O)         0.446     0.446 r  clk_wiz_0_inst/inst/clkin1_ibufg/O
                         net (fo=1, routed)           0.481     0.927    clk_wiz_0_inst/inst/clk_in1_clk_wiz_0
    PLLE2_ADV_X0Y0       PLLE2_ADV (Prop_plle2_adv_CLKIN1_CLKOUT0)
                                                     -2.700    -1.773 r  clk_wiz_0_inst/inst/plle2_adv_inst/CLKOUT0
                         net (fo=1, routed)           0.580    -1.193    clk_wiz_0_inst/inst/clk_out1_clk_wiz_0
    BUFGCTRL_X0Y0        BUFG (Prop_bufg_I_O)         0.029    -1.164 r  clk_wiz_0_inst/inst/clkout1_buf/O
                         net (fo=76, routed)          0.908    -0.256    lcd_pic_inst/clk_out1
    SLICE_X107Y99        FDPE                                         r  lcd_pic_inst/box_x_reg[0]/C
                         clock pessimism             -0.217    -0.473    
    SLICE_X107Y99        FDPE (Hold_fdpe_C_D)         0.092    -0.381    lcd_pic_inst/box_x_reg[0]
  -------------------------------------------------------------------
                         required time                          0.381    
                         arrival time                          -0.130    
  -------------------------------------------------------------------
                         slack                                  0.251    

Slack (MET) :             0.256ns  (arrival time - required time)
  Source:                 lcd_pic_inst/box_x_reg[2]/C
                            (rising edge-triggered cell FDPE clocked by clk_out1_clk_wiz_0  {rise@0.000ns fall@15.152ns period=30.303ns})
  Destination:            lcd_pic_inst/box_x_reg[3]/D
                            (rising edge-triggered cell FDCE clocked by clk_out1_clk_wiz_0  {rise@0.000ns fall@15.152ns period=30.303ns})
  Path Group:             clk_out1_clk_wiz_0
  Path Type:              Hold (Min at Fast Process Corner)
  Requirement:            0.000ns  (clk_out1_clk_wiz_0 rise@0.000ns - clk_out1_clk_wiz_0 rise@0.000ns)
  Data Path Delay:        0.361ns  (logic 0.186ns (51.506%)  route 0.175ns (48.494%))
  Logic Levels:           1  (LUT6=1)
  Clock Path Skew:        0.013ns (DCD - SCD - CPR)
    Destination Clock Delay (DCD):    -0.256ns
    Source Clock Delay      (SCD):    -0.489ns
    Clock Pessimism Removal (CPR):    0.220ns

    Location             Delay type                Incr(ns)  Path(ns)    Netlist Resource(s)
  -------------------------------------------------------------------    -------------------
                         (clock clk_out1_clk_wiz_0 rise edge)
                                                      0.000     0.000 r  
    Y9                                                0.000     0.000 r  sys_clk (IN)
                         net (fo=0)                   0.000     0.000    clk_wiz_0_inst/inst/clk_in1
    Y9                   IBUF (Prop_ibuf_I_O)         0.258     0.258 r  clk_wiz_0_inst/inst/clkin1_ibufg/O
                         net (fo=1, routed)           0.440     0.698    clk_wiz_0_inst/inst/clk_in1_clk_wiz_0
    PLLE2_ADV_X0Y0       PLLE2_ADV (Prop_plle2_adv_CLKIN1_CLKOUT0)
                                                     -2.384    -1.685 r  clk_wiz_0_inst/inst/plle2_adv_inst/CLKOUT0
                         net (fo=1, routed)           0.533    -1.152    clk_wiz_0_inst/inst/clk_out1_clk_wiz_0
    BUFGCTRL_X0Y0        BUFG (Prop_bufg_I_O)         0.026    -1.126 r  clk_wiz_0_inst/inst/clkout1_buf/O
                         net (fo=76, routed)          0.638    -0.489    lcd_pic_inst/clk_out1
    SLICE_X106Y98        FDPE                                         r  lcd_pic_inst/box_x_reg[2]/C
  -------------------------------------------------------------------    -------------------
    SLICE_X106Y98        FDPE (Prop_fdpe_C_Q)         0.141    -0.348 r  lcd_pic_inst/box_x_reg[2]/Q
                         net (fo=16, routed)          0.175    -0.172    lcd_pic_inst/Q[2]
    SLICE_X107Y98        LUT6 (Prop_lut6_I3_O)        0.045    -0.127 r  lcd_pic_inst/box_x[3]_i_1/O
                         net (fo=1, routed)           0.000    -0.127    lcd_pic_inst/box_x[3]_i_1_n_0
    SLICE_X107Y98        FDCE                                         r  lcd_pic_inst/box_x_reg[3]/D
  -------------------------------------------------------------------    -------------------

                         (clock clk_out1_clk_wiz_0 rise edge)
                                                      0.000     0.000 r  
    Y9                                                0.000     0.000 r  sys_clk (IN)
                         net (fo=0)                   0.000     0.000    clk_wiz_0_inst/inst/clk_in1
    Y9                   IBUF (Prop_ibuf_I_O)         0.446     0.446 r  clk_wiz_0_inst/inst/clkin1_ibufg/O
                         net (fo=1, routed)           0.481     0.927    clk_wiz_0_inst/inst/clk_in1_clk_wiz_0
    PLLE2_ADV_X0Y0       PLLE2_ADV (Prop_plle2_adv_CLKIN1_CLKOUT0)
                                                     -2.700    -1.773 r  clk_wiz_0_inst/inst/plle2_adv_inst/CLKOUT0
                         net (fo=1, routed)           0.580    -1.193    clk_wiz_0_inst/inst/clk_out1_clk_wiz_0
    BUFGCTRL_X0Y0        BUFG (Prop_bufg_I_O)         0.029    -1.164 r  clk_wiz_0_inst/inst/clkout1_buf/O
                         net (fo=76, routed)          0.908    -0.256    lcd_pic_inst/clk_out1
    SLICE_X107Y98        FDCE                                         r  lcd_pic_inst/box_x_reg[3]/C
                         clock pessimism             -0.220    -0.476    
    SLICE_X107Y98        FDCE (Hold_fdce_C_D)         0.092    -0.384    lcd_pic_inst/box_x_reg[3]
  -------------------------------------------------------------------
                         required time                          0.384    
                         arrival time                          -0.127    
  -------------------------------------------------------------------
                         slack                                  0.256    

Slack (MET) :             0.264ns  (arrival time - required time)
  Source:                 lcd_pic_inst/box_y_reg[1]/C
                            (rising edge-triggered cell FDCE clocked by clk_out1_clk_wiz_0  {rise@0.000ns fall@15.152ns period=30.303ns})
  Destination:            lcd_pic_inst/box_y_reg[3]/D
                            (rising edge-triggered cell FDCE clocked by clk_out1_clk_wiz_0  {rise@0.000ns fall@15.152ns period=30.303ns})
  Path Group:             clk_out1_clk_wiz_0
  Path Type:              Hold (Min at Fast Process Corner)
  Requirement:            0.000ns  (clk_out1_clk_wiz_0 rise@0.000ns - clk_out1_clk_wiz_0 rise@0.000ns)
  Data Path Delay:        0.372ns  (logic 0.186ns (50.038%)  route 0.186ns (49.962%))
  Logic Levels:           1  (LUT6=1)
  Clock Path Skew:        0.016ns (DCD - SCD - CPR)
    Destination Clock Delay (DCD):    -0.257ns
    Source Clock Delay      (SCD):    -0.490ns
    Clock Pessimism Removal (CPR):    0.217ns

    Location             Delay type                Incr(ns)  Path(ns)    Netlist Resource(s)
  -------------------------------------------------------------------    -------------------
                         (clock clk_out1_clk_wiz_0 rise edge)
                                                      0.000     0.000 r  
    Y9                                                0.000     0.000 r  sys_clk (IN)
                         net (fo=0)                   0.000     0.000    clk_wiz_0_inst/inst/clk_in1
    Y9                   IBUF (Prop_ibuf_I_O)         0.258     0.258 r  clk_wiz_0_inst/inst/clkin1_ibufg/O
                         net (fo=1, routed)           0.440     0.698    clk_wiz_0_inst/inst/clk_in1_clk_wiz_0
    PLLE2_ADV_X0Y0       PLLE2_ADV (Prop_plle2_adv_CLKIN1_CLKOUT0)
                                                     -2.384    -1.685 r  clk_wiz_0_inst/inst/plle2_adv_inst/CLKOUT0
                         net (fo=1, routed)           0.533    -1.152    clk_wiz_0_inst/inst/clk_out1_clk_wiz_0
    BUFGCTRL_X0Y0        BUFG (Prop_bufg_I_O)         0.026    -1.126 r  clk_wiz_0_inst/inst/clkout1_buf/O
                         net (fo=76, routed)          0.637    -0.490    lcd_pic_inst/clk_out1
    SLICE_X106Y95        FDCE                                         r  lcd_pic_inst/box_y_reg[1]/C
  -------------------------------------------------------------------    -------------------
    SLICE_X106Y95        FDCE (Prop_fdce_C_Q)         0.141    -0.349 r  lcd_pic_inst/box_y_reg[1]/Q
                         net (fo=13, routed)          0.186    -0.163    lcd_pic_inst/box_y_reg[8]_1[1]
    SLICE_X106Y94        LUT6 (Prop_lut6_I4_O)        0.045    -0.118 r  lcd_pic_inst/box_y[3]_i_1/O
                         net (fo=1, routed)           0.000    -0.118    lcd_pic_inst/box_y[3]_i_1_n_0
    SLICE_X106Y94        FDCE                                         r  lcd_pic_inst/box_y_reg[3]/D
  -------------------------------------------------------------------    -------------------

                         (clock clk_out1_clk_wiz_0 rise edge)
                                                      0.000     0.000 r  
    Y9                                                0.000     0.000 r  sys_clk (IN)
                         net (fo=0)                   0.000     0.000    clk_wiz_0_inst/inst/clk_in1
    Y9                   IBUF (Prop_ibuf_I_O)         0.446     0.446 r  clk_wiz_0_inst/inst/clkin1_ibufg/O
                         net (fo=1, routed)           0.481     0.927    clk_wiz_0_inst/inst/clk_in1_clk_wiz_0
    PLLE2_ADV_X0Y0       PLLE2_ADV (Prop_plle2_adv_CLKIN1_CLKOUT0)
                                                     -2.700    -1.773 r  clk_wiz_0_inst/inst/plle2_adv_inst/CLKOUT0
                         net (fo=1, routed)           0.580    -1.193    clk_wiz_0_inst/inst/clk_out1_clk_wiz_0
    BUFGCTRL_X0Y0        BUFG (Prop_bufg_I_O)         0.029    -1.164 r  clk_wiz_0_inst/inst/clkout1_buf/O
                         net (fo=76, routed)          0.907    -0.257    lcd_pic_inst/clk_out1
    SLICE_X106Y94        FDCE                                         r  lcd_pic_inst/box_y_reg[3]/C
                         clock pessimism             -0.217    -0.474    
    SLICE_X106Y94        FDCE (Hold_fdce_C_D)         0.092    -0.382    lcd_pic_inst/box_y_reg[3]
  -------------------------------------------------------------------
                         required time                          0.382    
                         arrival time                          -0.118    
  -------------------------------------------------------------------
                         slack                                  0.264    

Slack (MET) :             0.264ns  (arrival time - required time)
  Source:                 lcd_ctrl_inst/cnt_v_reg[6]/C
                            (rising edge-triggered cell FDCE clocked by clk_out1_clk_wiz_0  {rise@0.000ns fall@15.152ns period=30.303ns})
  Destination:            lcd_ctrl_inst/cnt_v_reg[9]/D
                            (rising edge-triggered cell FDCE clocked by clk_out1_clk_wiz_0  {rise@0.000ns fall@15.152ns period=30.303ns})
  Path Group:             clk_out1_clk_wiz_0
  Path Type:              Hold (Min at Fast Process Corner)
  Requirement:            0.000ns  (clk_out1_clk_wiz_0 rise@0.000ns - clk_out1_clk_wiz_0 rise@0.000ns)
  Data Path Delay:        0.371ns  (logic 0.186ns (50.074%)  route 0.185ns (49.926%))
  Logic Levels:           1  (LUT6=1)
  Clock Path Skew:        0.016ns (DCD - SCD - CPR)
    Destination Clock Delay (DCD):    -0.257ns
    Source Clock Delay      (SCD):    -0.490ns
    Clock Pessimism Removal (CPR):    0.217ns

    Location             Delay type                Incr(ns)  Path(ns)    Netlist Resource(s)
  -------------------------------------------------------------------    -------------------
                         (clock clk_out1_clk_wiz_0 rise edge)
                                                      0.000     0.000 r  
    Y9                                                0.000     0.000 r  sys_clk (IN)
                         net (fo=0)                   0.000     0.000    clk_wiz_0_inst/inst/clk_in1
    Y9                   IBUF (Prop_ibuf_I_O)         0.258     0.258 r  clk_wiz_0_inst/inst/clkin1_ibufg/O
                         net (fo=1, routed)           0.440     0.698    clk_wiz_0_inst/inst/clk_in1_clk_wiz_0
    PLLE2_ADV_X0Y0       PLLE2_ADV (Prop_plle2_adv_CLKIN1_CLKOUT0)
                                                     -2.384    -1.685 r  clk_wiz_0_inst/inst/plle2_adv_inst/CLKOUT0
                         net (fo=1, routed)           0.533    -1.152    clk_wiz_0_inst/inst/clk_out1_clk_wiz_0
    BUFGCTRL_X0Y0        BUFG (Prop_bufg_I_O)         0.026    -1.126 r  clk_wiz_0_inst/inst/clkout1_buf/O
                         net (fo=76, routed)          0.637    -0.490    lcd_ctrl_inst/clk_out1
    SLICE_X107Y95        FDCE                                         r  lcd_ctrl_inst/cnt_v_reg[6]/C
  -------------------------------------------------------------------    -------------------
    SLICE_X107Y95        FDCE (Prop_fdce_C_Q)         0.141    -0.349 r  lcd_ctrl_inst/cnt_v_reg[6]/Q
                         net (fo=13, routed)          0.185    -0.163    lcd_ctrl_inst/cnt_v[6]
    SLICE_X106Y93        LUT6 (Prop_lut6_I3_O)        0.045    -0.118 r  lcd_ctrl_inst/cnt_v[9]_i_2/O
                         net (fo=1, routed)           0.000    -0.118    lcd_ctrl_inst/cnt_v[9]_i_2_n_0
    SLICE_X106Y93        FDCE                                         r  lcd_ctrl_inst/cnt_v_reg[9]/D
  -------------------------------------------------------------------    -------------------

                         (clock clk_out1_clk_wiz_0 rise edge)
                                                      0.000     0.000 r  
    Y9                                                0.000     0.000 r  sys_clk (IN)
                         net (fo=0)                   0.000     0.000    clk_wiz_0_inst/inst/clk_in1
    Y9                   IBUF (Prop_ibuf_I_O)         0.446     0.446 r  clk_wiz_0_inst/inst/clkin1_ibufg/O
                         net (fo=1, routed)           0.481     0.927    clk_wiz_0_inst/inst/clk_in1_clk_wiz_0
    PLLE2_ADV_X0Y0       PLLE2_ADV (Prop_plle2_adv_CLKIN1_CLKOUT0)
                                                     -2.700    -1.773 r  clk_wiz_0_inst/inst/plle2_adv_inst/CLKOUT0
                         net (fo=1, routed)           0.580    -1.193    clk_wiz_0_inst/inst/clk_out1_clk_wiz_0
    BUFGCTRL_X0Y0        BUFG (Prop_bufg_I_O)         0.029    -1.164 r  clk_wiz_0_inst/inst/clkout1_buf/O
                         net (fo=76, routed)          0.907    -0.257    lcd_ctrl_inst/clk_out1
    SLICE_X106Y93        FDCE                                         r  lcd_ctrl_inst/cnt_v_reg[9]/C
                         clock pessimism             -0.217    -0.474    
    SLICE_X106Y93        FDCE (Hold_fdce_C_D)         0.091    -0.383    lcd_ctrl_inst/cnt_v_reg[9]
  -------------------------------------------------------------------
                         required time                          0.383    
                         arrival time                          -0.118    
  -------------------------------------------------------------------
                         slack                                  0.264    

Slack (MET) :             0.277ns  (arrival time - required time)
  Source:                 lcd_ctrl_inst/cnt_v_reg[1]/C
                            (rising edge-triggered cell FDCE clocked by clk_out1_clk_wiz_0  {rise@0.000ns fall@15.152ns period=30.303ns})
  Destination:            lcd_ctrl_inst/cnt_v_reg[4]/D
                            (rising edge-triggered cell FDCE clocked by clk_out1_clk_wiz_0  {rise@0.000ns fall@15.152ns period=30.303ns})
  Path Group:             clk_out1_clk_wiz_0
  Path Type:              Hold (Min at Fast Process Corner)
  Requirement:            0.000ns  (clk_out1_clk_wiz_0 rise@0.000ns - clk_out1_clk_wiz_0 rise@0.000ns)
  Data Path Delay:        0.397ns  (logic 0.190ns (47.885%)  route 0.207ns (52.115%))
  Logic Levels:           1  (LUT5=1)
  Clock Path Skew:        0.016ns (DCD - SCD - CPR)
    Destination Clock Delay (DCD):    -0.257ns
    Source Clock Delay      (SCD):    -0.490ns
    Clock Pessimism Removal (CPR):    0.217ns

    Location             Delay type                Incr(ns)  Path(ns)    Netlist Resource(s)
  -------------------------------------------------------------------    -------------------
                         (clock clk_out1_clk_wiz_0 rise edge)
                                                      0.000     0.000 r  
    Y9                                                0.000     0.000 r  sys_clk (IN)
                         net (fo=0)                   0.000     0.000    clk_wiz_0_inst/inst/clk_in1
    Y9                   IBUF (Prop_ibuf_I_O)         0.258     0.258 r  clk_wiz_0_inst/inst/clkin1_ibufg/O
                         net (fo=1, routed)           0.440     0.698    clk_wiz_0_inst/inst/clk_in1_clk_wiz_0
    PLLE2_ADV_X0Y0       PLLE2_ADV (Prop_plle2_adv_CLKIN1_CLKOUT0)
                                                     -2.384    -1.685 r  clk_wiz_0_inst/inst/plle2_adv_inst/CLKOUT0
                         net (fo=1, routed)           0.533    -1.152    clk_wiz_0_inst/inst/clk_out1_clk_wiz_0
    BUFGCTRL_X0Y0        BUFG (Prop_bufg_I_O)         0.026    -1.126 r  clk_wiz_0_inst/inst/clkout1_buf/O
                         net (fo=76, routed)          0.637    -0.490    lcd_ctrl_inst/clk_out1
    SLICE_X109Y93        FDCE                                         r  lcd_ctrl_inst/cnt_v_reg[1]/C
  -------------------------------------------------------------------    -------------------
    SLICE_X109Y93        FDCE (Prop_fdce_C_Q)         0.141    -0.349 r  lcd_ctrl_inst/cnt_v_reg[1]/Q
                         net (fo=20, routed)          0.207    -0.142    lcd_ctrl_inst/cnt_v[1]
    SLICE_X107Y93        LUT5 (Prop_lut5_I2_O)        0.049    -0.093 r  lcd_ctrl_inst/cnt_v[4]_i_1/O
                         net (fo=1, routed)           0.000    -0.093    lcd_ctrl_inst/cnt_v[4]_i_1_n_0
    SLICE_X107Y93        FDCE                                         r  lcd_ctrl_inst/cnt_v_reg[4]/D
  -------------------------------------------------------------------    -------------------

                         (clock clk_out1_clk_wiz_0 rise edge)
                                                      0.000     0.000 r  
    Y9                                                0.000     0.000 r  sys_clk (IN)
                         net (fo=0)                   0.000     0.000    clk_wiz_0_inst/inst/clk_in1
    Y9                   IBUF (Prop_ibuf_I_O)         0.446     0.446 r  clk_wiz_0_inst/inst/clkin1_ibufg/O
                         net (fo=1, routed)           0.481     0.927    clk_wiz_0_inst/inst/clk_in1_clk_wiz_0
    PLLE2_ADV_X0Y0       PLLE2_ADV (Prop_plle2_adv_CLKIN1_CLKOUT0)
                                                     -2.700    -1.773 r  clk_wiz_0_inst/inst/plle2_adv_inst/CLKOUT0
                         net (fo=1, routed)           0.580    -1.193    clk_wiz_0_inst/inst/clk_out1_clk_wiz_0
    BUFGCTRL_X0Y0        BUFG (Prop_bufg_I_O)         0.029    -1.164 r  clk_wiz_0_inst/inst/clkout1_buf/O
                         net (fo=76, routed)          0.907    -0.257    lcd_ctrl_inst/clk_out1
    SLICE_X107Y93        FDCE                                         r  lcd_ctrl_inst/cnt_v_reg[4]/C
                         clock pessimism             -0.217    -0.474    
    SLICE_X107Y93        FDCE (Hold_fdce_C_D)         0.104    -0.370    lcd_ctrl_inst/cnt_v_reg[4]
  -------------------------------------------------------------------
                         required time                          0.370    
                         arrival time                          -0.093    
  -------------------------------------------------------------------
                         slack                                  0.277    

Slack (MET) :             0.278ns  (arrival time - required time)
  Source:                 lcd_pic_inst/box_y_reg[3]/C
                            (rising edge-triggered cell FDCE clocked by clk_out1_clk_wiz_0  {rise@0.000ns fall@15.152ns period=30.303ns})
  Destination:            lcd_pic_inst/box_y_reg[4]/D
                            (rising edge-triggered cell FDCE clocked by clk_out1_clk_wiz_0  {rise@0.000ns fall@15.152ns period=30.303ns})
  Path Group:             clk_out1_clk_wiz_0
  Path Type:              Hold (Min at Fast Process Corner)
  Requirement:            0.000ns  (clk_out1_clk_wiz_0 rise@0.000ns - clk_out1_clk_wiz_0 rise@0.000ns)
  Data Path Delay:        0.408ns  (logic 0.186ns (45.563%)  route 0.222ns (54.437%))
  Logic Levels:           1  (LUT6=1)
  Clock Path Skew:        0.039ns (DCD - SCD - CPR)
    Destination Clock Delay (DCD):    -0.254ns
    Source Clock Delay      (SCD):    -0.490ns
    Clock Pessimism Removal (CPR):    0.197ns

    Location             Delay type                Incr(ns)  Path(ns)    Netlist Resource(s)
  -------------------------------------------------------------------    -------------------
                         (clock clk_out1_clk_wiz_0 rise edge)
                                                      0.000     0.000 r  
    Y9                                                0.000     0.000 r  sys_clk (IN)
                         net (fo=0)                   0.000     0.000    clk_wiz_0_inst/inst/clk_in1
    Y9                   IBUF (Prop_ibuf_I_O)         0.258     0.258 r  clk_wiz_0_inst/inst/clkin1_ibufg/O
                         net (fo=1, routed)           0.440     0.698    clk_wiz_0_inst/inst/clk_in1_clk_wiz_0
    PLLE2_ADV_X0Y0       PLLE2_ADV (Prop_plle2_adv_CLKIN1_CLKOUT0)
                                                     -2.384    -1.685 r  clk_wiz_0_inst/inst/plle2_adv_inst/CLKOUT0
                         net (fo=1, routed)           0.533    -1.152    clk_wiz_0_inst/inst/clk_out1_clk_wiz_0
    BUFGCTRL_X0Y0        BUFG (Prop_bufg_I_O)         0.026    -1.126 r  clk_wiz_0_inst/inst/clkout1_buf/O
                         net (fo=76, routed)          0.637    -0.490    lcd_pic_inst/clk_out1
    SLICE_X106Y94        FDCE                                         r  lcd_pic_inst/box_y_reg[3]/C
  -------------------------------------------------------------------    -------------------
    SLICE_X106Y94        FDCE (Prop_fdce_C_Q)         0.141    -0.349 r  lcd_pic_inst/box_y_reg[3]/Q
                         net (fo=10, routed)          0.222    -0.126    lcd_pic_inst/box_y_reg[8]_1[3]
    SLICE_X110Y94        LUT6 (Prop_lut6_I1_O)        0.045    -0.081 r  lcd_pic_inst/box_y[4]_i_1/O
                         net (fo=1, routed)           0.000    -0.081    lcd_pic_inst/box_y[4]_i_1_n_0
    SLICE_X110Y94        FDCE                                         r  lcd_pic_inst/box_y_reg[4]/D
  -------------------------------------------------------------------    -------------------

                         (clock clk_out1_clk_wiz_0 rise edge)
                                                      0.000     0.000 r  
    Y9                                                0.000     0.000 r  sys_clk (IN)
                         net (fo=0)                   0.000     0.000    clk_wiz_0_inst/inst/clk_in1
    Y9                   IBUF (Prop_ibuf_I_O)         0.446     0.446 r  clk_wiz_0_inst/inst/clkin1_ibufg/O
                         net (fo=1, routed)           0.481     0.927    clk_wiz_0_inst/inst/clk_in1_clk_wiz_0
    PLLE2_ADV_X0Y0       PLLE2_ADV (Prop_plle2_adv_CLKIN1_CLKOUT0)
                                                     -2.700    -1.773 r  clk_wiz_0_inst/inst/plle2_adv_inst/CLKOUT0
                         net (fo=1, routed)           0.580    -1.193    clk_wiz_0_inst/inst/clk_out1_clk_wiz_0
    BUFGCTRL_X0Y0        BUFG (Prop_bufg_I_O)         0.029    -1.164 r  clk_wiz_0_inst/inst/clkout1_buf/O
                         net (fo=76, routed)          0.910    -0.254    lcd_pic_inst/clk_out1
    SLICE_X110Y94        FDCE                                         r  lcd_pic_inst/box_y_reg[4]/C
                         clock pessimism             -0.197    -0.451    
    SLICE_X110Y94        FDCE (Hold_fdce_C_D)         0.091    -0.360    lcd_pic_inst/box_y_reg[4]
  -------------------------------------------------------------------
                         required time                          0.360    
                         arrival time                          -0.081    
  -------------------------------------------------------------------
                         slack                                  0.278    

Slack (MET) :             0.278ns  (arrival time - required time)
  Source:                 lcd_ctrl_inst/cnt_h_reg[1]/C
                            (rising edge-triggered cell FDCE clocked by clk_out1_clk_wiz_0  {rise@0.000ns fall@15.152ns period=30.303ns})
  Destination:            lcd_ctrl_inst/cnt_h_reg[10]/D
                            (rising edge-triggered cell FDCE clocked by clk_out1_clk_wiz_0  {rise@0.000ns fall@15.152ns period=30.303ns})
  Path Group:             clk_out1_clk_wiz_0
  Path Type:              Hold (Min at Fast Process Corner)
  Requirement:            0.000ns  (clk_out1_clk_wiz_0 rise@0.000ns - clk_out1_clk_wiz_0 rise@0.000ns)
  Data Path Delay:        0.555ns  (logic 0.186ns (33.494%)  route 0.369ns (66.506%))
  Logic Levels:           1  (LUT6=1)
  Clock Path Skew:        0.185ns (DCD - SCD - CPR)
    Destination Clock Delay (DCD):    -0.253ns
    Source Clock Delay      (SCD):    -0.405ns
    Clock Pessimism Removal (CPR):    -0.033ns

    Location             Delay type                Incr(ns)  Path(ns)    Netlist Resource(s)
  -------------------------------------------------------------------    -------------------
                         (clock clk_out1_clk_wiz_0 rise edge)
                                                      0.000     0.000 r  
    Y9                                                0.000     0.000 r  sys_clk (IN)
                         net (fo=0)                   0.000     0.000    clk_wiz_0_inst/inst/clk_in1
    Y9                   IBUF (Prop_ibuf_I_O)         0.258     0.258 r  clk_wiz_0_inst/inst/clkin1_ibufg/O
                         net (fo=1, routed)           0.440     0.698    clk_wiz_0_inst/inst/clk_in1_clk_wiz_0
    PLLE2_ADV_X0Y0       PLLE2_ADV (Prop_plle2_adv_CLKIN1_CLKOUT0)
                                                     -2.384    -1.685 r  clk_wiz_0_inst/inst/plle2_adv_inst/CLKOUT0
                         net (fo=1, routed)           0.533    -1.152    clk_wiz_0_inst/inst/clk_out1_clk_wiz_0
    BUFGCTRL_X0Y0        BUFG (Prop_bufg_I_O)         0.026    -1.126 r  clk_wiz_0_inst/inst/clkout1_buf/O
                         net (fo=76, routed)          0.721    -0.405    lcd_ctrl_inst/clk_out1
    SLICE_X110Y100       FDCE                                         r  lcd_ctrl_inst/cnt_h_reg[1]/C
  -------------------------------------------------------------------    -------------------
    SLICE_X110Y100       FDCE (Prop_fdce_C_Q)         0.141    -0.264 f  lcd_ctrl_inst/cnt_h_reg[1]/Q
                         net (fo=24, routed)          0.369     0.105    lcd_ctrl_inst/cnt_h_reg_n_0_[1]
    SLICE_X110Y99        LUT6 (Prop_lut6_I1_O)        0.045     0.150 r  lcd_ctrl_inst/cnt_h[10]_i_1/O
                         net (fo=1, routed)           0.000     0.150    lcd_ctrl_inst/cnt_h[10]
    SLICE_X110Y99        FDCE                                         r  lcd_ctrl_inst/cnt_h_reg[10]/D
  -------------------------------------------------------------------    -------------------

                         (clock clk_out1_clk_wiz_0 rise edge)
                                                      0.000     0.000 r  
    Y9                                                0.000     0.000 r  sys_clk (IN)
                         net (fo=0)                   0.000     0.000    clk_wiz_0_inst/inst/clk_in1
    Y9                   IBUF (Prop_ibuf_I_O)         0.446     0.446 r  clk_wiz_0_inst/inst/clkin1_ibufg/O
                         net (fo=1, routed)           0.481     0.927    clk_wiz_0_inst/inst/clk_in1_clk_wiz_0
    PLLE2_ADV_X0Y0       PLLE2_ADV (Prop_plle2_adv_CLKIN1_CLKOUT0)
                                                     -2.700    -1.773 r  clk_wiz_0_inst/inst/plle2_adv_inst/CLKOUT0
                         net (fo=1, routed)           0.580    -1.193    clk_wiz_0_inst/inst/clk_out1_clk_wiz_0
    BUFGCTRL_X0Y0        BUFG (Prop_bufg_I_O)         0.029    -1.164 r  clk_wiz_0_inst/inst/clkout1_buf/O
                         net (fo=76, routed)          0.911    -0.253    lcd_ctrl_inst/clk_out1
    SLICE_X110Y99        FDCE                                         r  lcd_ctrl_inst/cnt_h_reg[10]/C
                         clock pessimism              0.033    -0.220    
    SLICE_X110Y99        FDCE (Hold_fdce_C_D)         0.092    -0.128    lcd_ctrl_inst/cnt_h_reg[10]
  -------------------------------------------------------------------
                         required time                          0.128    
                         arrival time                           0.150    
  -------------------------------------------------------------------
                         slack                                  0.278    





Pulse Width Checks
--------------------------------------------------------------------------------------
Clock Name:         clk_out1_clk_wiz_0
Waveform(ns):       { 0.000 15.152 }
Period(ns):         30.303
Sources:            { clk_wiz_0_inst/inst/plle2_adv_inst/CLKOUT0 }

Check Type        Corner  Lib Pin            Reference Pin  Required(ns)  Actual(ns)  Slack(ns)  Location        Pin
Min Period        n/a     BUFG/I             n/a            2.155         30.303      28.148     BUFGCTRL_X0Y0   clk_wiz_0_inst/inst/clkout1_buf/I
Min Period        n/a     PLLE2_ADV/CLKOUT0  n/a            1.249         30.303      29.054     PLLE2_ADV_X0Y0  clk_wiz_0_inst/inst/plle2_adv_inst/CLKOUT0
Min Period        n/a     FDCE/C             n/a            1.000         30.303      29.303     SLICE_X112Y99   lcd_ctrl_inst/cnt_h_reg[0]/C
Min Period        n/a     FDCE/C             n/a            1.000         30.303      29.303     SLICE_X110Y99   lcd_ctrl_inst/cnt_h_reg[10]/C
Min Period        n/a     FDCE/C             n/a            1.000         30.303      29.303     SLICE_X110Y99   lcd_ctrl_inst/cnt_h_reg[11]/C
Min Period        n/a     FDCE/C             n/a            1.000         30.303      29.303     SLICE_X110Y100  lcd_ctrl_inst/cnt_h_reg[1]/C
Min Period        n/a     FDCE/C             n/a            1.000         30.303      29.303     SLICE_X110Y97   lcd_ctrl_inst/cnt_h_reg[2]/C
Min Period        n/a     FDCE/C             n/a            1.000         30.303      29.303     SLICE_X110Y97   lcd_ctrl_inst/cnt_h_reg[3]/C
Min Period        n/a     FDCE/C             n/a            1.000         30.303      29.303     SLICE_X110Y97   lcd_ctrl_inst/cnt_h_reg[4]/C
Min Period        n/a     FDCE/C             n/a            1.000         30.303      29.303     SLICE_X110Y98   lcd_ctrl_inst/cnt_h_reg[5]/C
Max Period        n/a     PLLE2_ADV/CLKOUT0  n/a            160.000       30.303      129.697    PLLE2_ADV_X0Y0  clk_wiz_0_inst/inst/plle2_adv_inst/CLKOUT0
Low Pulse Width   Slow    FDCE/C             n/a            0.500         15.152      14.652     SLICE_X112Y99   lcd_ctrl_inst/cnt_h_reg[0]/C
Low Pulse Width   Fast    FDCE/C             n/a            0.500         15.152      14.652     SLICE_X112Y99   lcd_ctrl_inst/cnt_h_reg[0]/C
Low Pulse Width   Slow    FDCE/C             n/a            0.500         15.152      14.652     SLICE_X110Y99   lcd_ctrl_inst/cnt_h_reg[10]/C
Low Pulse Width   Fast    FDCE/C             n/a            0.500         15.152      14.652     SLICE_X110Y99   lcd_ctrl_inst/cnt_h_reg[10]/C
Low Pulse Width   Slow    FDCE/C             n/a            0.500         15.152      14.652     SLICE_X110Y99   lcd_ctrl_inst/cnt_h_reg[11]/C
Low Pulse Width   Fast    FDCE/C             n/a            0.500         15.152      14.652     SLICE_X110Y99   lcd_ctrl_inst/cnt_h_reg[11]/C
Low Pulse Width   Slow    FDCE/C             n/a            0.500         15.152      14.652     SLICE_X110Y100  lcd_ctrl_inst/cnt_h_reg[1]/C
Low Pulse Width   Fast    FDCE/C             n/a            0.500         15.152      14.652     SLICE_X110Y100  lcd_ctrl_inst/cnt_h_reg[1]/C
Low Pulse Width   Slow    FDCE/C             n/a            0.500         15.152      14.652     SLICE_X110Y97   lcd_ctrl_inst/cnt_h_reg[2]/C
Low Pulse Width   Fast    FDCE/C             n/a            0.500         15.152      14.652     SLICE_X110Y97   lcd_ctrl_inst/cnt_h_reg[2]/C
High Pulse Width  Slow    FDCE/C             n/a            0.500         15.152      14.652     SLICE_X112Y99   lcd_ctrl_inst/cnt_h_reg[0]/C
High Pulse Width  Fast    FDCE/C             n/a            0.500         15.152      14.652     SLICE_X112Y99   lcd_ctrl_inst/cnt_h_reg[0]/C
High Pulse Width  Slow    FDCE/C             n/a            0.500         15.152      14.652     SLICE_X110Y99   lcd_ctrl_inst/cnt_h_reg[10]/C
High Pulse Width  Fast    FDCE/C             n/a            0.500         15.152      14.652     SLICE_X110Y99   lcd_ctrl_inst/cnt_h_reg[10]/C
High Pulse Width  Slow    FDCE/C             n/a            0.500         15.152      14.652     SLICE_X110Y99   lcd_ctrl_inst/cnt_h_reg[11]/C
High Pulse Width  Fast    FDCE/C             n/a            0.500         15.152      14.652     SLICE_X110Y99   lcd_ctrl_inst/cnt_h_reg[11]/C
High Pulse Width  Slow    FDCE/C             n/a            0.500         15.152      14.652     SLICE_X110Y100  lcd_ctrl_inst/cnt_h_reg[1]/C
High Pulse Width  Fast    FDCE/C             n/a            0.500         15.152      14.652     SLICE_X110Y100  lcd_ctrl_inst/cnt_h_reg[1]/C
High Pulse Width  Slow    FDCE/C             n/a            0.500         15.152      14.652     SLICE_X110Y97   lcd_ctrl_inst/cnt_h_reg[2]/C
High Pulse Width  Fast    FDCE/C             n/a            0.500         15.152      14.652     SLICE_X110Y97   lcd_ctrl_inst/cnt_h_reg[2]/C



---------------------------------------------------------------------------------------------------
From Clock:  clkfbout_clk_wiz_0
  To Clock:  clkfbout_clk_wiz_0

Setup :           NA  Failing Endpoints,  Worst Slack           NA  ,  Total Violation           NA
Hold  :           NA  Failing Endpoints,  Worst Slack           NA  ,  Total Violation           NA
PW    :            0  Failing Endpoints,  Worst Slack       12.633ns,  Total Violation        0.000ns
---------------------------------------------------------------------------------------------------


Pulse Width Checks
--------------------------------------------------------------------------------------
Clock Name:         clkfbout_clk_wiz_0
Waveform(ns):       { 0.000 20.000 }
Period(ns):         40.000
Sources:            { clk_wiz_0_inst/inst/plle2_adv_inst/CLKFBOUT }

Check Type  Corner  Lib Pin             Reference Pin  Required(ns)  Actual(ns)  Slack(ns)  Location        Pin
Min Period  n/a     BUFG/I              n/a            2.155         40.000      37.845     BUFGCTRL_X0Y1   clk_wiz_0_inst/inst/clkf_buf/I
Min Period  n/a     PLLE2_ADV/CLKFBOUT  n/a            1.249         40.000      38.751     PLLE2_ADV_X0Y0  clk_wiz_0_inst/inst/plle2_adv_inst/CLKFBOUT
Min Period  n/a     PLLE2_ADV/CLKFBIN   n/a            1.249         40.000      38.751     PLLE2_ADV_X0Y0  clk_wiz_0_inst/inst/plle2_adv_inst/CLKFBIN
Max Period  n/a     PLLE2_ADV/CLKFBIN   n/a            52.633        40.000      12.633     PLLE2_ADV_X0Y0  clk_wiz_0_inst/inst/plle2_adv_inst/CLKFBIN
Max Period  n/a     PLLE2_ADV/CLKFBOUT  n/a            160.000       40.000      120.000    PLLE2_ADV_X0Y0  clk_wiz_0_inst/inst/plle2_adv_inst/CLKFBOUT



--------------------------------------------------------------------------------------
Path Group:  (none)
From Clock:  clk_out1_clk_wiz_0
  To Clock:  

Max Delay             5 Endpoints
Min Delay             5 Endpoints
--------------------------------------------------------------------------------------


Max Delay Paths
--------------------------------------------------------------------------------------
Slack:                    inf
  Source:                 clk_wiz_0_inst/inst/plle2_adv_inst/CLKOUT0
                            (clock source 'clk_out1_clk_wiz_0'  {rise@0.000ns fall@15.152ns period=30.303ns})
  Destination:            lcd_clk
                            (output port)
  Path Group:             (none)
  Path Type:              Max at Slow Process Corner
  Data Path Delay:        8.605ns  (logic 3.603ns (41.864%)  route 5.003ns (58.136%))
  Logic Levels:           2  (BUFG=1 OBUF=1)
  Clock Uncertainty:      0.430ns  ((TSJ^2 + DJ^2)^1/2) / 2 + PE
    Total System Jitter     (TSJ):    0.050ns
    Discrete Jitter          (DJ):    0.333ns
    Phase Error              (PE):    0.262ns

    Location             Delay type                Incr(ns)  Path(ns)    Netlist Resource(s)
  -------------------------------------------------------------------    -------------------
                         (clock clk_out1_clk_wiz_0 fall edge)
                                                     15.152    15.152 f  
    Y9                                                0.000    15.152 f  sys_clk (IN)
                         net (fo=0)                   0.000    15.152    clk_wiz_0_inst/inst/clk_in1
    Y9                   IBUF (Prop_ibuf_I_O)         1.490    16.642 f  clk_wiz_0_inst/inst/clkin1_ibufg/O
                         net (fo=1, routed)           1.306    17.948    clk_wiz_0_inst/inst/clk_in1_clk_wiz_0
  -------------------------------------------------------------------    -------------------
    PLLE2_ADV_X0Y0       PLLE2_ADV (Prop_plle2_adv_CLKIN1_CLKOUT0)
                                                     -8.866     9.082 f  clk_wiz_0_inst/inst/plle2_adv_inst/CLKOUT0
                         net (fo=1, routed)           1.849    10.931    clk_wiz_0_inst/inst/clk_out1_clk_wiz_0
    BUFGCTRL_X0Y0        BUFG (Prop_bufg_I_O)         0.101    11.032 f  clk_wiz_0_inst/inst/clkout1_buf/O
                         net (fo=76, routed)          3.154    14.186    lcd_clk_OBUF
    L18                  OBUF (Prop_obuf_I_O)         3.502    17.687 f  lcd_clk_OBUF_inst/O
                         net (fo=0)                   0.000    17.687    lcd_clk
    L18                                                               f  lcd_clk (OUT)
  -------------------------------------------------------------------    -------------------

Slack:                    inf
  Source:                 lcd_ctrl_inst/cnt_v_reg[2]/C
                            (rising edge-triggered cell FDCE clocked by clk_out1_clk_wiz_0  {rise@0.000ns fall@15.152ns period=30.303ns})
  Destination:            lcd_de
                            (output port)
  Path Group:             (none)
  Path Type:              Max at Slow Process Corner
  Data Path Delay:        10.814ns  (logic 4.365ns (40.368%)  route 6.449ns (59.632%))
  Logic Levels:           4  (LUT5=2 LUT6=1 OBUF=1)
  Clock Uncertainty:      0.430ns  ((TSJ^2 + DJ^2)^1/2) / 2 + PE
    Total System Jitter     (TSJ):    0.050ns
    Discrete Jitter          (DJ):    0.333ns
    Phase Error              (PE):    0.262ns

    Location             Delay type                Incr(ns)  Path(ns)    Netlist Resource(s)
  -------------------------------------------------------------------    -------------------
                         (clock clk_out1_clk_wiz_0 rise edge)
                                                      0.000     0.000 r  
    Y9                                                0.000     0.000 r  sys_clk (IN)
                         net (fo=0)                   0.000     0.000    clk_wiz_0_inst/inst/clk_in1
    Y9                   IBUF (Prop_ibuf_I_O)         1.490     1.490 r  clk_wiz_0_inst/inst/clkin1_ibufg/O
                         net (fo=1, routed)           1.306     2.796    clk_wiz_0_inst/inst/clk_in1_clk_wiz_0
    PLLE2_ADV_X0Y0       PLLE2_ADV (Prop_plle2_adv_CLKIN1_CLKOUT0)
                                                     -8.866    -6.070 r  clk_wiz_0_inst/inst/plle2_adv_inst/CLKOUT0
                         net (fo=1, routed)           1.849    -4.221    clk_wiz_0_inst/inst/clk_out1_clk_wiz_0
    BUFGCTRL_X0Y0        BUFG (Prop_bufg_I_O)         0.101    -4.120 r  clk_wiz_0_inst/inst/clkout1_buf/O
                         net (fo=76, routed)          1.866    -2.254    lcd_ctrl_inst/clk_out1
    SLICE_X106Y93        FDCE                                         r  lcd_ctrl_inst/cnt_v_reg[2]/C
  -------------------------------------------------------------------    -------------------
    SLICE_X106Y93        FDCE (Prop_fdce_C_Q)         0.456    -1.798 r  lcd_ctrl_inst/cnt_v_reg[2]/Q
                         net (fo=14, routed)          1.332    -0.466    lcd_ctrl_inst/cnt_v[2]
    SLICE_X107Y94        LUT5 (Prop_lut5_I1_O)        0.124    -0.342 r  lcd_ctrl_inst/i___0_carry__0_i_9/O
                         net (fo=3, routed)           0.681     0.339    lcd_ctrl_inst/i___0_carry__0_i_9_n_0
    SLICE_X107Y94        LUT6 (Prop_lut6_I0_O)        0.124     0.463 r  lcd_ctrl_inst/rgb_lcd_OBUF[15]_inst_i_2/O
                         net (fo=52, routed)          1.198     1.661    lcd_ctrl_inst/rgb_lcd_OBUF[15]_inst_i_2_n_0
    SLICE_X113Y99        LUT5 (Prop_lut5_I0_O)        0.124     1.785 r  lcd_ctrl_inst/lcd_de_OBUF_inst_i_1/O
                         net (fo=1, routed)           3.238     5.023    lcd_de_OBUF
    D15                  OBUF (Prop_obuf_I_O)         3.537     8.560 r  lcd_de_OBUF_inst/O
                         net (fo=0)                   0.000     8.560    lcd_de
    D15                                                               r  lcd_de (OUT)
  -------------------------------------------------------------------    -------------------

Slack:                    inf
  Source:                 lcd_ctrl_inst/cnt_v_reg[2]/C
                            (rising edge-triggered cell FDCE clocked by clk_out1_clk_wiz_0  {rise@0.000ns fall@15.152ns period=30.303ns})
  Destination:            rgb_lcd[15]
                            (output port)
  Path Group:             (none)
  Path Type:              Max at Slow Process Corner
  Data Path Delay:        9.358ns  (logic 4.390ns (46.906%)  route 4.969ns (53.094%))
  Logic Levels:           4  (LUT5=1 LUT6=2 OBUF=1)
  Clock Uncertainty:      0.430ns  ((TSJ^2 + DJ^2)^1/2) / 2 + PE
    Total System Jitter     (TSJ):    0.050ns
    Discrete Jitter          (DJ):    0.333ns
    Phase Error              (PE):    0.262ns

    Location             Delay type                Incr(ns)  Path(ns)    Netlist Resource(s)
  -------------------------------------------------------------------    -------------------
                         (clock clk_out1_clk_wiz_0 rise edge)
                                                      0.000     0.000 r  
    Y9                                                0.000     0.000 r  sys_clk (IN)
                         net (fo=0)                   0.000     0.000    clk_wiz_0_inst/inst/clk_in1
    Y9                   IBUF (Prop_ibuf_I_O)         1.490     1.490 r  clk_wiz_0_inst/inst/clkin1_ibufg/O
                         net (fo=1, routed)           1.306     2.796    clk_wiz_0_inst/inst/clk_in1_clk_wiz_0
    PLLE2_ADV_X0Y0       PLLE2_ADV (Prop_plle2_adv_CLKIN1_CLKOUT0)
                                                     -8.866    -6.070 r  clk_wiz_0_inst/inst/plle2_adv_inst/CLKOUT0
                         net (fo=1, routed)           1.849    -4.221    clk_wiz_0_inst/inst/clk_out1_clk_wiz_0
    BUFGCTRL_X0Y0        BUFG (Prop_bufg_I_O)         0.101    -4.120 r  clk_wiz_0_inst/inst/clkout1_buf/O
                         net (fo=76, routed)          1.866    -2.254    lcd_ctrl_inst/clk_out1
    SLICE_X106Y93        FDCE                                         r  lcd_ctrl_inst/cnt_v_reg[2]/C
  -------------------------------------------------------------------    -------------------
    SLICE_X106Y93        FDCE (Prop_fdce_C_Q)         0.456    -1.798 r  lcd_ctrl_inst/cnt_v_reg[2]/Q
                         net (fo=14, routed)          1.332    -0.466    lcd_ctrl_inst/cnt_v[2]
    SLICE_X107Y94        LUT5 (Prop_lut5_I1_O)        0.124    -0.342 r  lcd_ctrl_inst/i___0_carry__0_i_9/O
                         net (fo=3, routed)           0.681     0.339    lcd_ctrl_inst/i___0_carry__0_i_9_n_0
    SLICE_X107Y94        LUT6 (Prop_lut6_I0_O)        0.124     0.463 r  lcd_ctrl_inst/rgb_lcd_OBUF[15]_inst_i_2/O
                         net (fo=52, routed)          1.040     1.503    lcd_ctrl_inst/rgb_lcd_OBUF[15]_inst_i_2_n_0
    SLICE_X113Y98        LUT6 (Prop_lut6_I1_O)        0.124     1.627 r  lcd_ctrl_inst/rgb_lcd_OBUF[15]_inst_i_1/O
                         net (fo=1, routed)           1.916     3.543    rgb_lcd_OBUF[15]
    E19                  OBUF (Prop_obuf_I_O)         3.562     7.105 r  rgb_lcd_OBUF[15]_inst/O
                         net (fo=0)                   0.000     7.105    rgb_lcd[15]
    E19                                                               r  rgb_lcd[15] (OUT)
  -------------------------------------------------------------------    -------------------

Slack:                    inf
  Source:                 lcd_ctrl_inst/cnt_v_reg[5]/C
                            (rising edge-triggered cell FDCE clocked by clk_out1_clk_wiz_0  {rise@0.000ns fall@15.152ns period=30.303ns})
  Destination:            vsync
                            (output port)
  Path Group:             (none)
  Path Type:              Max at Slow Process Corner
  Data Path Delay:        8.175ns  (logic 4.206ns (51.444%)  route 3.970ns (48.556%))
  Logic Levels:           3  (LUT5=1 LUT6=1 OBUF=1)
  Clock Uncertainty:      0.430ns  ((TSJ^2 + DJ^2)^1/2) / 2 + PE
    Total System Jitter     (TSJ):    0.050ns
    Discrete Jitter          (DJ):    0.333ns
    Phase Error              (PE):    0.262ns

    Location             Delay type                Incr(ns)  Path(ns)    Netlist Resource(s)
  -------------------------------------------------------------------    -------------------
                         (clock clk_out1_clk_wiz_0 rise edge)
                                                      0.000     0.000 r  
    Y9                                                0.000     0.000 r  sys_clk (IN)
                         net (fo=0)                   0.000     0.000    clk_wiz_0_inst/inst/clk_in1
    Y9                   IBUF (Prop_ibuf_I_O)         1.490     1.490 r  clk_wiz_0_inst/inst/clkin1_ibufg/O
                         net (fo=1, routed)           1.306     2.796    clk_wiz_0_inst/inst/clk_in1_clk_wiz_0
    PLLE2_ADV_X0Y0       PLLE2_ADV (Prop_plle2_adv_CLKIN1_CLKOUT0)
                                                     -8.866    -6.070 r  clk_wiz_0_inst/inst/plle2_adv_inst/CLKOUT0
                         net (fo=1, routed)           1.849    -4.221    clk_wiz_0_inst/inst/clk_out1_clk_wiz_0
    BUFGCTRL_X0Y0        BUFG (Prop_bufg_I_O)         0.101    -4.120 r  clk_wiz_0_inst/inst/clkout1_buf/O
                         net (fo=76, routed)          1.866    -2.254    lcd_ctrl_inst/clk_out1
    SLICE_X106Y93        FDCE                                         r  lcd_ctrl_inst/cnt_v_reg[5]/C
  -------------------------------------------------------------------    -------------------
    SLICE_X106Y93        FDCE (Prop_fdce_C_Q)         0.456    -1.798 f  lcd_ctrl_inst/cnt_v_reg[5]/Q
                         net (fo=8, routed)           1.158    -0.640    lcd_ctrl_inst/cnt_v[5]
    SLICE_X110Y93        LUT6 (Prop_lut6_I0_O)        0.124    -0.516 r  lcd_ctrl_inst/vsync_OBUF_inst_i_2/O
                         net (fo=6, routed)           1.132     0.616    lcd_ctrl_inst/vsync_OBUF_inst_i_2_n_0
    SLICE_X107Y95        LUT5 (Prop_lut5_I0_O)        0.124     0.740 r  lcd_ctrl_inst/vsync_OBUF_inst_i_1/O
                         net (fo=1, routed)           1.680     2.420    vsync_OBUF
    J17                  OBUF (Prop_obuf_I_O)         3.502     5.922 r  vsync_OBUF_inst/O
                         net (fo=0)                   0.000     5.922    vsync
    J17                                                               r  vsync (OUT)
  -------------------------------------------------------------------    -------------------

Slack:                    inf
  Source:                 lcd_ctrl_inst/cnt_h_reg[9]/C
                            (rising edge-triggered cell FDCE clocked by clk_out1_clk_wiz_0  {rise@0.000ns fall@15.152ns period=30.303ns})
  Destination:            hsync
                            (output port)
  Path Group:             (none)
  Path Type:              Max at Slow Process Corner
  Data Path Delay:        7.870ns  (logic 4.486ns (56.997%)  route 3.384ns (43.003%))
  Logic Levels:           3  (LUT4=1 LUT5=1 OBUF=1)
  Clock Uncertainty:      0.430ns  ((TSJ^2 + DJ^2)^1/2) / 2 + PE
    Total System Jitter     (TSJ):    0.050ns
    Discrete Jitter          (DJ):    0.333ns
    Phase Error              (PE):    0.262ns

    Location             Delay type                Incr(ns)  Path(ns)    Netlist Resource(s)
  -------------------------------------------------------------------    -------------------
                         (clock clk_out1_clk_wiz_0 rise edge)
                                                      0.000     0.000 r  
    Y9                                                0.000     0.000 r  sys_clk (IN)
                         net (fo=0)                   0.000     0.000    clk_wiz_0_inst/inst/clk_in1
    Y9                   IBUF (Prop_ibuf_I_O)         1.490     1.490 r  clk_wiz_0_inst/inst/clkin1_ibufg/O
                         net (fo=1, routed)           1.306     2.796    clk_wiz_0_inst/inst/clk_in1_clk_wiz_0
    PLLE2_ADV_X0Y0       PLLE2_ADV (Prop_plle2_adv_CLKIN1_CLKOUT0)
                                                     -8.866    -6.070 r  clk_wiz_0_inst/inst/plle2_adv_inst/CLKOUT0
                         net (fo=1, routed)           1.849    -4.221    clk_wiz_0_inst/inst/clk_out1_clk_wiz_0
    BUFGCTRL_X0Y0        BUFG (Prop_bufg_I_O)         0.101    -4.120 r  clk_wiz_0_inst/inst/clkout1_buf/O
                         net (fo=76, routed)          2.061    -2.059    lcd_ctrl_inst/clk_out1
    SLICE_X111Y100       FDCE                                         r  lcd_ctrl_inst/cnt_h_reg[9]/C
  -------------------------------------------------------------------    -------------------
    SLICE_X111Y100       FDCE (Prop_fdce_C_Q)         0.456    -1.603 f  lcd_ctrl_inst/cnt_h_reg[9]/Q
                         net (fo=6, routed)           1.177    -0.425    lcd_ctrl_inst/cnt_h_reg_n_0_[9]
    SLICE_X110Y99        LUT4 (Prop_lut4_I0_O)        0.154    -0.271 f  lcd_ctrl_inst/rgb_lcd_OBUF[15]_inst_i_5/O
                         net (fo=16, routed)          0.340     0.069    lcd_ctrl_inst/rgb_lcd_OBUF[15]_inst_i_5_n_0
    SLICE_X113Y99        LUT5 (Prop_lut5_I0_O)        0.327     0.396 r  lcd_ctrl_inst/hsync_OBUF_inst_i_1/O
                         net (fo=2, routed)           1.867     2.263    hsync_OBUF
    J16                  OBUF (Prop_obuf_I_O)         3.549     5.812 r  hsync_OBUF_inst/O
                         net (fo=0)                   0.000     5.812    hsync
    J16                                                               r  hsync (OUT)
  -------------------------------------------------------------------    -------------------





Min Delay Paths
--------------------------------------------------------------------------------------
Slack:                    inf
  Source:                 clk_wiz_0_inst/inst/plle2_adv_inst/CLKOUT0
                            (clock source 'clk_out1_clk_wiz_0'  {rise@0.000ns fall@15.152ns period=30.303ns})
  Destination:            lcd_clk
                            (output port)
  Path Group:             (none)
  Path Type:              Min at Fast Process Corner
  Data Path Delay:        2.542ns  (logic 1.229ns (48.334%)  route 1.313ns (51.666%))
  Logic Levels:           2  (BUFG=1 OBUF=1)
  Clock Uncertainty:      0.430ns  ((TSJ^2 + DJ^2)^1/2) / 2 + PE
    Total System Jitter     (TSJ):    0.050ns
    Discrete Jitter          (DJ):    0.333ns
    Phase Error              (PE):    0.262ns

    Location             Delay type                Incr(ns)  Path(ns)    Netlist Resource(s)
  -------------------------------------------------------------------    -------------------
                         (clock clk_out1_clk_wiz_0 rise edge)
                                                      0.000     0.000 r  
    Y9                                                0.000     0.000 r  sys_clk (IN)
                         net (fo=0)                   0.000     0.000    clk_wiz_0_inst/inst/clk_in1
    Y9                   IBUF (Prop_ibuf_I_O)         0.258     0.258 r  clk_wiz_0_inst/inst/clkin1_ibufg/O
                         net (fo=1, routed)           0.440     0.698    clk_wiz_0_inst/inst/clk_in1_clk_wiz_0
  -------------------------------------------------------------------    -------------------
    PLLE2_ADV_X0Y0       PLLE2_ADV (Prop_plle2_adv_CLKIN1_CLKOUT0)
                                                     -2.384    -1.685 r  clk_wiz_0_inst/inst/plle2_adv_inst/CLKOUT0
                         net (fo=1, routed)           0.533    -1.152    clk_wiz_0_inst/inst/clk_out1_clk_wiz_0
    BUFGCTRL_X0Y0        BUFG (Prop_bufg_I_O)         0.026    -1.126 r  clk_wiz_0_inst/inst/clkout1_buf/O
                         net (fo=76, routed)          0.780    -0.346    lcd_clk_OBUF
    L18                  OBUF (Prop_obuf_I_O)         1.203     0.857 r  lcd_clk_OBUF_inst/O
                         net (fo=0)                   0.000     0.857    lcd_clk
    L18                                                               r  lcd_clk (OUT)
  -------------------------------------------------------------------    -------------------

Slack:                    inf
  Source:                 lcd_ctrl_inst/cnt_v_reg[7]/C
                            (rising edge-triggered cell FDCE clocked by clk_out1_clk_wiz_0  {rise@0.000ns fall@15.152ns period=30.303ns})
  Destination:            vsync
                            (output port)
  Path Group:             (none)
  Path Type:              Min at Fast Process Corner
  Data Path Delay:        1.885ns  (logic 1.389ns (73.669%)  route 0.496ns (26.331%))
  Logic Levels:           2  (LUT5=1 OBUF=1)
  Clock Uncertainty:      0.430ns  ((TSJ^2 + DJ^2)^1/2) / 2 + PE
    Total System Jitter     (TSJ):    0.050ns
    Discrete Jitter          (DJ):    0.333ns
    Phase Error              (PE):    0.262ns

    Location             Delay type                Incr(ns)  Path(ns)    Netlist Resource(s)
  -------------------------------------------------------------------    -------------------
                         (clock clk_out1_clk_wiz_0 rise edge)
                                                      0.000     0.000 r  
    Y9                                                0.000     0.000 r  sys_clk (IN)
                         net (fo=0)                   0.000     0.000    clk_wiz_0_inst/inst/clk_in1
    Y9                   IBUF (Prop_ibuf_I_O)         0.258     0.258 r  clk_wiz_0_inst/inst/clkin1_ibufg/O
                         net (fo=1, routed)           0.440     0.698    clk_wiz_0_inst/inst/clk_in1_clk_wiz_0
    PLLE2_ADV_X0Y0       PLLE2_ADV (Prop_plle2_adv_CLKIN1_CLKOUT0)
                                                     -2.384    -1.685 r  clk_wiz_0_inst/inst/plle2_adv_inst/CLKOUT0
                         net (fo=1, routed)           0.533    -1.152    clk_wiz_0_inst/inst/clk_out1_clk_wiz_0
    BUFGCTRL_X0Y0        BUFG (Prop_bufg_I_O)         0.026    -1.126 r  clk_wiz_0_inst/inst/clkout1_buf/O
                         net (fo=76, routed)          0.637    -0.490    lcd_ctrl_inst/clk_out1
    SLICE_X107Y95        FDCE                                         r  lcd_ctrl_inst/cnt_v_reg[7]/C
  -------------------------------------------------------------------    -------------------
    SLICE_X107Y95        FDCE (Prop_fdce_C_Q)         0.141    -0.349 f  lcd_ctrl_inst/cnt_v_reg[7]/Q
                         net (fo=11, routed)          0.170    -0.179    lcd_ctrl_inst/cnt_v[7]
    SLICE_X107Y95        LUT5 (Prop_lut5_I3_O)        0.045    -0.134 r  lcd_ctrl_inst/vsync_OBUF_inst_i_1/O
                         net (fo=1, routed)           0.327     0.193    vsync_OBUF
    J17                  OBUF (Prop_obuf_I_O)         1.203     1.396 r  vsync_OBUF_inst/O
                         net (fo=0)                   0.000     1.396    vsync
    J17                                                               r  vsync (OUT)
  -------------------------------------------------------------------    -------------------

Slack:                    inf
  Source:                 lcd_pic_inst/pix_data_reg[15]/C
                            (rising edge-triggered cell FDCE clocked by clk_out1_clk_wiz_0  {rise@0.000ns fall@15.152ns period=30.303ns})
  Destination:            rgb_lcd[15]
                            (output port)
  Path Group:             (none)
  Path Type:              Min at Fast Process Corner
  Data Path Delay:        2.000ns  (logic 1.448ns (72.418%)  route 0.552ns (27.582%))
  Logic Levels:           2  (LUT6=1 OBUF=1)
  Clock Uncertainty:      0.430ns  ((TSJ^2 + DJ^2)^1/2) / 2 + PE
    Total System Jitter     (TSJ):    0.050ns
    Discrete Jitter          (DJ):    0.333ns
    Phase Error              (PE):    0.262ns

    Location             Delay type                Incr(ns)  Path(ns)    Netlist Resource(s)
  -------------------------------------------------------------------    -------------------
                         (clock clk_out1_clk_wiz_0 rise edge)
                                                      0.000     0.000 r  
    Y9                                                0.000     0.000 r  sys_clk (IN)
                         net (fo=0)                   0.000     0.000    clk_wiz_0_inst/inst/clk_in1
    Y9                   IBUF (Prop_ibuf_I_O)         0.258     0.258 r  clk_wiz_0_inst/inst/clkin1_ibufg/O
                         net (fo=1, routed)           0.440     0.698    clk_wiz_0_inst/inst/clk_in1_clk_wiz_0
    PLLE2_ADV_X0Y0       PLLE2_ADV (Prop_plle2_adv_CLKIN1_CLKOUT0)
                                                     -2.384    -1.685 r  clk_wiz_0_inst/inst/plle2_adv_inst/CLKOUT0
                         net (fo=1, routed)           0.533    -1.152    clk_wiz_0_inst/inst/clk_out1_clk_wiz_0
    BUFGCTRL_X0Y0        BUFG (Prop_bufg_I_O)         0.026    -1.126 r  clk_wiz_0_inst/inst/clkout1_buf/O
                         net (fo=76, routed)          0.638    -0.489    lcd_pic_inst/clk_out1
    SLICE_X109Y98        FDCE                                         r  lcd_pic_inst/pix_data_reg[15]/C
  -------------------------------------------------------------------    -------------------
    SLICE_X109Y98        FDCE (Prop_fdce_C_Q)         0.141    -0.348 r  lcd_pic_inst/pix_data_reg[15]/Q
                         net (fo=1, routed)           0.109    -0.238    lcd_ctrl_inst/pix_data[0]
    SLICE_X113Y98        LUT6 (Prop_lut6_I0_O)        0.045    -0.193 r  lcd_ctrl_inst/rgb_lcd_OBUF[15]_inst_i_1/O
                         net (fo=1, routed)           0.442     0.249    rgb_lcd_OBUF[15]
    E19                  OBUF (Prop_obuf_I_O)         1.262     1.511 r  rgb_lcd_OBUF[15]_inst/O
                         net (fo=0)                   0.000     1.511    rgb_lcd[15]
    E19                                                               r  rgb_lcd[15] (OUT)
  -------------------------------------------------------------------    -------------------

Slack:                    inf
  Source:                 lcd_ctrl_inst/cnt_h_reg[10]/C
                            (rising edge-triggered cell FDCE clocked by clk_out1_clk_wiz_0  {rise@0.000ns fall@15.152ns period=30.303ns})
  Destination:            hsync
                            (output port)
  Path Group:             (none)
  Path Type:              Min at Fast Process Corner
  Data Path Delay:        2.062ns  (logic 1.435ns (69.605%)  route 0.627ns (30.395%))
  Logic Levels:           2  (LUT5=1 OBUF=1)
  Clock Uncertainty:      0.430ns  ((TSJ^2 + DJ^2)^1/2) / 2 + PE
    Total System Jitter     (TSJ):    0.050ns
    Discrete Jitter          (DJ):    0.333ns
    Phase Error              (PE):    0.262ns

    Location             Delay type                Incr(ns)  Path(ns)    Netlist Resource(s)
  -------------------------------------------------------------------    -------------------
                         (clock clk_out1_clk_wiz_0 rise edge)
                                                      0.000     0.000 r  
    Y9                                                0.000     0.000 r  sys_clk (IN)
                         net (fo=0)                   0.000     0.000    clk_wiz_0_inst/inst/clk_in1
    Y9                   IBUF (Prop_ibuf_I_O)         0.258     0.258 r  clk_wiz_0_inst/inst/clkin1_ibufg/O
                         net (fo=1, routed)           0.440     0.698    clk_wiz_0_inst/inst/clk_in1_clk_wiz_0
    PLLE2_ADV_X0Y0       PLLE2_ADV (Prop_plle2_adv_CLKIN1_CLKOUT0)
                                                     -2.384    -1.685 r  clk_wiz_0_inst/inst/plle2_adv_inst/CLKOUT0
                         net (fo=1, routed)           0.533    -1.152    clk_wiz_0_inst/inst/clk_out1_clk_wiz_0
    BUFGCTRL_X0Y0        BUFG (Prop_bufg_I_O)         0.026    -1.126 r  clk_wiz_0_inst/inst/clkout1_buf/O
                         net (fo=76, routed)          0.639    -0.488    lcd_ctrl_inst/clk_out1
    SLICE_X110Y99        FDCE                                         r  lcd_ctrl_inst/cnt_h_reg[10]/C
  -------------------------------------------------------------------    -------------------
    SLICE_X110Y99        FDCE (Prop_fdce_C_Q)         0.141    -0.347 f  lcd_ctrl_inst/cnt_h_reg[10]/Q
                         net (fo=6, routed)           0.205    -0.141    lcd_ctrl_inst/cnt_h_reg_n_0_[10]
    SLICE_X113Y99        LUT5 (Prop_lut5_I1_O)        0.045    -0.096 r  lcd_ctrl_inst/hsync_OBUF_inst_i_1/O
                         net (fo=2, routed)           0.422     0.325    hsync_OBUF
    J16                  OBUF (Prop_obuf_I_O)         1.249     1.575 r  hsync_OBUF_inst/O
                         net (fo=0)                   0.000     1.575    hsync
    J16                                                               r  hsync (OUT)
  -------------------------------------------------------------------    -------------------

Slack:                    inf
  Source:                 lcd_ctrl_inst/cnt_h_reg[10]/C
                            (rising edge-triggered cell FDCE clocked by clk_out1_clk_wiz_0  {rise@0.000ns fall@15.152ns period=30.303ns})
  Destination:            lcd_de
                            (output port)
  Path Group:             (none)
  Path Type:              Min at Fast Process Corner
  Data Path Delay:        2.727ns  (logic 1.424ns (52.230%)  route 1.302ns (47.770%))
  Logic Levels:           2  (LUT5=1 OBUF=1)
  Clock Uncertainty:      0.430ns  ((TSJ^2 + DJ^2)^1/2) / 2 + PE
    Total System Jitter     (TSJ):    0.050ns
    Discrete Jitter          (DJ):    0.333ns
    Phase Error              (PE):    0.262ns

    Location             Delay type                Incr(ns)  Path(ns)    Netlist Resource(s)
  -------------------------------------------------------------------    -------------------
                         (clock clk_out1_clk_wiz_0 rise edge)
                                                      0.000     0.000 r  
    Y9                                                0.000     0.000 r  sys_clk (IN)
                         net (fo=0)                   0.000     0.000    clk_wiz_0_inst/inst/clk_in1
    Y9                   IBUF (Prop_ibuf_I_O)         0.258     0.258 r  clk_wiz_0_inst/inst/clkin1_ibufg/O
                         net (fo=1, routed)           0.440     0.698    clk_wiz_0_inst/inst/clk_in1_clk_wiz_0
    PLLE2_ADV_X0Y0       PLLE2_ADV (Prop_plle2_adv_CLKIN1_CLKOUT0)
                                                     -2.384    -1.685 r  clk_wiz_0_inst/inst/plle2_adv_inst/CLKOUT0
                         net (fo=1, routed)           0.533    -1.152    clk_wiz_0_inst/inst/clk_out1_clk_wiz_0
    BUFGCTRL_X0Y0        BUFG (Prop_bufg_I_O)         0.026    -1.126 r  clk_wiz_0_inst/inst/clkout1_buf/O
                         net (fo=76, routed)          0.639    -0.488    lcd_ctrl_inst/clk_out1
    SLICE_X110Y99        FDCE                                         r  lcd_ctrl_inst/cnt_h_reg[10]/C
  -------------------------------------------------------------------    -------------------
    SLICE_X110Y99        FDCE (Prop_fdce_C_Q)         0.141    -0.347 f  lcd_ctrl_inst/cnt_h_reg[10]/Q
                         net (fo=6, routed)           0.289    -0.057    lcd_ctrl_inst/cnt_h_reg_n_0_[10]
    SLICE_X113Y99        LUT5 (Prop_lut5_I2_O)        0.045    -0.012 r  lcd_ctrl_inst/lcd_de_OBUF_inst_i_1/O
                         net (fo=1, routed)           1.013     1.001    lcd_de_OBUF
    D15                  OBUF (Prop_obuf_I_O)         1.238     2.239 r  lcd_de_OBUF_inst/O
                         net (fo=0)                   0.000     2.239    lcd_de
    D15                                                               r  lcd_de (OUT)
  -------------------------------------------------------------------    -------------------





--------------------------------------------------------------------------------------
Path Group:  (none)
From Clock:  clkfbout_clk_wiz_0
  To Clock:  

Max Delay             1 Endpoint
Min Delay             1 Endpoint
--------------------------------------------------------------------------------------


Max Delay Paths
--------------------------------------------------------------------------------------
Slack:                    inf
  Source:                 clk_wiz_0_inst/inst/plle2_adv_inst/CLKFBOUT
                            (clock source 'clkfbout_clk_wiz_0'  {rise@0.000ns fall@20.000ns period=40.000ns})
  Destination:            clk_wiz_0_inst/inst/plle2_adv_inst/CLKFBIN
  Path Group:             (none)
  Path Type:              Max at Fast Process Corner
  Data Path Delay:        1.458ns  (logic 0.029ns (1.989%)  route 1.429ns (98.011%))
  Logic Levels:           1  (BUFG=1)
  Clock Uncertainty:      0.356ns  ((TSJ^2 + DJ^2)^1/2) / 2 + PE
    Total System Jitter     (TSJ):    0.050ns
    Discrete Jitter          (DJ):    0.182ns
    Phase Error              (PE):    0.262ns

    Location             Delay type                Incr(ns)  Path(ns)    Netlist Resource(s)
  -------------------------------------------------------------------    -------------------
                         (clock clkfbout_clk_wiz_0 fall edge)
                                                     20.000    20.000 f  
    Y9                                                0.000    20.000 f  sys_clk (IN)
                         net (fo=0)                   0.000    20.000    clk_wiz_0_inst/inst/clk_in1
    Y9                   IBUF (Prop_ibuf_I_O)         0.446    20.446 f  clk_wiz_0_inst/inst/clkin1_ibufg/O
                         net (fo=1, routed)           0.481    20.927    clk_wiz_0_inst/inst/clk_in1_clk_wiz_0
  -------------------------------------------------------------------    -------------------
    PLLE2_ADV_X0Y0       PLLE2_ADV (Prop_plle2_adv_CLKIN1_CLKFBOUT)
                                                     -2.700    18.227 f  clk_wiz_0_inst/inst/plle2_adv_inst/CLKFBOUT
                         net (fo=1, routed)           0.580    18.807    clk_wiz_0_inst/inst/clkfbout_clk_wiz_0
    BUFGCTRL_X0Y1        BUFG (Prop_bufg_I_O)         0.029    18.836 f  clk_wiz_0_inst/inst/clkf_buf/O
                         net (fo=1, routed)           0.849    19.685    clk_wiz_0_inst/inst/clkfbout_buf_clk_wiz_0
    PLLE2_ADV_X0Y0       PLLE2_ADV                                    f  clk_wiz_0_inst/inst/plle2_adv_inst/CLKFBIN
  -------------------------------------------------------------------    -------------------





Min Delay Paths
--------------------------------------------------------------------------------------
Slack:                    inf
  Source:                 clk_wiz_0_inst/inst/plle2_adv_inst/CLKFBOUT
                            (clock source 'clkfbout_clk_wiz_0'  {rise@0.000ns fall@20.000ns period=40.000ns})
  Destination:            clk_wiz_0_inst/inst/plle2_adv_inst/CLKFBIN
  Path Group:             (none)
  Path Type:              Min at Slow Process Corner
  Data Path Delay:        3.366ns  (logic 0.091ns (2.703%)  route 3.275ns (97.297%))
  Logic Levels:           1  (BUFG=1)
  Clock Uncertainty:      0.356ns  ((TSJ^2 + DJ^2)^1/2) / 2 + PE
    Total System Jitter     (TSJ):    0.050ns
    Discrete Jitter          (DJ):    0.182ns
    Phase Error              (PE):    0.262ns

    Location             Delay type                Incr(ns)  Path(ns)    Netlist Resource(s)
  -------------------------------------------------------------------    -------------------
                         (clock clkfbout_clk_wiz_0 rise edge)
                                                      0.000     0.000 r  
    Y9                                                0.000     0.000 r  sys_clk (IN)
                         net (fo=0)                   0.000     0.000    clk_wiz_0_inst/inst/clk_in1
    Y9                   IBUF (Prop_ibuf_I_O)         1.420     1.420 r  clk_wiz_0_inst/inst/clkin1_ibufg/O
                         net (fo=1, routed)           1.181     2.601    clk_wiz_0_inst/inst/clk_in1_clk_wiz_0
  -------------------------------------------------------------------    -------------------
    PLLE2_ADV_X0Y0       PLLE2_ADV (Prop_plle2_adv_CLKIN1_CLKFBOUT)
                                                     -7.970    -5.369 r  clk_wiz_0_inst/inst/plle2_adv_inst/CLKFBOUT
                         net (fo=1, routed)           1.686    -3.683    clk_wiz_0_inst/inst/clkfbout_clk_wiz_0
    BUFGCTRL_X0Y1        BUFG (Prop_bufg_I_O)         0.091    -3.592 r  clk_wiz_0_inst/inst/clkf_buf/O
                         net (fo=1, routed)           1.589    -2.002    clk_wiz_0_inst/inst/clkfbout_buf_clk_wiz_0
    PLLE2_ADV_X0Y0       PLLE2_ADV                                    r  clk_wiz_0_inst/inst/plle2_adv_inst/CLKFBIN
  -------------------------------------------------------------------    -------------------





--------------------------------------------------------------------------------------
Path Group:  (none)
From Clock:  
  To Clock:  clk_out1_clk_wiz_0

Max Delay            77 Endpoints
Min Delay            77 Endpoints
--------------------------------------------------------------------------------------


Max Delay Paths
--------------------------------------------------------------------------------------
Slack:                    inf
  Source:                 clk_wiz_0_inst/inst/plle2_adv_inst/LOCKED
                            (internal pin)
  Destination:            lcd_ctrl_inst/cnt_h_reg[1]/CLR
                            (recovery check against rising-edge clock clk_out1_clk_wiz_0  {rise@0.000ns fall@15.152ns period=30.303ns})
  Path Group:             (none)
  Path Type:              Recovery (Max at Slow Process Corner)
  Data Path Delay:        8.581ns  (logic 0.124ns (1.445%)  route 8.457ns (98.555%))
  Logic Levels:           1  (LUT2=1)
  Clock Uncertainty:      0.430ns  ((TSJ^2 + DJ^2)^1/2) / 2 + PE
    Total System Jitter     (TSJ):    0.050ns
    Discrete Jitter          (DJ):    0.333ns
    Phase Error              (PE):    0.262ns

    Location             Delay type                Incr(ns)  Path(ns)    Netlist Resource(s)
  -------------------------------------------------------------------    -------------------
    PLLE2_ADV_X0Y0       PLLE2_ADV                    0.000     0.000 r  clk_wiz_0_inst/inst/plle2_adv_inst/LOCKED
                         net (fo=1, routed)           5.040     5.040    lcd_pic_inst/locked
    SLICE_X102Y87        LUT2 (Prop_lut2_I1_O)        0.124     5.164 f  lcd_pic_inst/FSM_onehot_state[2]_i_2/O
                         net (fo=75, routed)          3.417     8.581    lcd_ctrl_inst/cnt_h_reg[11]_1
    SLICE_X110Y100       FDCE                                         f  lcd_ctrl_inst/cnt_h_reg[1]/CLR
  -------------------------------------------------------------------    -------------------

                         (clock clk_out1_clk_wiz_0 rise edge)
                                                      0.000     0.000 r  
    Y9                                                0.000     0.000 r  sys_clk (IN)
                         net (fo=0)                   0.000     0.000    clk_wiz_0_inst/inst/clk_in1
    Y9                   IBUF (Prop_ibuf_I_O)         1.420     1.420 r  clk_wiz_0_inst/inst/clkin1_ibufg/O
                         net (fo=1, routed)           1.181     2.601    clk_wiz_0_inst/inst/clk_in1_clk_wiz_0
    PLLE2_ADV_X0Y0       PLLE2_ADV (Prop_plle2_adv_CLKIN1_CLKOUT0)
                                                     -7.970    -5.369 r  clk_wiz_0_inst/inst/plle2_adv_inst/CLKOUT0
                         net (fo=1, routed)           1.686    -3.683    clk_wiz_0_inst/inst/clk_out1_clk_wiz_0
    BUFGCTRL_X0Y0        BUFG (Prop_bufg_I_O)         0.091    -3.592 r  clk_wiz_0_inst/inst/clkout1_buf/O
                         net (fo=76, routed)          1.864    -1.728    lcd_ctrl_inst/clk_out1
    SLICE_X110Y100       FDCE                                         r  lcd_ctrl_inst/cnt_h_reg[1]/C

Slack:                    inf
  Source:                 clk_wiz_0_inst/inst/plle2_adv_inst/LOCKED
                            (internal pin)
  Destination:            lcd_ctrl_inst/cnt_h_reg[6]/CLR
                            (recovery check against rising-edge clock clk_out1_clk_wiz_0  {rise@0.000ns fall@15.152ns period=30.303ns})
  Path Group:             (none)
  Path Type:              Recovery (Max at Slow Process Corner)
  Data Path Delay:        8.577ns  (logic 0.124ns (1.446%)  route 8.453ns (98.554%))
  Logic Levels:           1  (LUT2=1)
  Clock Uncertainty:      0.430ns  ((TSJ^2 + DJ^2)^1/2) / 2 + PE
    Total System Jitter     (TSJ):    0.050ns
    Discrete Jitter          (DJ):    0.333ns
    Phase Error              (PE):    0.262ns

    Location             Delay type                Incr(ns)  Path(ns)    Netlist Resource(s)
  -------------------------------------------------------------------    -------------------
    PLLE2_ADV_X0Y0       PLLE2_ADV                    0.000     0.000 r  clk_wiz_0_inst/inst/plle2_adv_inst/LOCKED
                         net (fo=1, routed)           5.040     5.040    lcd_pic_inst/locked
    SLICE_X102Y87        LUT2 (Prop_lut2_I1_O)        0.124     5.164 f  lcd_pic_inst/FSM_onehot_state[2]_i_2/O
                         net (fo=75, routed)          3.413     8.577    lcd_ctrl_inst/cnt_h_reg[11]_1
    SLICE_X111Y100       FDCE                                         f  lcd_ctrl_inst/cnt_h_reg[6]/CLR
  -------------------------------------------------------------------    -------------------

                         (clock clk_out1_clk_wiz_0 rise edge)
                                                      0.000     0.000 r  
    Y9                                                0.000     0.000 r  sys_clk (IN)
                         net (fo=0)                   0.000     0.000    clk_wiz_0_inst/inst/clk_in1
    Y9                   IBUF (Prop_ibuf_I_O)         1.420     1.420 r  clk_wiz_0_inst/inst/clkin1_ibufg/O
                         net (fo=1, routed)           1.181     2.601    clk_wiz_0_inst/inst/clk_in1_clk_wiz_0
    PLLE2_ADV_X0Y0       PLLE2_ADV (Prop_plle2_adv_CLKIN1_CLKOUT0)
                                                     -7.970    -5.369 r  clk_wiz_0_inst/inst/plle2_adv_inst/CLKOUT0
                         net (fo=1, routed)           1.686    -3.683    clk_wiz_0_inst/inst/clk_out1_clk_wiz_0
    BUFGCTRL_X0Y0        BUFG (Prop_bufg_I_O)         0.091    -3.592 r  clk_wiz_0_inst/inst/clkout1_buf/O
                         net (fo=76, routed)          1.864    -1.728    lcd_ctrl_inst/clk_out1
    SLICE_X111Y100       FDCE                                         r  lcd_ctrl_inst/cnt_h_reg[6]/C

Slack:                    inf
  Source:                 clk_wiz_0_inst/inst/plle2_adv_inst/LOCKED
                            (internal pin)
  Destination:            lcd_ctrl_inst/cnt_h_reg[9]/CLR
                            (recovery check against rising-edge clock clk_out1_clk_wiz_0  {rise@0.000ns fall@15.152ns period=30.303ns})
  Path Group:             (none)
  Path Type:              Recovery (Max at Slow Process Corner)
  Data Path Delay:        8.577ns  (logic 0.124ns (1.446%)  route 8.453ns (98.554%))
  Logic Levels:           1  (LUT2=1)
  Clock Uncertainty:      0.430ns  ((TSJ^2 + DJ^2)^1/2) / 2 + PE
    Total System Jitter     (TSJ):    0.050ns
    Discrete Jitter          (DJ):    0.333ns
    Phase Error              (PE):    0.262ns

    Location             Delay type                Incr(ns)  Path(ns)    Netlist Resource(s)
  -------------------------------------------------------------------    -------------------
    PLLE2_ADV_X0Y0       PLLE2_ADV                    0.000     0.000 r  clk_wiz_0_inst/inst/plle2_adv_inst/LOCKED
                         net (fo=1, routed)           5.040     5.040    lcd_pic_inst/locked
    SLICE_X102Y87        LUT2 (Prop_lut2_I1_O)        0.124     5.164 f  lcd_pic_inst/FSM_onehot_state[2]_i_2/O
                         net (fo=75, routed)          3.413     8.577    lcd_ctrl_inst/cnt_h_reg[11]_1
    SLICE_X111Y100       FDCE                                         f  lcd_ctrl_inst/cnt_h_reg[9]/CLR
  -------------------------------------------------------------------    -------------------

                         (clock clk_out1_clk_wiz_0 rise edge)
                                                      0.000     0.000 r  
    Y9                                                0.000     0.000 r  sys_clk (IN)
                         net (fo=0)                   0.000     0.000    clk_wiz_0_inst/inst/clk_in1
    Y9                   IBUF (Prop_ibuf_I_O)         1.420     1.420 r  clk_wiz_0_inst/inst/clkin1_ibufg/O
                         net (fo=1, routed)           1.181     2.601    clk_wiz_0_inst/inst/clk_in1_clk_wiz_0
    PLLE2_ADV_X0Y0       PLLE2_ADV (Prop_plle2_adv_CLKIN1_CLKOUT0)
                                                     -7.970    -5.369 r  clk_wiz_0_inst/inst/plle2_adv_inst/CLKOUT0
                         net (fo=1, routed)           1.686    -3.683    clk_wiz_0_inst/inst/clk_out1_clk_wiz_0
    BUFGCTRL_X0Y0        BUFG (Prop_bufg_I_O)         0.091    -3.592 r  clk_wiz_0_inst/inst/clkout1_buf/O
                         net (fo=76, routed)          1.864    -1.728    lcd_ctrl_inst/clk_out1
    SLICE_X111Y100       FDCE                                         r  lcd_ctrl_inst/cnt_h_reg[9]/C

Slack:                    inf
  Source:                 clk_wiz_0_inst/inst/plle2_adv_inst/LOCKED
                            (internal pin)
  Destination:            lcd_ctrl_inst/cnt_h_reg[10]/CLR
                            (recovery check against rising-edge clock clk_out1_clk_wiz_0  {rise@0.000ns fall@15.152ns period=30.303ns})
  Path Group:             (none)
  Path Type:              Recovery (Max at Slow Process Corner)
  Data Path Delay:        8.132ns  (logic 0.124ns (1.525%)  route 8.008ns (98.475%))
  Logic Levels:           1  (LUT2=1)
  Clock Uncertainty:      0.430ns  ((TSJ^2 + DJ^2)^1/2) / 2 + PE
    Total System Jitter     (TSJ):    0.050ns
    Discrete Jitter          (DJ):    0.333ns
    Phase Error              (PE):    0.262ns

    Location             Delay type                Incr(ns)  Path(ns)    Netlist Resource(s)
  -------------------------------------------------------------------    -------------------
    PLLE2_ADV_X0Y0       PLLE2_ADV                    0.000     0.000 r  clk_wiz_0_inst/inst/plle2_adv_inst/LOCKED
                         net (fo=1, routed)           5.040     5.040    lcd_pic_inst/locked
    SLICE_X102Y87        LUT2 (Prop_lut2_I1_O)        0.124     5.164 f  lcd_pic_inst/FSM_onehot_state[2]_i_2/O
                         net (fo=75, routed)          2.967     8.132    lcd_ctrl_inst/cnt_h_reg[11]_1
    SLICE_X110Y99        FDCE                                         f  lcd_ctrl_inst/cnt_h_reg[10]/CLR
  -------------------------------------------------------------------    -------------------

                         (clock clk_out1_clk_wiz_0 rise edge)
                                                      0.000     0.000 r  
    Y9                                                0.000     0.000 r  sys_clk (IN)
                         net (fo=0)                   0.000     0.000    clk_wiz_0_inst/inst/clk_in1
    Y9                   IBUF (Prop_ibuf_I_O)         1.420     1.420 r  clk_wiz_0_inst/inst/clkin1_ibufg/O
                         net (fo=1, routed)           1.181     2.601    clk_wiz_0_inst/inst/clk_in1_clk_wiz_0
    PLLE2_ADV_X0Y0       PLLE2_ADV (Prop_plle2_adv_CLKIN1_CLKOUT0)
                                                     -7.970    -5.369 r  clk_wiz_0_inst/inst/plle2_adv_inst/CLKOUT0
                         net (fo=1, routed)           1.686    -3.683    clk_wiz_0_inst/inst/clk_out1_clk_wiz_0
    BUFGCTRL_X0Y0        BUFG (Prop_bufg_I_O)         0.091    -3.592 r  clk_wiz_0_inst/inst/clkout1_buf/O
                         net (fo=76, routed)          1.690    -1.902    lcd_ctrl_inst/clk_out1
    SLICE_X110Y99        FDCE                                         r  lcd_ctrl_inst/cnt_h_reg[10]/C

Slack:                    inf
  Source:                 clk_wiz_0_inst/inst/plle2_adv_inst/LOCKED
                            (internal pin)
  Destination:            lcd_ctrl_inst/cnt_h_reg[11]/CLR
                            (recovery check against rising-edge clock clk_out1_clk_wiz_0  {rise@0.000ns fall@15.152ns period=30.303ns})
  Path Group:             (none)
  Path Type:              Recovery (Max at Slow Process Corner)
  Data Path Delay:        8.132ns  (logic 0.124ns (1.525%)  route 8.008ns (98.475%))
  Logic Levels:           1  (LUT2=1)
  Clock Uncertainty:      0.430ns  ((TSJ^2 + DJ^2)^1/2) / 2 + PE
    Total System Jitter     (TSJ):    0.050ns
    Discrete Jitter          (DJ):    0.333ns
    Phase Error              (PE):    0.262ns

    Location             Delay type                Incr(ns)  Path(ns)    Netlist Resource(s)
  -------------------------------------------------------------------    -------------------
    PLLE2_ADV_X0Y0       PLLE2_ADV                    0.000     0.000 r  clk_wiz_0_inst/inst/plle2_adv_inst/LOCKED
                         net (fo=1, routed)           5.040     5.040    lcd_pic_inst/locked
    SLICE_X102Y87        LUT2 (Prop_lut2_I1_O)        0.124     5.164 f  lcd_pic_inst/FSM_onehot_state[2]_i_2/O
                         net (fo=75, routed)          2.967     8.132    lcd_ctrl_inst/cnt_h_reg[11]_1
    SLICE_X110Y99        FDCE                                         f  lcd_ctrl_inst/cnt_h_reg[11]/CLR
  -------------------------------------------------------------------    -------------------

                         (clock clk_out1_clk_wiz_0 rise edge)
                                                      0.000     0.000 r  
    Y9                                                0.000     0.000 r  sys_clk (IN)
                         net (fo=0)                   0.000     0.000    clk_wiz_0_inst/inst/clk_in1
    Y9                   IBUF (Prop_ibuf_I_O)         1.420     1.420 r  clk_wiz_0_inst/inst/clkin1_ibufg/O
                         net (fo=1, routed)           1.181     2.601    clk_wiz_0_inst/inst/clk_in1_clk_wiz_0
    PLLE2_ADV_X0Y0       PLLE2_ADV (Prop_plle2_adv_CLKIN1_CLKOUT0)
                                                     -7.970    -5.369 r  clk_wiz_0_inst/inst/plle2_adv_inst/CLKOUT0
                         net (fo=1, routed)           1.686    -3.683    clk_wiz_0_inst/inst/clk_out1_clk_wiz_0
    BUFGCTRL_X0Y0        BUFG (Prop_bufg_I_O)         0.091    -3.592 r  clk_wiz_0_inst/inst/clkout1_buf/O
                         net (fo=76, routed)          1.690    -1.902    lcd_ctrl_inst/clk_out1
    SLICE_X110Y99        FDCE                                         r  lcd_ctrl_inst/cnt_h_reg[11]/C

Slack:                    inf
  Source:                 clk_wiz_0_inst/inst/plle2_adv_inst/LOCKED
                            (internal pin)
  Destination:            lcd_ctrl_inst/cnt_h_reg[5]/CLR
                            (recovery check against rising-edge clock clk_out1_clk_wiz_0  {rise@0.000ns fall@15.152ns period=30.303ns})
  Path Group:             (none)
  Path Type:              Recovery (Max at Slow Process Corner)
  Data Path Delay:        7.983ns  (logic 0.124ns (1.553%)  route 7.859ns (98.447%))
  Logic Levels:           1  (LUT2=1)
  Clock Uncertainty:      0.430ns  ((TSJ^2 + DJ^2)^1/2) / 2 + PE
    Total System Jitter     (TSJ):    0.050ns
    Discrete Jitter          (DJ):    0.333ns
    Phase Error              (PE):    0.262ns

    Location             Delay type                Incr(ns)  Path(ns)    Netlist Resource(s)
  -------------------------------------------------------------------    -------------------
    PLLE2_ADV_X0Y0       PLLE2_ADV                    0.000     0.000 r  clk_wiz_0_inst/inst/plle2_adv_inst/LOCKED
                         net (fo=1, routed)           5.040     5.040    lcd_pic_inst/locked
    SLICE_X102Y87        LUT2 (Prop_lut2_I1_O)        0.124     5.164 f  lcd_pic_inst/FSM_onehot_state[2]_i_2/O
                         net (fo=75, routed)          2.819     7.983    lcd_ctrl_inst/cnt_h_reg[11]_1
    SLICE_X110Y98        FDCE                                         f  lcd_ctrl_inst/cnt_h_reg[5]/CLR
  -------------------------------------------------------------------    -------------------

                         (clock clk_out1_clk_wiz_0 rise edge)
                                                      0.000     0.000 r  
    Y9                                                0.000     0.000 r  sys_clk (IN)
                         net (fo=0)                   0.000     0.000    clk_wiz_0_inst/inst/clk_in1
    Y9                   IBUF (Prop_ibuf_I_O)         1.420     1.420 r  clk_wiz_0_inst/inst/clkin1_ibufg/O
                         net (fo=1, routed)           1.181     2.601    clk_wiz_0_inst/inst/clk_in1_clk_wiz_0
    PLLE2_ADV_X0Y0       PLLE2_ADV (Prop_plle2_adv_CLKIN1_CLKOUT0)
                                                     -7.970    -5.369 r  clk_wiz_0_inst/inst/plle2_adv_inst/CLKOUT0
                         net (fo=1, routed)           1.686    -3.683    clk_wiz_0_inst/inst/clk_out1_clk_wiz_0
    BUFGCTRL_X0Y0        BUFG (Prop_bufg_I_O)         0.091    -3.592 r  clk_wiz_0_inst/inst/clkout1_buf/O
                         net (fo=76, routed)          1.690    -1.902    lcd_ctrl_inst/clk_out1
    SLICE_X110Y98        FDCE                                         r  lcd_ctrl_inst/cnt_h_reg[5]/C

Slack:                    inf
  Source:                 clk_wiz_0_inst/inst/plle2_adv_inst/LOCKED
                            (internal pin)
  Destination:            lcd_ctrl_inst/cnt_h_reg[7]/CLR
                            (recovery check against rising-edge clock clk_out1_clk_wiz_0  {rise@0.000ns fall@15.152ns period=30.303ns})
  Path Group:             (none)
  Path Type:              Recovery (Max at Slow Process Corner)
  Data Path Delay:        7.983ns  (logic 0.124ns (1.553%)  route 7.859ns (98.447%))
  Logic Levels:           1  (LUT2=1)
  Clock Uncertainty:      0.430ns  ((TSJ^2 + DJ^2)^1/2) / 2 + PE
    Total System Jitter     (TSJ):    0.050ns
    Discrete Jitter          (DJ):    0.333ns
    Phase Error              (PE):    0.262ns

    Location             Delay type                Incr(ns)  Path(ns)    Netlist Resource(s)
  -------------------------------------------------------------------    -------------------
    PLLE2_ADV_X0Y0       PLLE2_ADV                    0.000     0.000 r  clk_wiz_0_inst/inst/plle2_adv_inst/LOCKED
                         net (fo=1, routed)           5.040     5.040    lcd_pic_inst/locked
    SLICE_X102Y87        LUT2 (Prop_lut2_I1_O)        0.124     5.164 f  lcd_pic_inst/FSM_onehot_state[2]_i_2/O
                         net (fo=75, routed)          2.819     7.983    lcd_ctrl_inst/cnt_h_reg[11]_1
    SLICE_X110Y98        FDCE                                         f  lcd_ctrl_inst/cnt_h_reg[7]/CLR
  -------------------------------------------------------------------    -------------------

                         (clock clk_out1_clk_wiz_0 rise edge)
                                                      0.000     0.000 r  
    Y9                                                0.000     0.000 r  sys_clk (IN)
                         net (fo=0)                   0.000     0.000    clk_wiz_0_inst/inst/clk_in1
    Y9                   IBUF (Prop_ibuf_I_O)         1.420     1.420 r  clk_wiz_0_inst/inst/clkin1_ibufg/O
                         net (fo=1, routed)           1.181     2.601    clk_wiz_0_inst/inst/clk_in1_clk_wiz_0
    PLLE2_ADV_X0Y0       PLLE2_ADV (Prop_plle2_adv_CLKIN1_CLKOUT0)
                                                     -7.970    -5.369 r  clk_wiz_0_inst/inst/plle2_adv_inst/CLKOUT0
                         net (fo=1, routed)           1.686    -3.683    clk_wiz_0_inst/inst/clk_out1_clk_wiz_0
    BUFGCTRL_X0Y0        BUFG (Prop_bufg_I_O)         0.091    -3.592 r  clk_wiz_0_inst/inst/clkout1_buf/O
                         net (fo=76, routed)          1.690    -1.902    lcd_ctrl_inst/clk_out1
    SLICE_X110Y98        FDCE                                         r  lcd_ctrl_inst/cnt_h_reg[7]/C

Slack:                    inf
  Source:                 clk_wiz_0_inst/inst/plle2_adv_inst/LOCKED
                            (internal pin)
  Destination:            lcd_ctrl_inst/cnt_h_reg[0]/CLR
                            (recovery check against rising-edge clock clk_out1_clk_wiz_0  {rise@0.000ns fall@15.152ns period=30.303ns})
  Path Group:             (none)
  Path Type:              Recovery (Max at Slow Process Corner)
  Data Path Delay:        7.889ns  (logic 0.124ns (1.572%)  route 7.765ns (98.428%))
  Logic Levels:           1  (LUT2=1)
  Clock Uncertainty:      0.430ns  ((TSJ^2 + DJ^2)^1/2) / 2 + PE
    Total System Jitter     (TSJ):    0.050ns
    Discrete Jitter          (DJ):    0.333ns
    Phase Error              (PE):    0.262ns

    Location             Delay type                Incr(ns)  Path(ns)    Netlist Resource(s)
  -------------------------------------------------------------------    -------------------
    PLLE2_ADV_X0Y0       PLLE2_ADV                    0.000     0.000 r  clk_wiz_0_inst/inst/plle2_adv_inst/LOCKED
                         net (fo=1, routed)           5.040     5.040    lcd_pic_inst/locked
    SLICE_X102Y87        LUT2 (Prop_lut2_I1_O)        0.124     5.164 f  lcd_pic_inst/FSM_onehot_state[2]_i_2/O
                         net (fo=75, routed)          2.725     7.889    lcd_ctrl_inst/cnt_h_reg[11]_1
    SLICE_X112Y99        FDCE                                         f  lcd_ctrl_inst/cnt_h_reg[0]/CLR
  -------------------------------------------------------------------    -------------------

                         (clock clk_out1_clk_wiz_0 rise edge)
                                                      0.000     0.000 r  
    Y9                                                0.000     0.000 r  sys_clk (IN)
                         net (fo=0)                   0.000     0.000    clk_wiz_0_inst/inst/clk_in1
    Y9                   IBUF (Prop_ibuf_I_O)         1.420     1.420 r  clk_wiz_0_inst/inst/clkin1_ibufg/O
                         net (fo=1, routed)           1.181     2.601    clk_wiz_0_inst/inst/clk_in1_clk_wiz_0
    PLLE2_ADV_X0Y0       PLLE2_ADV (Prop_plle2_adv_CLKIN1_CLKOUT0)
                                                     -7.970    -5.369 r  clk_wiz_0_inst/inst/plle2_adv_inst/CLKOUT0
                         net (fo=1, routed)           1.686    -3.683    clk_wiz_0_inst/inst/clk_out1_clk_wiz_0
    BUFGCTRL_X0Y0        BUFG (Prop_bufg_I_O)         0.091    -3.592 r  clk_wiz_0_inst/inst/clkout1_buf/O
                         net (fo=76, routed)          1.690    -1.902    lcd_ctrl_inst/clk_out1
    SLICE_X112Y99        FDCE                                         r  lcd_ctrl_inst/cnt_h_reg[0]/C

Slack:                    inf
  Source:                 clk_wiz_0_inst/inst/plle2_adv_inst/LOCKED
                            (internal pin)
  Destination:            lcd_pic_inst/box_x_reg[6]/PRE
                            (recovery check against rising-edge clock clk_out1_clk_wiz_0  {rise@0.000ns fall@15.152ns period=30.303ns})
  Path Group:             (none)
  Path Type:              Recovery (Max at Slow Process Corner)
  Data Path Delay:        7.840ns  (logic 0.124ns (1.582%)  route 7.716ns (98.418%))
  Logic Levels:           1  (LUT2=1)
  Clock Uncertainty:      0.430ns  ((TSJ^2 + DJ^2)^1/2) / 2 + PE
    Total System Jitter     (TSJ):    0.050ns
    Discrete Jitter          (DJ):    0.333ns
    Phase Error              (PE):    0.262ns

    Location             Delay type                Incr(ns)  Path(ns)    Netlist Resource(s)
  -------------------------------------------------------------------    -------------------
    PLLE2_ADV_X0Y0       PLLE2_ADV                    0.000     0.000 r  clk_wiz_0_inst/inst/plle2_adv_inst/LOCKED
                         net (fo=1, routed)           5.040     5.040    lcd_pic_inst/locked
    SLICE_X102Y87        LUT2 (Prop_lut2_I1_O)        0.124     5.164 f  lcd_pic_inst/FSM_onehot_state[2]_i_2/O
                         net (fo=75, routed)          2.676     7.840    lcd_pic_inst/sys_rst_n
    SLICE_X106Y99        FDPE                                         f  lcd_pic_inst/box_x_reg[6]/PRE
  -------------------------------------------------------------------    -------------------

                         (clock clk_out1_clk_wiz_0 rise edge)
                                                      0.000     0.000 r  
    Y9                                                0.000     0.000 r  sys_clk (IN)
                         net (fo=0)                   0.000     0.000    clk_wiz_0_inst/inst/clk_in1
    Y9                   IBUF (Prop_ibuf_I_O)         1.420     1.420 r  clk_wiz_0_inst/inst/clkin1_ibufg/O
                         net (fo=1, routed)           1.181     2.601    clk_wiz_0_inst/inst/clk_in1_clk_wiz_0
    PLLE2_ADV_X0Y0       PLLE2_ADV (Prop_plle2_adv_CLKIN1_CLKOUT0)
                                                     -7.970    -5.369 r  clk_wiz_0_inst/inst/plle2_adv_inst/CLKOUT0
                         net (fo=1, routed)           1.686    -3.683    clk_wiz_0_inst/inst/clk_out1_clk_wiz_0
    BUFGCTRL_X0Y0        BUFG (Prop_bufg_I_O)         0.091    -3.592 r  clk_wiz_0_inst/inst/clkout1_buf/O
                         net (fo=76, routed)          1.687    -1.905    lcd_pic_inst/clk_out1
    SLICE_X106Y99        FDPE                                         r  lcd_pic_inst/box_x_reg[6]/C

Slack:                    inf
  Source:                 clk_wiz_0_inst/inst/plle2_adv_inst/LOCKED
                            (internal pin)
  Destination:            lcd_pic_inst/box_x_reg[7]/CLR
                            (recovery check against rising-edge clock clk_out1_clk_wiz_0  {rise@0.000ns fall@15.152ns period=30.303ns})
  Path Group:             (none)
  Path Type:              Recovery (Max at Slow Process Corner)
  Data Path Delay:        7.840ns  (logic 0.124ns (1.582%)  route 7.716ns (98.418%))
  Logic Levels:           1  (LUT2=1)
  Clock Uncertainty:      0.430ns  ((TSJ^2 + DJ^2)^1/2) / 2 + PE
    Total System Jitter     (TSJ):    0.050ns
    Discrete Jitter          (DJ):    0.333ns
    Phase Error              (PE):    0.262ns

    Location             Delay type                Incr(ns)  Path(ns)    Netlist Resource(s)
  -------------------------------------------------------------------    -------------------
    PLLE2_ADV_X0Y0       PLLE2_ADV                    0.000     0.000 r  clk_wiz_0_inst/inst/plle2_adv_inst/LOCKED
                         net (fo=1, routed)           5.040     5.040    lcd_pic_inst/locked
    SLICE_X102Y87        LUT2 (Prop_lut2_I1_O)        0.124     5.164 f  lcd_pic_inst/FSM_onehot_state[2]_i_2/O
                         net (fo=75, routed)          2.676     7.840    lcd_pic_inst/sys_rst_n
    SLICE_X106Y99        FDCE                                         f  lcd_pic_inst/box_x_reg[7]/CLR
  -------------------------------------------------------------------    -------------------

                         (clock clk_out1_clk_wiz_0 rise edge)
                                                      0.000     0.000 r  
    Y9                                                0.000     0.000 r  sys_clk (IN)
                         net (fo=0)                   0.000     0.000    clk_wiz_0_inst/inst/clk_in1
    Y9                   IBUF (Prop_ibuf_I_O)         1.420     1.420 r  clk_wiz_0_inst/inst/clkin1_ibufg/O
                         net (fo=1, routed)           1.181     2.601    clk_wiz_0_inst/inst/clk_in1_clk_wiz_0
    PLLE2_ADV_X0Y0       PLLE2_ADV (Prop_plle2_adv_CLKIN1_CLKOUT0)
                                                     -7.970    -5.369 r  clk_wiz_0_inst/inst/plle2_adv_inst/CLKOUT0
                         net (fo=1, routed)           1.686    -3.683    clk_wiz_0_inst/inst/clk_out1_clk_wiz_0
    BUFGCTRL_X0Y0        BUFG (Prop_bufg_I_O)         0.091    -3.592 r  clk_wiz_0_inst/inst/clkout1_buf/O
                         net (fo=76, routed)          1.687    -1.905    lcd_pic_inst/clk_out1
    SLICE_X106Y99        FDCE                                         r  lcd_pic_inst/box_x_reg[7]/C





Min Delay Paths
--------------------------------------------------------------------------------------
Slack:                    inf
  Source:                 sw[0]
                            (input port)
  Destination:            lcd_pic_inst/buttonLeftPushed_reg/D
                            (rising edge-triggered cell FDCE clocked by clk_out1_clk_wiz_0  {rise@0.000ns fall@15.152ns period=30.303ns})
  Path Group:             (none)
  Path Type:              Hold (Min at Fast Process Corner)
  Data Path Delay:        0.979ns  (logic 0.261ns (26.690%)  route 0.717ns (73.310%))
  Logic Levels:           2  (IBUF=1 LUT2=1)
  Clock Path Skew:        -0.258ns (DCD - SCD - CPR)
    Destination Clock Delay (DCD):    -0.258ns
    Source Clock Delay      (SCD):    0.000ns
    Clock Pessimism Removal (CPR):    -0.000ns

    Location             Delay type                Incr(ns)  Path(ns)    Netlist Resource(s)
  -------------------------------------------------------------------    -------------------
    P16                                               0.000     0.000 r  sw[0] (IN)
                         net (fo=0)                   0.000     0.000    sw[0]
    P16                  IBUF (Prop_ibuf_I_O)         0.216     0.216 r  sw_IBUF[0]_inst/O
                         net (fo=2, routed)           0.717     0.934    lcd_pic_inst/sw_IBUF[0]
    SLICE_X111Y87        LUT2 (Prop_lut2_I0_O)        0.045     0.979 r  lcd_pic_inst/buttonLeftPushed_i_1/O
                         net (fo=1, routed)           0.000     0.979    lcd_pic_inst/buttonLeftPushed_i_1_n_0
    SLICE_X111Y87        FDCE                                         r  lcd_pic_inst/buttonLeftPushed_reg/D
  -------------------------------------------------------------------    -------------------

                         (clock clk_out1_clk_wiz_0 rise edge)
                                                      0.000     0.000 r  
    Y9                                                0.000     0.000 r  sys_clk (IN)
                         net (fo=0)                   0.000     0.000    clk_wiz_0_inst/inst/clk_in1
    Y9                   IBUF (Prop_ibuf_I_O)         0.446     0.446 r  clk_wiz_0_inst/inst/clkin1_ibufg/O
                         net (fo=1, routed)           0.481     0.927    clk_wiz_0_inst/inst/clk_in1_clk_wiz_0
    PLLE2_ADV_X0Y0       PLLE2_ADV (Prop_plle2_adv_CLKIN1_CLKOUT0)
                                                     -2.700    -1.773 r  clk_wiz_0_inst/inst/plle2_adv_inst/CLKOUT0
                         net (fo=1, routed)           0.580    -1.193    clk_wiz_0_inst/inst/clk_out1_clk_wiz_0
    BUFGCTRL_X0Y0        BUFG (Prop_bufg_I_O)         0.029    -1.164 r  clk_wiz_0_inst/inst/clkout1_buf/O
                         net (fo=76, routed)          0.906    -0.258    lcd_pic_inst/clk_out1
    SLICE_X111Y87        FDCE                                         r  lcd_pic_inst/buttonLeftPushed_reg/C

Slack:                    inf
  Source:                 sw[0]
                            (input port)
  Destination:            lcd_pic_inst/buttonRightPushed_reg/D
                            (rising edge-triggered cell FDCE clocked by clk_out1_clk_wiz_0  {rise@0.000ns fall@15.152ns period=30.303ns})
  Path Group:             (none)
  Path Type:              Hold (Min at Fast Process Corner)
  Data Path Delay:        0.982ns  (logic 0.264ns (26.914%)  route 0.717ns (73.086%))
  Logic Levels:           2  (IBUF=1 LUT2=1)
  Clock Path Skew:        -0.258ns (DCD - SCD - CPR)
    Destination Clock Delay (DCD):    -0.258ns
    Source Clock Delay      (SCD):    0.000ns
    Clock Pessimism Removal (CPR):    -0.000ns

    Location             Delay type                Incr(ns)  Path(ns)    Netlist Resource(s)
  -------------------------------------------------------------------    -------------------
    P16                                               0.000     0.000 f  sw[0] (IN)
                         net (fo=0)                   0.000     0.000    sw[0]
    P16                  IBUF (Prop_ibuf_I_O)         0.216     0.216 f  sw_IBUF[0]_inst/O
                         net (fo=2, routed)           0.717     0.934    lcd_pic_inst/sw_IBUF[0]
    SLICE_X111Y87        LUT2 (Prop_lut2_I1_O)        0.048     0.982 r  lcd_pic_inst/buttonRightPushed_i_1/O
                         net (fo=1, routed)           0.000     0.982    lcd_pic_inst/buttonRightPushed_i_1_n_0
    SLICE_X111Y87        FDCE                                         r  lcd_pic_inst/buttonRightPushed_reg/D
  -------------------------------------------------------------------    -------------------

                         (clock clk_out1_clk_wiz_0 rise edge)
                                                      0.000     0.000 r  
    Y9                                                0.000     0.000 r  sys_clk (IN)
                         net (fo=0)                   0.000     0.000    clk_wiz_0_inst/inst/clk_in1
    Y9                   IBUF (Prop_ibuf_I_O)         0.446     0.446 r  clk_wiz_0_inst/inst/clkin1_ibufg/O
                         net (fo=1, routed)           0.481     0.927    clk_wiz_0_inst/inst/clk_in1_clk_wiz_0
    PLLE2_ADV_X0Y0       PLLE2_ADV (Prop_plle2_adv_CLKIN1_CLKOUT0)
                                                     -2.700    -1.773 r  clk_wiz_0_inst/inst/plle2_adv_inst/CLKOUT0
                         net (fo=1, routed)           0.580    -1.193    clk_wiz_0_inst/inst/clk_out1_clk_wiz_0
    BUFGCTRL_X0Y0        BUFG (Prop_bufg_I_O)         0.029    -1.164 r  clk_wiz_0_inst/inst/clkout1_buf/O
                         net (fo=76, routed)          0.906    -0.258    lcd_pic_inst/clk_out1
    SLICE_X111Y87        FDCE                                         r  lcd_pic_inst/buttonRightPushed_reg/C

Slack:                    inf
  Source:                 sys_rst_n
                            (input port)
  Destination:            lcd_pic_inst/clk_div_reg[1]/CLR
                            (removal check against rising-edge clock clk_out1_clk_wiz_0  {rise@0.000ns fall@15.152ns period=30.303ns})
  Path Group:             (none)
  Path Type:              Removal (Min at Fast Process Corner)
  Data Path Delay:        1.416ns  (logic 0.300ns (21.155%)  route 1.117ns (78.845%))
  Logic Levels:           2  (IBUF=1 LUT2=1)
  Clock Path Skew:        -0.286ns (DCD - SCD - CPR)
    Destination Clock Delay (DCD):    -0.286ns
    Source Clock Delay      (SCD):    0.000ns
    Clock Pessimism Removal (CPR):    -0.000ns

    Location             Delay type                Incr(ns)  Path(ns)    Netlist Resource(s)
  -------------------------------------------------------------------    -------------------
    F22                                               0.000     0.000 r  sys_rst_n (IN)
                         net (fo=0)                   0.000     0.000    sys_rst_n
    F22                  IBUF (Prop_ibuf_I_O)         0.255     0.255 r  sys_rst_n_IBUF_inst/O
                         net (fo=2, routed)           0.883     1.138    lcd_pic_inst/sys_rst_n_IBUF
    SLICE_X102Y87        LUT2 (Prop_lut2_I0_O)        0.045     1.183 f  lcd_pic_inst/FSM_onehot_state[2]_i_2/O
                         net (fo=75, routed)          0.233     1.416    lcd_pic_inst/sys_rst_n
    SLICE_X103Y89        FDCE                                         f  lcd_pic_inst/clk_div_reg[1]/CLR
  -------------------------------------------------------------------    -------------------

                         (clock clk_out1_clk_wiz_0 rise edge)
                                                      0.000     0.000 r  
    Y9                                                0.000     0.000 r  sys_clk (IN)
                         net (fo=0)                   0.000     0.000    clk_wiz_0_inst/inst/clk_in1
    Y9                   IBUF (Prop_ibuf_I_O)         0.446     0.446 r  clk_wiz_0_inst/inst/clkin1_ibufg/O
                         net (fo=1, routed)           0.481     0.927    clk_wiz_0_inst/inst/clk_in1_clk_wiz_0
    PLLE2_ADV_X0Y0       PLLE2_ADV (Prop_plle2_adv_CLKIN1_CLKOUT0)
                                                     -2.700    -1.773 r  clk_wiz_0_inst/inst/plle2_adv_inst/CLKOUT0
                         net (fo=1, routed)           0.580    -1.193    clk_wiz_0_inst/inst/clk_out1_clk_wiz_0
    BUFGCTRL_X0Y0        BUFG (Prop_bufg_I_O)         0.029    -1.164 r  clk_wiz_0_inst/inst/clkout1_buf/O
                         net (fo=76, routed)          0.878    -0.286    lcd_pic_inst/clk_out1
    SLICE_X103Y89        FDCE                                         r  lcd_pic_inst/clk_div_reg[1]/C

Slack:                    inf
  Source:                 sys_rst_n
                            (input port)
  Destination:            lcd_pic_inst/clk_div_reg[2]/CLR
                            (removal check against rising-edge clock clk_out1_clk_wiz_0  {rise@0.000ns fall@15.152ns period=30.303ns})
  Path Group:             (none)
  Path Type:              Removal (Min at Fast Process Corner)
  Data Path Delay:        1.416ns  (logic 0.300ns (21.155%)  route 1.117ns (78.845%))
  Logic Levels:           2  (IBUF=1 LUT2=1)
  Clock Path Skew:        -0.286ns (DCD - SCD - CPR)
    Destination Clock Delay (DCD):    -0.286ns
    Source Clock Delay      (SCD):    0.000ns
    Clock Pessimism Removal (CPR):    -0.000ns

    Location             Delay type                Incr(ns)  Path(ns)    Netlist Resource(s)
  -------------------------------------------------------------------    -------------------
    F22                                               0.000     0.000 r  sys_rst_n (IN)
                         net (fo=0)                   0.000     0.000    sys_rst_n
    F22                  IBUF (Prop_ibuf_I_O)         0.255     0.255 r  sys_rst_n_IBUF_inst/O
                         net (fo=2, routed)           0.883     1.138    lcd_pic_inst/sys_rst_n_IBUF
    SLICE_X102Y87        LUT2 (Prop_lut2_I0_O)        0.045     1.183 f  lcd_pic_inst/FSM_onehot_state[2]_i_2/O
                         net (fo=75, routed)          0.233     1.416    lcd_pic_inst/sys_rst_n
    SLICE_X103Y89        FDCE                                         f  lcd_pic_inst/clk_div_reg[2]/CLR
  -------------------------------------------------------------------    -------------------

                         (clock clk_out1_clk_wiz_0 rise edge)
                                                      0.000     0.000 r  
    Y9                                                0.000     0.000 r  sys_clk (IN)
                         net (fo=0)                   0.000     0.000    clk_wiz_0_inst/inst/clk_in1
    Y9                   IBUF (Prop_ibuf_I_O)         0.446     0.446 r  clk_wiz_0_inst/inst/clkin1_ibufg/O
                         net (fo=1, routed)           0.481     0.927    clk_wiz_0_inst/inst/clk_in1_clk_wiz_0
    PLLE2_ADV_X0Y0       PLLE2_ADV (Prop_plle2_adv_CLKIN1_CLKOUT0)
                                                     -2.700    -1.773 r  clk_wiz_0_inst/inst/plle2_adv_inst/CLKOUT0
                         net (fo=1, routed)           0.580    -1.193    clk_wiz_0_inst/inst/clk_out1_clk_wiz_0
    BUFGCTRL_X0Y0        BUFG (Prop_bufg_I_O)         0.029    -1.164 r  clk_wiz_0_inst/inst/clkout1_buf/O
                         net (fo=76, routed)          0.878    -0.286    lcd_pic_inst/clk_out1
    SLICE_X103Y89        FDCE                                         r  lcd_pic_inst/clk_div_reg[2]/C

Slack:                    inf
  Source:                 sys_rst_n
                            (input port)
  Destination:            lcd_pic_inst/clk_div_reg[3]/CLR
                            (removal check against rising-edge clock clk_out1_clk_wiz_0  {rise@0.000ns fall@15.152ns period=30.303ns})
  Path Group:             (none)
  Path Type:              Removal (Min at Fast Process Corner)
  Data Path Delay:        1.416ns  (logic 0.300ns (21.155%)  route 1.117ns (78.845%))
  Logic Levels:           2  (IBUF=1 LUT2=1)
  Clock Path Skew:        -0.286ns (DCD - SCD - CPR)
    Destination Clock Delay (DCD):    -0.286ns
    Source Clock Delay      (SCD):    0.000ns
    Clock Pessimism Removal (CPR):    -0.000ns

    Location             Delay type                Incr(ns)  Path(ns)    Netlist Resource(s)
  -------------------------------------------------------------------    -------------------
    F22                                               0.000     0.000 r  sys_rst_n (IN)
                         net (fo=0)                   0.000     0.000    sys_rst_n
    F22                  IBUF (Prop_ibuf_I_O)         0.255     0.255 r  sys_rst_n_IBUF_inst/O
                         net (fo=2, routed)           0.883     1.138    lcd_pic_inst/sys_rst_n_IBUF
    SLICE_X102Y87        LUT2 (Prop_lut2_I0_O)        0.045     1.183 f  lcd_pic_inst/FSM_onehot_state[2]_i_2/O
                         net (fo=75, routed)          0.233     1.416    lcd_pic_inst/sys_rst_n
    SLICE_X103Y89        FDCE                                         f  lcd_pic_inst/clk_div_reg[3]/CLR
  -------------------------------------------------------------------    -------------------

                         (clock clk_out1_clk_wiz_0 rise edge)
                                                      0.000     0.000 r  
    Y9                                                0.000     0.000 r  sys_clk (IN)
                         net (fo=0)                   0.000     0.000    clk_wiz_0_inst/inst/clk_in1
    Y9                   IBUF (Prop_ibuf_I_O)         0.446     0.446 r  clk_wiz_0_inst/inst/clkin1_ibufg/O
                         net (fo=1, routed)           0.481     0.927    clk_wiz_0_inst/inst/clk_in1_clk_wiz_0
    PLLE2_ADV_X0Y0       PLLE2_ADV (Prop_plle2_adv_CLKIN1_CLKOUT0)
                                                     -2.700    -1.773 r  clk_wiz_0_inst/inst/plle2_adv_inst/CLKOUT0
                         net (fo=1, routed)           0.580    -1.193    clk_wiz_0_inst/inst/clk_out1_clk_wiz_0
    BUFGCTRL_X0Y0        BUFG (Prop_bufg_I_O)         0.029    -1.164 r  clk_wiz_0_inst/inst/clkout1_buf/O
                         net (fo=76, routed)          0.878    -0.286    lcd_pic_inst/clk_out1
    SLICE_X103Y89        FDCE                                         r  lcd_pic_inst/clk_div_reg[3]/C

Slack:                    inf
  Source:                 sys_rst_n
                            (input port)
  Destination:            lcd_pic_inst/clk_div_reg[4]/CLR
                            (removal check against rising-edge clock clk_out1_clk_wiz_0  {rise@0.000ns fall@15.152ns period=30.303ns})
  Path Group:             (none)
  Path Type:              Removal (Min at Fast Process Corner)
  Data Path Delay:        1.416ns  (logic 0.300ns (21.155%)  route 1.117ns (78.845%))
  Logic Levels:           2  (IBUF=1 LUT2=1)
  Clock Path Skew:        -0.286ns (DCD - SCD - CPR)
    Destination Clock Delay (DCD):    -0.286ns
    Source Clock Delay      (SCD):    0.000ns
    Clock Pessimism Removal (CPR):    -0.000ns

    Location             Delay type                Incr(ns)  Path(ns)    Netlist Resource(s)
  -------------------------------------------------------------------    -------------------
    F22                                               0.000     0.000 r  sys_rst_n (IN)
                         net (fo=0)                   0.000     0.000    sys_rst_n
    F22                  IBUF (Prop_ibuf_I_O)         0.255     0.255 r  sys_rst_n_IBUF_inst/O
                         net (fo=2, routed)           0.883     1.138    lcd_pic_inst/sys_rst_n_IBUF
    SLICE_X102Y87        LUT2 (Prop_lut2_I0_O)        0.045     1.183 f  lcd_pic_inst/FSM_onehot_state[2]_i_2/O
                         net (fo=75, routed)          0.233     1.416    lcd_pic_inst/sys_rst_n
    SLICE_X103Y89        FDCE                                         f  lcd_pic_inst/clk_div_reg[4]/CLR
  -------------------------------------------------------------------    -------------------

                         (clock clk_out1_clk_wiz_0 rise edge)
                                                      0.000     0.000 r  
    Y9                                                0.000     0.000 r  sys_clk (IN)
                         net (fo=0)                   0.000     0.000    clk_wiz_0_inst/inst/clk_in1
    Y9                   IBUF (Prop_ibuf_I_O)         0.446     0.446 r  clk_wiz_0_inst/inst/clkin1_ibufg/O
                         net (fo=1, routed)           0.481     0.927    clk_wiz_0_inst/inst/clk_in1_clk_wiz_0
    PLLE2_ADV_X0Y0       PLLE2_ADV (Prop_plle2_adv_CLKIN1_CLKOUT0)
                                                     -2.700    -1.773 r  clk_wiz_0_inst/inst/plle2_adv_inst/CLKOUT0
                         net (fo=1, routed)           0.580    -1.193    clk_wiz_0_inst/inst/clk_out1_clk_wiz_0
    BUFGCTRL_X0Y0        BUFG (Prop_bufg_I_O)         0.029    -1.164 r  clk_wiz_0_inst/inst/clkout1_buf/O
                         net (fo=76, routed)          0.878    -0.286    lcd_pic_inst/clk_out1
    SLICE_X103Y89        FDCE                                         r  lcd_pic_inst/clk_div_reg[4]/C

Slack:                    inf
  Source:                 sys_rst_n
                            (input port)
  Destination:            lcd_pic_inst/clk_div_reg[5]/CLR
                            (removal check against rising-edge clock clk_out1_clk_wiz_0  {rise@0.000ns fall@15.152ns period=30.303ns})
  Path Group:             (none)
  Path Type:              Removal (Min at Fast Process Corner)
  Data Path Delay:        1.479ns  (logic 0.300ns (20.250%)  route 1.180ns (79.750%))
  Logic Levels:           2  (IBUF=1 LUT2=1)
  Clock Path Skew:        -0.285ns (DCD - SCD - CPR)
    Destination Clock Delay (DCD):    -0.285ns
    Source Clock Delay      (SCD):    0.000ns
    Clock Pessimism Removal (CPR):    -0.000ns

    Location             Delay type                Incr(ns)  Path(ns)    Netlist Resource(s)
  -------------------------------------------------------------------    -------------------
    F22                                               0.000     0.000 r  sys_rst_n (IN)
                         net (fo=0)                   0.000     0.000    sys_rst_n
    F22                  IBUF (Prop_ibuf_I_O)         0.255     0.255 r  sys_rst_n_IBUF_inst/O
                         net (fo=2, routed)           0.883     1.138    lcd_pic_inst/sys_rst_n_IBUF
    SLICE_X102Y87        LUT2 (Prop_lut2_I0_O)        0.045     1.183 f  lcd_pic_inst/FSM_onehot_state[2]_i_2/O
                         net (fo=75, routed)          0.297     1.479    lcd_pic_inst/sys_rst_n
    SLICE_X103Y90        FDCE                                         f  lcd_pic_inst/clk_div_reg[5]/CLR
  -------------------------------------------------------------------    -------------------

                         (clock clk_out1_clk_wiz_0 rise edge)
                                                      0.000     0.000 r  
    Y9                                                0.000     0.000 r  sys_clk (IN)
                         net (fo=0)                   0.000     0.000    clk_wiz_0_inst/inst/clk_in1
    Y9                   IBUF (Prop_ibuf_I_O)         0.446     0.446 r  clk_wiz_0_inst/inst/clkin1_ibufg/O
                         net (fo=1, routed)           0.481     0.927    clk_wiz_0_inst/inst/clk_in1_clk_wiz_0
    PLLE2_ADV_X0Y0       PLLE2_ADV (Prop_plle2_adv_CLKIN1_CLKOUT0)
                                                     -2.700    -1.773 r  clk_wiz_0_inst/inst/plle2_adv_inst/CLKOUT0
                         net (fo=1, routed)           0.580    -1.193    clk_wiz_0_inst/inst/clk_out1_clk_wiz_0
    BUFGCTRL_X0Y0        BUFG (Prop_bufg_I_O)         0.029    -1.164 r  clk_wiz_0_inst/inst/clkout1_buf/O
                         net (fo=76, routed)          0.879    -0.285    lcd_pic_inst/clk_out1
    SLICE_X103Y90        FDCE                                         r  lcd_pic_inst/clk_div_reg[5]/C

Slack:                    inf
  Source:                 sys_rst_n
                            (input port)
  Destination:            lcd_pic_inst/clk_div_reg[6]/CLR
                            (removal check against rising-edge clock clk_out1_clk_wiz_0  {rise@0.000ns fall@15.152ns period=30.303ns})
  Path Group:             (none)
  Path Type:              Removal (Min at Fast Process Corner)
  Data Path Delay:        1.479ns  (logic 0.300ns (20.250%)  route 1.180ns (79.750%))
  Logic Levels:           2  (IBUF=1 LUT2=1)
  Clock Path Skew:        -0.285ns (DCD - SCD - CPR)
    Destination Clock Delay (DCD):    -0.285ns
    Source Clock Delay      (SCD):    0.000ns
    Clock Pessimism Removal (CPR):    -0.000ns

    Location             Delay type                Incr(ns)  Path(ns)    Netlist Resource(s)
  -------------------------------------------------------------------    -------------------
    F22                                               0.000     0.000 r  sys_rst_n (IN)
                         net (fo=0)                   0.000     0.000    sys_rst_n
    F22                  IBUF (Prop_ibuf_I_O)         0.255     0.255 r  sys_rst_n_IBUF_inst/O
                         net (fo=2, routed)           0.883     1.138    lcd_pic_inst/sys_rst_n_IBUF
    SLICE_X102Y87        LUT2 (Prop_lut2_I0_O)        0.045     1.183 f  lcd_pic_inst/FSM_onehot_state[2]_i_2/O
                         net (fo=75, routed)          0.297     1.479    lcd_pic_inst/sys_rst_n
    SLICE_X103Y90        FDCE                                         f  lcd_pic_inst/clk_div_reg[6]/CLR
  -------------------------------------------------------------------    -------------------

                         (clock clk_out1_clk_wiz_0 rise edge)
                                                      0.000     0.000 r  
    Y9                                                0.000     0.000 r  sys_clk (IN)
                         net (fo=0)                   0.000     0.000    clk_wiz_0_inst/inst/clk_in1
    Y9                   IBUF (Prop_ibuf_I_O)         0.446     0.446 r  clk_wiz_0_inst/inst/clkin1_ibufg/O
                         net (fo=1, routed)           0.481     0.927    clk_wiz_0_inst/inst/clk_in1_clk_wiz_0
    PLLE2_ADV_X0Y0       PLLE2_ADV (Prop_plle2_adv_CLKIN1_CLKOUT0)
                                                     -2.700    -1.773 r  clk_wiz_0_inst/inst/plle2_adv_inst/CLKOUT0
                         net (fo=1, routed)           0.580    -1.193    clk_wiz_0_inst/inst/clk_out1_clk_wiz_0
    BUFGCTRL_X0Y0        BUFG (Prop_bufg_I_O)         0.029    -1.164 r  clk_wiz_0_inst/inst/clkout1_buf/O
                         net (fo=76, routed)          0.879    -0.285    lcd_pic_inst/clk_out1
    SLICE_X103Y90        FDCE                                         r  lcd_pic_inst/clk_div_reg[6]/C

Slack:                    inf
  Source:                 sys_rst_n
                            (input port)
  Destination:            lcd_pic_inst/clk_div_reg[7]/CLR
                            (removal check against rising-edge clock clk_out1_clk_wiz_0  {rise@0.000ns fall@15.152ns period=30.303ns})
  Path Group:             (none)
  Path Type:              Removal (Min at Fast Process Corner)
  Data Path Delay:        1.479ns  (logic 0.300ns (20.250%)  route 1.180ns (79.750%))
  Logic Levels:           2  (IBUF=1 LUT2=1)
  Clock Path Skew:        -0.285ns (DCD - SCD - CPR)
    Destination Clock Delay (DCD):    -0.285ns
    Source Clock Delay      (SCD):    0.000ns
    Clock Pessimism Removal (CPR):    -0.000ns

    Location             Delay type                Incr(ns)  Path(ns)    Netlist Resource(s)
  -------------------------------------------------------------------    -------------------
    F22                                               0.000     0.000 r  sys_rst_n (IN)
                         net (fo=0)                   0.000     0.000    sys_rst_n
    F22                  IBUF (Prop_ibuf_I_O)         0.255     0.255 r  sys_rst_n_IBUF_inst/O
                         net (fo=2, routed)           0.883     1.138    lcd_pic_inst/sys_rst_n_IBUF
    SLICE_X102Y87        LUT2 (Prop_lut2_I0_O)        0.045     1.183 f  lcd_pic_inst/FSM_onehot_state[2]_i_2/O
                         net (fo=75, routed)          0.297     1.479    lcd_pic_inst/sys_rst_n
    SLICE_X103Y90        FDCE                                         f  lcd_pic_inst/clk_div_reg[7]/CLR
  -------------------------------------------------------------------    -------------------

                         (clock clk_out1_clk_wiz_0 rise edge)
                                                      0.000     0.000 r  
    Y9                                                0.000     0.000 r  sys_clk (IN)
                         net (fo=0)                   0.000     0.000    clk_wiz_0_inst/inst/clk_in1
    Y9                   IBUF (Prop_ibuf_I_O)         0.446     0.446 r  clk_wiz_0_inst/inst/clkin1_ibufg/O
                         net (fo=1, routed)           0.481     0.927    clk_wiz_0_inst/inst/clk_in1_clk_wiz_0
    PLLE2_ADV_X0Y0       PLLE2_ADV (Prop_plle2_adv_CLKIN1_CLKOUT0)
                                                     -2.700    -1.773 r  clk_wiz_0_inst/inst/plle2_adv_inst/CLKOUT0
                         net (fo=1, routed)           0.580    -1.193    clk_wiz_0_inst/inst/clk_out1_clk_wiz_0
    BUFGCTRL_X0Y0        BUFG (Prop_bufg_I_O)         0.029    -1.164 r  clk_wiz_0_inst/inst/clkout1_buf/O
                         net (fo=76, routed)          0.879    -0.285    lcd_pic_inst/clk_out1
    SLICE_X103Y90        FDCE                                         r  lcd_pic_inst/clk_div_reg[7]/C

Slack:                    inf
  Source:                 sys_rst_n
                            (input port)
  Destination:            lcd_pic_inst/clk_div_reg[8]/CLR
                            (removal check against rising-edge clock clk_out1_clk_wiz_0  {rise@0.000ns fall@15.152ns period=30.303ns})
  Path Group:             (none)
  Path Type:              Removal (Min at Fast Process Corner)
  Data Path Delay:        1.479ns  (logic 0.300ns (20.250%)  route 1.180ns (79.750%))
  Logic Levels:           2  (IBUF=1 LUT2=1)
  Clock Path Skew:        -0.285ns (DCD - SCD - CPR)
    Destination Clock Delay (DCD):    -0.285ns
    Source Clock Delay      (SCD):    0.000ns
    Clock Pessimism Removal (CPR):    -0.000ns

    Location             Delay type                Incr(ns)  Path(ns)    Netlist Resource(s)
  -------------------------------------------------------------------    -------------------
    F22                                               0.000     0.000 r  sys_rst_n (IN)
                         net (fo=0)                   0.000     0.000    sys_rst_n
    F22                  IBUF (Prop_ibuf_I_O)         0.255     0.255 r  sys_rst_n_IBUF_inst/O
                         net (fo=2, routed)           0.883     1.138    lcd_pic_inst/sys_rst_n_IBUF
    SLICE_X102Y87        LUT2 (Prop_lut2_I0_O)        0.045     1.183 f  lcd_pic_inst/FSM_onehot_state[2]_i_2/O
                         net (fo=75, routed)          0.297     1.479    lcd_pic_inst/sys_rst_n
    SLICE_X103Y90        FDCE                                         f  lcd_pic_inst/clk_div_reg[8]/CLR
  -------------------------------------------------------------------    -------------------

                         (clock clk_out1_clk_wiz_0 rise edge)
                                                      0.000     0.000 r  
    Y9                                                0.000     0.000 r  sys_clk (IN)
                         net (fo=0)                   0.000     0.000    clk_wiz_0_inst/inst/clk_in1
    Y9                   IBUF (Prop_ibuf_I_O)         0.446     0.446 r  clk_wiz_0_inst/inst/clkin1_ibufg/O
                         net (fo=1, routed)           0.481     0.927    clk_wiz_0_inst/inst/clk_in1_clk_wiz_0
    PLLE2_ADV_X0Y0       PLLE2_ADV (Prop_plle2_adv_CLKIN1_CLKOUT0)
                                                     -2.700    -1.773 r  clk_wiz_0_inst/inst/plle2_adv_inst/CLKOUT0
                         net (fo=1, routed)           0.580    -1.193    clk_wiz_0_inst/inst/clk_out1_clk_wiz_0
    BUFGCTRL_X0Y0        BUFG (Prop_bufg_I_O)         0.029    -1.164 r  clk_wiz_0_inst/inst/clkout1_buf/O
                         net (fo=76, routed)          0.879    -0.285    lcd_pic_inst/clk_out1
    SLICE_X103Y90        FDCE                                         r  lcd_pic_inst/clk_div_reg[8]/C





